id	hash	time	median_time	size	stripped_size	weight	version	version_hex	version_bits	merkle_root	nonce	bits	difficulty	chainwork	coinbase_data_hex	transaction_count	witness_count	input_count	output_count	input_total	input_total_usd	output_total	output_total_usd	fee_total	fee_total_usd	fee_per_kb	fee_per_kb_usd	fee_per_kwu	fee_per_kwu_usd	cdd_total	generation	generation_usd	reward	reward_usd	guessed_miner
516040	000000000000000000186823d91a45fb56ed0e744667372d58c0e7824fdb90d5	2018-04-01 00:10:31	2018-03-31 22:25:35	952428	785073	3307647	536870912	20000000	100000000000000000000000000000	dae81bc9fb06fd010a4c0e94ccc70d4efca14770c8d3b1349556c576e6840bd0	2038983588	391203401	3462542391191.6	0000000000000000000000000000000000000000016518794874a9c4d92d695b	03c8df072cfabe6d6d28eca4fa20b8bb4291faa6f7621d65b2d343e39d45483200cb0e8a130d6eb7d004000000f09f909f0e4d696e6564206279206364627463000000000000000000000000000000000000000000000000000000000000000000000000	1963	707	4734	4704	535207041897	37532732	536457041897	37620392	31473144	2207.1328	33057.7	2.3183	9514.63	0.6673	25123.43883673	1250000000	87659.375	1281473144	89866.5078	F2Pool
516041	00000000000000000014c302999ad3acd40d82ce1a25da5169ebf81d6c2d056b	2018-04-01 00:15:10	2018-03-31 22:40:49	138837	113962	480723	536870912	20000000	100000000000000000000000000000	131367676ef4c650a38652d8c4121034c3f2eedff9f574ad7405e38f0055f25e	3103360577	391203401	3462542391191.6	000000000000000000000000000000000000000001651b9f7b36d41e939a86be	03c9df071e2f5669614254432f4d696e65642062792078696e6a69616e67313030302f2cfabe6d6d3b553fc62ca90edd9766f45ee8f159fdb8157e32e13af3bd6ae8e106619dab4c01000000000000001025a4c900d0f2cf76bd0b7c5d41490200	384	133	623	962	221465430395	15530817	222715430395	15618476	2861807	200.6914	20664.5	1.4492	5965.38	0.4183	2934.3456847217	1250000000	87659.375	1252861807	87860.0625	ViaBTC
516042	00000000000000000016688c1712d3e8fa23c883186479b989d4241cc93e95aa	2018-04-01 00:27:32	2018-03-31 23:34:33	336040	336004	1344052	536870912	20000000	100000000000000000000000000000	99176cbb651e931bb4944f4ea8ba9c466d26f0d3cf290f0d9bcc4384da1ec573	2589016375	391203401	3462542391191.6	000000000000000000000000000000000000000001651ec5adf8fe784e07a421	03cadf0700047427c05a043119870b08fedbbdd16fb20200284d696e65642062792042572e434f4d290d2f425720506f6f6c2f4e59412f	663	1	1849	1493	159636213910	11194889	160886213910	11282548	12069184	846.3817	35948.6	2.521	8987.16	0.6302	1573.2637299004	1250000000	87659.375	1262069184	88505.7578	BW.COM
516043	000000000000000000306c059db49cdc58940b3353bf21cc098f15337003b90c	2018-04-01 00:40:01	2018-03-31 23:40:22	738980	559244	2416712	536870912	20000000	100000000000000000000000000000	e851dbebf8ec1560c1da22aef036e51c542f789874b91798c0a903561616d85e	373334109	391203401	3462542391191.6	0000000000000000000000000000000000000000016521ebe0bb28d20874c184	03cbdf0741d6b00a95af767241d6b00a953f9bb42f4254432e544f502ffabe6d6d1f58c6d15c969faf123718593b1c224ad40f532fb23a4b1905b34ed426b523868000000000000000fc001caf2c01000000000000	1416	835	3455	4213	676441364087	47437140	677691364087	47524800	12419402	870.9416	16813.8	1.1791	5137.69	0.3603	14611.387755394	1250000000	87659.375	1262419402	88530.3203	BTC.TOP
516044	000000000000000000202712f38c47ffb7c72798f4855b56fcd97e430da93731	2018-04-01 00:53:15	2018-03-31 23:45:33	487277	397714	1680419	536870912	20000000	100000000000000000000000000000	db443edea23b4c3107dc6bbb1d2fd5d79cbc56933ac9f61b62c294376175e8e2	1358224005	391203401	3462542391191.6	000000000000000000000000000000000000000001652512137d532bc2e1dee7	03ccdf07047c2dc05a642f4254432e434f4d2ffabe6d6d1a95308ab22d7f76f896536c46e25f3d9825d10af7e76ed266506cdf14be26a801000000000000002d02b7e72b42000000000000	1096	387	2319	2570	818496637458	57399124	819746637458	57486784	10680923	749.0264	21934.3	1.5382	6357.5	0.4458	51624.145221264	1250000000	87659.375	1260680923	88408.3984	BTC.com
516045	00000000000000000009af540554867dbd20c77fddd9347a40805a6c0912c90d	2018-04-01 01:06:55	2018-04-01 00:10:31	488809	418751	1745062	536870912	20000000	100000000000000000000000000000	673b62df6efd544e37cdf10ba2daaee56381f29b980d8bb5e4a50f13c7a7ef2b	3964581982	391203401	3462542391191.6	000000000000000000000000000000000000000001652838463f7d857d4efc4a	03cddf0704b030c05a652f4254432e434f4d2ffabe6d6d66f6702cc1e768090bae53032176a7ed9da221dfaaae01df1844daca17dae4070100000000000000054b9541000000c98c280100	998	370	1826	5044	444307875718	31158200	445557875718	31245860	9884477	693.1736	20235	1.419	5665.43	0.3973	15392.288039397	1250000000	87659.375	1259884477	88352.5469	BTC.com
516046	0000000000000000003a8dcc1a8f4e94f0f695352e6c713856eb2ad239d0fd63	2018-04-01 01:19:12	2018-04-01 00:15:10	400768	347791	1444141	536870912	20000000	100000000000000000000000000000	e22bc6e52b7cb5c3d50f3e58b20718a63797e30f2a7692a019b3fcc472012f6d	2783950446	391203401	3462542391191.6	000000000000000000000000000000000000000001652b5e7901a7df37bc19ad	03cedf07184d696e656420627920416e74506f6f6c313649205ac03390fabe6d6d6fd494169d72c035841d539eb01257e0deea15e32916b45075240be0c04d12360400000000000000633f0000b3600100	827	291	1516	4224	361009114364	25316666	362259114364	25404326	7385880	517.9533	18444.6	1.2935	5116.46	0.3588	6272.3864542801	1250000000	87659.375	1257385880	88177.3281	AntPool
516047	000000000000000000078a97c1421229078537d1aae0765e547a7aecd5be3807	2018-04-01 01:22:40	2018-04-01 00:27:32	149210	119933	509009	536870912	20000000	100000000000000000000000000000	29a3bf44c9e84854550dd7530144bddeee162ba8ba2652c649d4bb17d9cd90cd	1908543972	391203401	3462542391191.6	000000000000000000000000000000000000000001652e84abc3d238f2293710	03cfdf0741d6b00d18639fe041d6b00d17bf25662f45324d2026204254432e544f502ffabe6d6d1660943a84398f59c2ea4f5878ed8e2fc97ac43db5ed891d2fb558024f08f75e8000000000000000e600e156e89255d500000000	363	125	680	868	78284174029	5489873.5	79534174029	5577533	2393053	167.8188	16078.7	1.1276	4711.88	0.3304	471.6478047455	1250000000	87659.375	1252393053	87827.1953	Unknown
516048	00000000000000000043728c5eeea963abb09084a9c5fc9792ca074b506374b0	2018-04-01 01:30:30	2018-04-01 00:40:01	357897	322061	1324080	536870912	20000000	100000000000000000000000000000	377aac8e330c70a3a91619bdfa35f9c77ecfbe393089b6417c6c5a0cd3ff8204	1991933609	391203401	3462542391191.6	0000000000000000000000000000000000000000016531aade85fc92ac965473	03d0df07182f5669614254432f4d696e656420627920686a6e3838382f2cfabe6d6d3b199ff0c3b5b081d2a8bc539349191a112bb8608660c0a7609b4aa19b649449010000000000000010e9a34f047536f6280d2564b4d71549a2	588	204	1454	3472	136832267002	9595705	138082267002	9683364	8207473	575.5696	22954.4	1.6097	6202.45	0.4349	911.91493567358	1250000000	87659.375	1258207473	88234.9453	ViaBTC
516049	000000000000000000459adb01579fec53fca66f50dee4c3c476b143f4f78d26	2018-04-01 01:33:08	2018-04-01 00:53:15	151429	135949	559276	536870912	20000000	100000000000000000000000000000	d0f2702d5f5721ca1a26c08695b230fda09a2b1dd3281b43e48c48d16db2828c	3984502276	391203401	3462542391191.6	0000000000000000000000000000000000000000016534d1114826ec670371d6	03d1df0704d436c05a612f4254432e434f4d2ffabe6d6ddff225849149197ae9226108471e3a9d1410a2a774801551ead221d998314d66010000000000000068fd0d7853cc010000000000	218	70	647	1233	39061341704	2739274.25	40311341704	2826933.5	3538798	248.1671	23419.5	1.6423	6339.34	0.4445	537.03668288996	1250000000	87659.375	1253538798	87907.5391	BTC.com
516050	0000000000000000000cf95b6409b2a823d988f0a24833119e17a5f12579f0e6	2018-04-01 01:36:21	2018-04-01 01:06:55	259669	245952	997525	536870912	20000000	100000000000000000000000000000	63460fcf40a8ec96ec2aa5ef295604370c2cb96b382ea195b6e9d9047b5d9b15	3294196250	391203401	3462542391191.6	0000000000000000000000000000000000000000016537f7440a514621708f39	03d2df0700049537c05a0471d6eb030c2de3595ab3130000000000002cfabe6d6d96f548bbc0933553a22f3c10fd7741afe272c7fe1e1d967a446f25c8420d15b70100000000000000152f426974436c7562204e6574776f726b2f4e59412f	232	80	916	2917	744104257438	52182172	745354257438	52269832	4804434	336.9229	18526.7	1.2993	4821.71	0.3382	1043.7289528282	1250000000	87659.375	1254804434	87996.2969	BitClub Network
516051	0000000000000000004fd1a54f814cc42c1ec241415ce46a615d7418ead96ce4	2018-04-01 01:51:34	2018-04-01 01:19:12	727521	646823	2667990	536870912	20000000	100000000000000000000000000000	392212b1a645a73b03ba29af9e85c97d372ac79326a7862d0ef16228d2ab670f	243573313	391203401	3462542391191.6	000000000000000000000000000000000000000001653b1d76cc7b9fdbddac9c	03d3df0741d6b00ec29ea31041d6b00ec2080cca2f45324d2026204254432e544f502ffabe6d6dcc77944def9d8c6decbbaf7be983132ce980a1dc646fb48196311116d2cd8e6c8000000000000000e9002e2ec204006000000000	1141	348	3256	5488	338432065825	23733394	339682065825	23821054	12876353	902.9865	17708.1	1.2418	4827.52	0.3386	2765.1609720291	1250000000	87659.375	1262876353	88562.3594	Unknown
516052	00000000000000000033b75e39a1452174d12e16039da84c2d4b6100a5302311	2018-04-01 01:58:55	2018-04-01 01:22:40	378326	340572	1400042	536870912	20000000	100000000000000000000000000000	6a9854f47ea48c1c651d5c9bbb33270bfe2ebb23984f3122b150e5f67b61fdb2	4013217796	391203401	3462542391191.6	000000000000000000000000000000000000000001653e43a98ea5f9964ac9ff	03d4df072cfabe6d6dd54de86378f8519477ac512032c9389a8e892052b04cdbe34fbfe3661edc931804000000f09f909f134d696e6564206279207171797962623533323100000000000000000000000000000000000000000000000000000000000000	635	222	1151	5406	259974750388	18231380	261224750388	18319038	4950850	347.1907	13098.7	0.9186	3538.36	0.2481	3318.2166093854	1250000000	87659.375	1254950850	88006.5625	F2Pool
516053	00000000000000000050be9e6909977936b783a30b018acb43b062fe79677241	2018-04-01 02:16:13	2018-04-01 01:30:30	618490	525376	2194618	536870912	20000000	100000000000000000000000000000	6531f0bbcdefe8c6af6835cd76467c5e539f8fedc355491aefefa17f27351886	1879700901	391203401	3462542391191.6	000000000000000000000000000000000000000001654169dc50d05350b7e762	03d5df071a2f5669614254432f4d696e6564206279206b696d696e696e672f2cfabe6d6db3ce20ebfc0cf45c175c74b507984a44730e9f8a6aa100d91b35a920e78988a9010000000000000010ba9ed207d86af3c71330c986a4510100	1370	448	2908	3596	408133650285	28621392	409383650285	28709052	18124251	1271.0084	29320.3	2.0561	8259.73	0.5793	13944.719752131	1250000000	87659.375	1268124251	88930.3828	ViaBTC
516054	00000000000000000028aea9f673376db5fd7b15e4be9df9b5063a79ca0b499f	2018-04-01 02:26:58	2018-04-01 01:33:08	365098	327890	1348768	536870912	20000000	100000000000000000000000000000	74db85c9e103c33dabe601066f439c8f12fab485a1d5dbab9d259f7b67c6e546	2918172261	391203401	3462542391191.6	0000000000000000000000000000000000000000016544900f12faad0b2504c5	03d6df07174d696e656420627920416e74506f6f6c623f205ac0437236080000c2932300	727	196	1820	1930	285397927814	20014244	286647927814	20101902	7941738	556.9342	21769.5	1.5266	5890.89	0.4131	32230.136151959	1250000000	87659.375	1257941738	88216.3125	AntPool
516055	000000000000000000411b9415a4993fe8ce0483b65b0176a5e03f42e48246ec	2018-04-01 02:32:16	2018-04-01 01:36:21	289086	245064	1024278	536870912	20000000	100000000000000000000000000000	08ca1c382b55020c1f5d212aeed64697ef0a5b412abb9da99757b8bae9d5d658	889799852	391203401	3462542391191.6	0000000000000000000000000000000000000000016547b641d52506c5922228	03d7df07c85d0f760921651c9cf2a5e8dc322585996fe6ae06be7d3009464a48e2e7f29153813c1da6010000000000000000e15555d5963bcb6a580c0e9a2f425443432f2000000000000000000000000000000000000000000000000000000000000000	461	173	1420	1147	120715063220	8465446	121965063220	8553105	4882720	342.4129	16910.7	1.1859	4771.38	0.3346	3065.5238573468	1250000000	87659.375	1254882720	88001.7891	BTCC Pool
516056	000000000000000000370bf7d05f61ea999fa474358738a36828df4506c5b6db	2018-04-01 02:39:54	2018-04-01 01:51:34	402627	347904	1446339	536870912	20000000	100000000000000000000000000000	7b71f5835f25730a72bb974636543df0c87d2d539a8a8b3d11ee9c5fbcf4e8fe	3482733076	391203401	3462542391191.6	000000000000000000000000000000000000000001654adc74974f607fff3f8b	03d8df0741d6b0119ebd8ede41d6b0119e8b4ded2f4254432e544f502ffabe6d6d10ef76d533378022d43290b5a6610e46dc8e90c3cf11b8fe454502c63cbbe6848000000000000000c80063e7d629010000000000	550	182	1600	3695	200201669479	14039643	201451669479	14127302	7579403	531.5246	18840.6	1.3213	5243.49	0.3677	2931.6651118221	1250000000	87659.375	1257579403	88190.8984	BTC.TOP
516057	0000000000000000000fd9e0a1c2d3ba72259bceaf1438b1d02a811e83af9d3d	2018-04-01 02:50:15	2018-04-01 01:58:55	420682	318516	1376230	536870912	20000000	100000000000000000000000000000	9bf297a7c0ac56b4590474d1058003f5c1e4c10843dc5bdfd5315beab3e4a1a7	2488910958	391203401	3462542391191.6	000000000000000000000000000000000000000001654e02a75979ba3a6c5cee	03d9df07fabe6d6d4ad26c6e2eaf8e26633f33fe1dfcf316ca1505243bc7b58fb9254f62e4dd92ae010000000000000028650700cfc7c7fb4d01001b07062f736c7573682f	716	227	2087	1822	314200714174	22034110	315450714174	22121770	11554190	810.2665	27489.8	1.9278	8401.29	0.5891	14033.061860658	1250000000	87659.375	1261554190	88469.6406	SlushPool
516058	000000000000000000029fc2f81bf99464e3a9859b22ecb5a698ba5c59c6d797	2018-04-01 03:34:56	2018-04-01 02:16:13	1206175	930704	3998287	536870912	20000000	100000000000000000000000000000	7d9feb7095ad7b8e9c0b4d0e141869d3e433c40becbee8570c2f87b0c5797bc3	1906138642	391203401	3462542391191.6	000000000000000000000000000000000000000001655128da1ba413f4d97a51	03dadf072cfabe6d6d01e986c87b395287cff2032b2d0debfcfbb9bd83e07a53052e17c542c990ad2804000000f09f909f114d696e6564206279207a68616f79697969000000000000000000000000000000000000000000000000000000000000000000	2601	949	5388	6486	1761681919768	123542352	1762931919768	123630008	36081066	2530.2749	29922.6	2.0984	9022.59	0.6328	36774.092136392	1250000000	87659.375	1286081066	90189.6484	F2Pool
516059	00000000000000000033fd2bbca4ff654e51f579b9c67bfd49b0e577e8171506	2018-04-01 03:41:17	2018-04-01 02:26:58	484351	388610	1650181	536870912	20000000	100000000000000000000000000000	1662496709b799f7bfb09d996b7e7fa1f01a7c1fc9a9ea8af872e884ac3c53e8	1500620753	391203401	3462542391191.6	00000000000000000000000000000000000000000165544f0cddce6daf4697b4	03dbdf0704de54c05a642f4254432e434f4d2ffabe6d6da8c483932d61e75d93677b41b776613c576c3a6b4be627764035927ad19f63d90100000000000000026c6fa2bd66000000000000	787	277	2392	2099	239376273894	16786860	240626273894	16874520	5527065	387.5992	11419	0.8008	3350.68	0.235	14504.213740198	1250000000	87659.375	1255527065	88046.9766	BTC.com
516060	0000000000000000000ffb56721b959886a5318696d3fb9602518979b5132916	2018-04-01 03:50:29	2018-04-01 02:32:16	223383	208848	849927	536870912	20000000	100000000000000000000000000000	7d0c8d7046da00e78d996b32b2f216780d4a144e58b292dfecb2da28db1ae23e	1801691264	391203401	3462542391191.6	0000000000000000000000000000000000000000016557753f9ff8c769b3b517	03dcdf070004fa56c05a0453d66905080f2c9e5a000001be092f426974667572792f	281	48	1189	730	838000052223	58766848	839250052223	58854508	14988014	1051.0719	67181.3	4.7112	17654.6	1.2381	88508.42392959	1250000000	87659.375	1264988014	88710.4453	BitFury
516061	0000000000000000004b0b603b46ef071e53900e87e54fa15a98ff214924b595	2018-04-01 03:55:01	2018-04-01 02:39:54	285618	236668	995622	536870912	20000000	100000000000000000000000000000	b2ee85fa569e28bbe3c6df19e719fc75b6e11fa096af0dfe93f5036445078977	1419785316	391203401	3462542391191.6	000000000000000000000000000000000000000001655a9b726223212420d27a	03dddf07fabe6d6d92e7aeadf7746809979f10da6ebadc138f2cea7365c6ba9ed6f3fc45d29e07870100000000000000216508002ebfb2f12a0000c3a1012f736c7573682f	732	298	1294	1884	239721834677	16811092	240971834677	16898752	4067178	285.221	14258.5	0.9999	4087.98	0.2867	853.83417878437	1250000000	87659.375	1254067178	87944.5938	SlushPool
516062	00000000000000000019e358ed6739cc7d669826d17b19f071600a896d46f228	2018-04-01 03:57:16	2018-04-01 02:50:15	111746	93058	390920	536870912	20000000	100000000000000000000000000000	6425021453bdaedf605b5d34cbfeb50a88ec601f7586c2e8bc2512056ce7030e	2211178791	391203401	3462542391191.6	000000000000000000000000000000000000000001655dc1a5244d7ade8defdd	03dedf07049458c05a612f4254432e434f4d2ffabe6d6d5566aecfca84311434b70a55c623642b8cc6ae9802748448ee74388fab70777e010000000000000070047c43f42000a000000000	177	66	592	395	56799766886	3983225.75	58049766886	4070885	4323480	303.1949	38802.8	2.7212	11089.6	0.7777	3854.3683411993	1250000000	87659.375	1254323480	87962.5703	BTC.com
516063	0000000000000000001990a7f579f9312adfc6fb94311aeb02d85706ddc37df5	2018-04-01 03:57:49	2018-04-01 03:34:56	21441	17061	72624	536870912	20000000	100000000000000000000000000000	4dd7ef5a10728026c77d3febe0abc368fd0f36f979a1bc63008ab89cf2669992	1453781120	391203401	3462542391191.6	0000000000000000000000000000000000000000016560e7d7e677d498fb0d40	03dfdf0741d6b0162f78529641d6b0162f52468f2f45324d2026204254432e544f502ffabe6d6dbfc7bd61e1fe369b08dff74a95395c4cbd5e7468da408bf82e826468a10afd698000000000000000e90007ee066b000000000000	56	21	101	122	3434481403	240851.5938	4684481403	328510.9688	489899	34.3554	23254.3	1.6307	6872.88	0.482	1.373426908083	1250000000	87659.375	1250489899	87693.7266	Unknown
516064	00000000000000000039dad34a402f920b5bb3fbefd7fa8c97a9c2a786440b8a	2018-04-01 04:02:34	2018-04-01 03:41:17	206340	167975	710265	536870912	20000000	100000000000000000000000000000	7661fbee860bc08a288df7b169c63919b36eac6e7eee835c927f5e8be5a8118b	2330021404	391203401	3462542391191.6	00000000000000000000000000000000000000000165640e0aa8a22e53682aa3	03e0df0741d6b016777c5d9841d6b0167694dfaf2f4254432e544f502ffabe6d6d9088dda407b3f020fbb676f31fe999336d41d3418a8ad62f8f599fbfa71f02b78000000000000000e00024c0ac74120000000000	407	127	929	1298	216741340725	15199528	217991340725	15287188	3963298	277.9362	19238.9	1.3492	5587.9	0.3919	6741.8570892927	1250000000	87659.375	1253963298	87937.3125	BTC.TOP
516065	0000000000000000000e621142f28e36b8ebf453cfc13f7f334e3e5a499b1aae	2018-04-01 04:11:55	2018-04-01 03:50:29	277216	240581	998959	536870912	20000000	100000000000000000000000000000	3939a2de973d1364fe53f0787275a3a8114fd4fe329c12272c134622c5ee24cf	1590672498	391203401	3462542391191.6	0000000000000000000000000000000000000000016567343d6acc880dd54806	03e1df07174d696e656420627920416e74506f6f6c6b1b205ac05c0b6009000012b00100	648	213	1240	1936	301946308041	21174740	303196308041	21262400	7236316	507.4648	26130.6	1.8325	7247.97	0.5083	75244.959237621	1250000000	87659.375	1257236316	88166.8359	AntPool
516066	00000000000000000001d837b0ebb538f0b5a22e0abdf9b3ce3acc9777b96e6c	2018-04-01 04:14:23	2018-04-01 03:55:01	118014	91921	393777	536870912	20000000	100000000000000000000000000000	9665f7d774e5dad734d28c48b13e5bb11b16cdd37025387b70dfd4eef64386a9	3847055217	391203401	3462542391191.6	000000000000000000000000000000000000000001656a5a702cf6e1c8426569	03e2df07049f5cc05a612f4254432e434f4d2ffabe6d6d6bb1d3aa7bdcf9feccb277bbe6fe67bcb1d4b9f38a1fd716c61aff06011bfb7d010000000000000042010d502fdc000000000000	223	107	391	1253	104318958462	7315628	105568958462	7403287	2092342	146.7307	17778.4	1.2467	5326.68	0.3736	7403.5769665678	1250000000	87659.375	1252092342	87806.1094	BTC.com
516067	0000000000000000000d3e5c52c4a506019e8f0b64452cd18d2d14a17741c44f	2018-04-01 04:15:23	2018-04-01 03:57:16	29714	24720	103874	536870912	20000000	100000000000000000000000000000	7ce2dfd1c4efb1380ff0296aef81fedde959cf620caafb54b9b4db29b9dbb8d1	1557061592	391203401	3462542391191.6	000000000000000000000000000000000000000001656d80a2ef213b82af82cc	03e3df071d2f5669614254432f4d696e65642062792031383636353530363836382f2cfabe6d6d5e19cf2f5b55b2187374733292d55685d1608e3f7c05a18224627234f7bec50c01000000000000001033b0eb0389591a9774a897705b940200	80	30	139	182	23719081061	1663359.875	24969081061	1751019.25	1085047	76.0916	36945.3	2.5909	10568.9	0.7412	154.46400438503	1250000000	87659.375	1251085047	87735.4688	ViaBTC
516068	000000000000000000370b9252e09651a52b022bc7fb41267f62cc00f3b1350a	2018-04-01 04:21:21	2018-04-01 03:57:49	232222	204405	845437	536870912	20000000	100000000000000000000000000000	76a1d74b52a6a6633479f872bec7a65ba5e5ef92aa99c4d0d87ce0e46fa41e89	777971489	391203401	3462542391191.6	0000000000000000000000000000000000000000016570a6d5b14b953d1ca02f	03e4df072cfabe6d6d804edbcfd9ae90e50512fd2d53c539539d7c662b0623a12c81afb2d10c8d88b004000000f09f909f124d696e65642062792079616e67626974616f0000000000000000000000000000000000000000000000000000000000000000	458	128	1052	1368	971334155052	68117232	972584155052	68204896	9232812	647.474	39820.3	2.7925	10934.6	0.7668	5138.9113781132	1250000000	87659.375	1259232812	88306.8516	F2Pool
516069	0000000000000000004b2de23c913c6c4558438c714c2bbcb4e59fc2557a2798	2018-04-01 04:27:10	2018-04-01 04:02:34	131513	110653	463472	536870912	20000000	100000000000000000000000000000	e188a9ef09892ee806fb63ec97adbf63475c9aeafe10ecb6bfee7b060147bc30	1698547498	391203401	3462542391191.6	0000000000000000000000000000000000000000016573cd087375eef789bd92	03e5df07184d696e656420627920416e74506f6f6c31393a205ac05f9efabe6d6df778336ca4f73b827b97dade73e258fee306eb3baafc70edfeb935511b80ffa304000000000000008010000052c00200	307	91	642	648	61165774234	4289403	62415774234	4377062	2405773	168.7108	18339.3	1.2861	5202.26	0.3648	4684.8532130121	1250000000	87659.375	1252405773	87828.0859	AntPool
516070	00000000000000000039342d5024a2e489b3befa007b765e454a4ac8e67af7b7	2018-04-01 04:27:54	2018-04-01 04:11:55	74524	66230	273214	536870912	20000000	100000000000000000000000000000	df768fdcf90496fcd98bf2501af556328525361523604dbefdd028d400f680b0	847625477	391203401	3462542391191.6	0000000000000000000000000000000000000000016576f33b35a048b1f6daf5	03e6df07fabe6d6dfa208011a78ceabeed6038c5fb01aac76773987379b07ee158945400864e62f0010000000000000026650700afccfc04cb0100b2f9042f736c7573682f	105	44	351	481	26830295126	1881541.5	28080295126	1969200.875	681902	47.8201	9195.88	0.6449	2507.77	0.1759	2171.9081310009	1250000000	87659.375	1250681902	87707.1953	SlushPool
516071	00000000000000000001bb739a678943641c188db2b29534887e138d31a868ff	2018-04-01 04:57:43	2018-04-01 04:14:23	943532	763094	3232814	536870912	20000000	100000000000000000000000000000	229ecea46a11d06e5a5e808a3537027a97c5d561244ca9bf9c2e5eaff4d707e4	3828164528	391203401	3462542391191.6	000000000000000000000000000000000000000001657a196df7caa26c63f858	03e7df072cfabe6d6dd699ec93123c7f901c47e2ad420e7b3a40439cafb919061aef134f2427825fbe04000000f09f909f114d696e6564206279206e636137646b3530000000000000000000000000000000000000000000000000000000000000000000	1868	626	4374	5461	1606328615369	112647808	1607578615369	112735472	25258771	1771.3345	26780.7	1.8781	7813.32	0.5479	79895.731766138	1250000000	87659.375	1275258771	89430.7109	F2Pool
516072	0000000000000000002586ba0da9f6ebd81ae548f8f7bf2cc2c1ee2c336161f7	2018-04-01 05:02:22	2018-04-01 04:15:23	185696	165285	681551	536870912	20000000	100000000000000000000000000000	b43e53a61e60bc1a300262639df3a95d22049f638a201e0bf3cca342bb70f49f	1925776204	391203401	3462542391191.6	000000000000000000000000000000000000000001657d3fa0b9f4fc26d115bb	03e8df07174d696e656420627920416e74506f6f6c3617205ac067defabe6d6d28d45e37ed0e3d5a916b8b6dc5499e3956b4d47a88962721b39acc4194e30a1904000000000000001a0d0000e144efee	331	90	980	765	239939863598	16826382	241189863598	16914042	5904584	414.0737	31853.8	2.2338	8676.63	0.6085	5213.9389135354	1250000000	87659.375	1255904584	88073.4453	AntPool
516073	0000000000000000003ae0c07135c3d1a01c36242ca6fc0813598f8f44b4a8c8	2018-04-01 05:20:45	2018-04-01 04:21:21	515492	421362	1779578	536870912	20000000	100000000000000000000000000000	dc98531742703cecd3795a33f2a84f783e7c92cdcde200a079eb07524e358d4d	979084628	391203401	3462542391191.6	000000000000000000000000000000000000000001658065d37c1f55e13e331e	03e9df07192f5669614254432f4d696e65642062792079616f6a69616e2f2cfabe6d6d2f46a216a9da640ac0b1fe4ea13df320e5254cc244a37a9e5d28ec066b272e2c01000000000000001003a6960166a2eb498e0ca525a35555d5	1175	454	2299	3111	1056042096454	74057592	1057292096454	74145248	15997793	1121.8853	31054.7	2.1778	8991.38	0.6305	3397.9814930783	1250000000	87659.375	1265997793	88781.2578	ViaBTC
516074	0000000000000000001d7fb387bb38629d98b753ca8a17d7129fe4350c50b7c0	2018-04-01 05:21:09	2018-04-01 04:27:10	68754	64882	263400	536870912	20000000	100000000000000000000000000000	50399c9fe46ac3c67ebc417554114d09acd1985050b7f9c36f7e79e2cbdbcb27	1260346461	391203401	3462542391191.6	00000000000000000000000000000000000000000165838c063e49af9bab5081	03eadf07fabe6d6d508502234be0dc4918835f9bf64333417348b46f9a246570b90f7549a84ea0bf01000000000000000765050072ed3a84bb00002ae1022f736c7573682f	33	11	85	1491	41375408418	2901554	42625408418	2989213.25	339638	23.818	4966.7	0.3483	1296.11	0.0909	401.60285011301	1250000000	87659.375	1250339638	87683.1953	SlushPool
516075	000000000000000000319fd5d3aea268216edb7995bcedcc3324a3aafed9c214	2018-04-01 05:29:26	2018-04-01 04:27:54	248477	205754	865739	536870912	20000000	100000000000000000000000000000	1695daee94d6d6b7f78e0378ef9892dc266a63434c12f0bc8cf826a05141c67e	1369020936	391203401	3462542391191.6	0000000000000000000000000000000000000000016586b23900740956186de4	03ebdf0704366ec05a612f4254432e434f4d2ffabe6d6d52f6ff16e00770654cc8ba9dcf2fa92dead706b18d5d8b86d57f0cc8fe8b695f0100000000000000706dcf7b0cfd000000000000	664	193	1115	1606	323927898454	22716254	325177898454	22803914	6051643	424.3866	24386.9	1.7102	6996.48	0.4906	16028.239512172	1250000000	87659.375	1256051643	88083.7578	BTC.com
516076	0000000000000000003ae26a1d3f7b8b8137f56add1a58c7a34b05b5e78571e9	2018-04-01 05:37:45	2018-04-01 04:57:43	399141	365984	1497093	536870912	20000000	100000000000000000000000000000	9d6871dfbbde32f9e32f5cf15a6f7d1b6b4f44c4d3edfb0140b7d6c6a68c1b1b	961545171	391203401	3462542391191.6	0000000000000000000000000000000000000000016589d86bc29e6310858b47	03ecdf07fabe6d6d0ac713572051c8b46ef7f34190e42f499cd4f3435eb1bc96582ec8ce5e3adbb80100000000000000016506009870ce044aab8a22da042f736c7573682f	580	168	2183	1424	270112127352	18942288	271362127352	19029948	9608485	673.819	24095.4	1.6897	6422.61	0.4504	3187.1153023589	1250000000	87659.375	1259608485	88333.1953	SlushPool
516077	000000000000000000347cc0315fa07c130418da98e38c565ece37728f4f6b86	2018-04-01 05:39:25	2018-04-01 05:02:22	43507	33857	145078	536870912	20000000	100000000000000000000000000000	f5fadea4c63abf79d722bd13269c035fa64cd5738c1e367d10296849802d2fa6	257923045	391203401	3462542391191.6	000000000000000000000000000000000000000001658cfe9e84c8bccaf2a8aa	03eddf07048d70c05a642f4254432e434f4d2ffabe6d6dd7976c1afd2453db05a3c2959170638b27fc508e48884a44c91d77139d1691f701000000000000003c25482c00000b86ea970100	131	48	188	277	88807882700	6227875	90057882700	6315534	965640	67.7179	22361.6	1.5682	6706.76	0.4703	220.0086431399	1250000000	87659.375	1250965640	87727.0938	BTC.com
516078	000000000000000000032812f5d5702d21eaad7e385e83bd18fa3c06ff54ccda	2018-04-01 05:52:33	2018-04-01 05:20:45	492043	417725	1745218	536870912	20000000	100000000000000000000000000000	d9df80c44fbdd3b17cbabee99c3620a2c1da5f45521fc3904173e7691a8c95e3	3696004635	391203401	3462542391191.6	000000000000000000000000000000000000000001659024d146f316855fc60d	03eedf07182f5669614254432f4d696e6564206279207a6c383838382f2cfabe6d6d64c4994166d57bdacf03f46af26c0bac133ae83400e065f4c9d7040eb4ed85540100000000000000103ca6cc000edae03ffbd01513e10b0200	952	338	2377	2350	524746123606	36799132	525996123606	36886792	11088938	777.6395	22552.2	1.5815	6355.97	0.4457	4251.4028733782	1250000000	87659.375	1261088938	88437.0156	ViaBTC
516079	0000000000000000003e373b064999c46fa8643f9240050b800b60d30242428d	2018-04-01 05:53:09	2018-04-01 05:21:09	28098	25614	104940	536870912	20000000	100000000000000000000000000000	bfcb74d335bf4e0da30e1c784b503e481732bf991414050280113b8397219530	2214721494	391203401	3462542391191.6	00000000000000000000000000000000000000000165934b04091d703fcce370	03efdf07194d696e656420627920416e74506f6f6c313649205ac073c5cafabe6d6dde02ef6ee237e2f47cb4c21200c70e9394bab01c738fc890c9fa56c7eea819ad0400000000000000b93d0000fcdf0100	46	17	104	107	7782814287	545789.3125	9032814287	633448.6875	2132377	149.5383	76795.4	5.3854	20551.1	1.4412	68.939133384709	1250000000	87659.375	1252132377	87808.9141	AntPool
516080	0000000000000000002b9d043ee51c32ef1ab7e9613f07643a25038437995659	2018-04-01 05:57:58	2018-04-01 05:29:26	136660	113426	476938	536870912	20000000	100000000000000000000000000000	5e8ba3b91631da78e97bd8f72aff3a9ad7d2046a1d90b3a8bb1e7fdecdaa7fc7	3453925740	391203401	3462542391191.6	00000000000000000000000000000000000000000165967136cb47c9fa3a00d3	03f0df072cfabe6d6d61d4fa913b0904b09c76c484355ad33ea612e5a631de1f0da0c6dc92b93439b404000000f09f909f164d696e6564206279207a79313339393838383830323600000000000000000000000000000000000000000000000000000000	322	97	649	687	187605778050	13156324	188855778050	13243984	4932524	345.9056	36188.7	2.5378	10367.1	0.727	25848.838589807	1250000000	87659.375	1254932524	88005.2812	F2Pool
516081	00000000000000000028a8a3ad933429653601292b0cb899e0dbd891ca251821	2018-04-01 06:02:19	2018-04-01 05:37:45	334573	294073	1216792	536870912	20000000	100000000000000000000000000000	a9cc3b5692ac2cefd606b5351f95551457027527186ab040476c42c7ecceda6c	4131683493	391203401	3462542391191.6	000000000000000000000000000000000000000001659997698d7223b4a71e36	03f1df0741d6b01d7b5d083c41d6b01d7ae5fdac2f4254432e544f502ffabe6d6dae7fa4a28d3c714218a12c951b0ff8545707be88d3af297cce72a840a45ae0cf8000000000000000f40035bc568d000000000000	402	109	1212	3773	158046858047	11083431	159296858047	11171090	6868095	481.6423	20548.6	1.4411	5649.15	0.3962	3424.8543317011	1250000000	87659.375	1256868095	88141.0156	BTC.TOP
516082	0000000000000000002897b03bb42991677d8a574f894b8efe6c397e1a6b1599	2018-04-01 06:05:18	2018-04-01 05:39:25	43098	40329	164085	536870912	20000000	100000000000000000000000000000	5eafa81bc2b83f5e39d72604bdca913ade0664660a7e7f765c9ba3cf0bec7b2e	3915341742	391203401	3462542391191.6	000000000000000000000000000000000000000001659cbd9c4f9c7d6f143b99	03f2df0700047176c05a04cd903e130804f39d5a59050000092f426974667572792f	69	15	133	636	62552918176	4386680	63802918176	4474339	1811152	127.0116	42301.8	2.9665	11105.9	0.7788	370.50273942099	1250000000	87659.375	1251811152	87786.3828	BitFury
516083	000000000000000000115334b7ec9bdaf0b62767e6fe74ea7bdddec681aa75e1	2018-04-01 06:06:44	2018-04-01 05:52:33	42905	38980	159845	536870912	20000000	100000000000000000000000000000	92c6044fdace1cc6eab52b250399892a21218de47d04972506e0313f1459c86b	4204596410	391203401	3462542391191.6	000000000000000000000000000000000000000001659fe3cf11c6d7298158fc	03f3df070004e976c05a04b6c2561308090b9e5a1d240000092f426974667572792f	65	15	116	539	417437958474	29273880	418687958474	29361540	3499599	245.4181	82107.8	5.758	22031.7	1.545	2173.7457249352	1250000000	87659.375	1253499599	87904.7969	BitFury
516084	0000000000000000004bd3798775aef12805089822853e830141c30b5922876a	2018-04-01 06:12:45	2018-04-01 05:53:09	295098	249086	1042356	536870912	20000000	100000000000000000000000000000	08e16c8372d7621746cf85d28a53e97c73df594a847b0c6ed6421495a6f9cb99	1708800579	391203401	3462542391191.6	00000000000000000000000000000000000000000165a30a01d3f130e3ee765f	03f4df07fabe6d6d0707a4423954f4d56586ec50d1dd3587878b55ac76ff893ee29268ea047800260100000000000000216505002e9a981ccc010020a4012f736c7573682f	640	220	1283	2025	259019391282	18164382	260269391282	18252042	4985989	349.6549	16917.4	1.1863	4787.83	0.3358	2098.2770603256	1250000000	87659.375	1254985989	88009.0312	SlushPool
516085	000000000000000000056751ca015b09d60db9c10ed64239348276314143c3a4	2018-04-01 06:13:50	2018-04-01 05:57:58	44175	37281	156018	536870912	20000000	100000000000000000000000000000	693a25f6759267e2c933f9794ec47c164e78e402863eef3abc01d51f17757f12	2692456810	391203401	3462542391191.6	00000000000000000000000000000000000000000165a63034961b8a9e5b93c2	03f5df07049e78c05a642f4254432e434f4d2ffabe6d6d7db1649c51a4c16c51eb0be9dca8c51d81dd7a87c3e4259936b31292a31a136801000000000000003d3a5c24000082b4c8140100	92	23	225	201	66843482583	4687566.5	68093482583	4775225.5	1829854	128.3231	41728.9	2.9264	11815.3	0.8286	363.67508361775	1250000000	87659.375	1251829854	87787.6953	BTC.com
516086	00000000000000000028b9c5d04f6ca90abb5f2ab566d421259f4e1a5a47e0d8	2018-04-01 06:16:28	2018-04-01 06:02:19	139375	110551	471028	536870912	20000000	100000000000000000000000000000	759a295a594f2f9d7ebb6a851f2e66e66b313af72f355b2373bedad4dff9468f	2191606580	391203401	3462542391191.6	00000000000000000000000000000000000000000165a956675845e458c8b125	03f6df07172f5669614254432f4d696e65642062792070616e68652f2cfabe6d6d818def591879bda6ec07f93657b1ff054128b97cc2e9c216a5df52eafbd52908010000000000000010c0a5eb0389591a977427c600f50200c0	197	63	722	442	168095780434	11788137	169345780434	11875796	7119467	499.2704	51205.9	3.5909	15150.8	1.0625	1541.0464549913	1250000000	87659.375	1257119467	88158.6484	ViaBTC
516087	0000000000000000001fdca6585f3a5d1f7f93e788fdd99627a6bbb7dcaf4f89	2018-04-01 06:24:09	2018-04-01 06:05:18	300043	216084	948295	536870912	20000000	100000000000000000000000000000	f8facdcdb8bccb0077373c70716cf09358fa5daf813728ca3a322a6c7bc01781	2750575215	391203401	3462542391191.6	00000000000000000000000000000000000000000165ac7c9a1a703e1335ce88	03f7df0704097bc05a612f4254432e434f4d2ffabe6d6d9cbede014e629620ab2e537f66a5489c6b895fc38164fa66a9ffa6e7edea66e20100000000000000490d603cb47b010000000000	610	187	1304	1563	449546040399	31525540	450796040399	31613200	8201661	575.162	27364.7	1.919	8656.47	0.607	1164.9900419854	1250000000	87659.375	1258201661	88234.5391	BTC.com
516088	0000000000000000003d1ec3a313c94e17c2c6df757e2a12078de050bd6eb57d	2018-04-01 06:37:08	2018-04-01 06:06:44	483228	365736	1580436	536870912	20000000	100000000000000000000000000000	06d2253b0026a129092e21e84f49f75a4d87e4960d7c903601af9c8658a7f5ec	3710041773	391203401	3462542391191.6	00000000000000000000000000000000000000000165afa2ccdc9a97cda2ebeb	03f8df07172f5669614254432f4d696e6564206279206d797a73392f2cfabe6d6d87d7a047ce8371554ca2bdfff33008679f7f03f43ea7628bf55092e73c0cdea20100000000000000108ea6cd005285df50f078042fa0940200	1017	326	2140	2427	1256233008014	88096480	1257483008014	88184136	15942238	1117.9893	33014.4	2.3152	10091.2	0.7077	4128.7822237002	1250000000	87659.375	1265942238	88777.3672	ViaBTC
516089	00000000000000000028bf32cfec9aa940b2ac731208c147e107a45d9147d2c2	2018-04-01 06:43:05	2018-04-01 06:12:45	186682	140450	608032	536870912	20000000	100000000000000000000000000000	dd7b734c4ad1611a5dc303ed7edd1263d97eebfb5d316252613f91d52174d9a1	1196106363	391203401	3462542391191.6	00000000000000000000000000000000000000000165b2c8ff9ec4f18810094e	03f9df07172f5669614254432f4d696e65642062792071776531312f2cfabe6d6dc24cf33fbe4d34f2e116d23569b28f7c8898e9316bb3bb20706ab13a8571ebb0010000000000000010eaa54c0493575b7ed250b03518070100	465	156	828	1080	172043943269	12065012	173293943269	12152671	4526195	317.4107	24289.8	1.7034	7455.44	0.5228	1480.6557802635	1250000000	87659.375	1254526195	87976.7891	ViaBTC
516090	000000000000000000460555e01eb9d5a347837ba2f97a57999bd18eec9b06ec	2018-04-01 06:44:51	2018-04-01 06:13:50	49783	38256	164551	536870912	20000000	100000000000000000000000000000	7c330513667901e7e89b942ff951922483def6a84991d1b04c95661563f3702f	1327956649	391203401	3462542391191.6	00000000000000000000000000000000000000000165b5ef3260ef4b427d26b1	03fadf0704e47fc05a652f4254432e434f4d2ffabe6d6d2e0b1d0b2f1be443044297c6d6ebaf6828494c8ae7c5755d8d95ceb4f3ac32a901000000000000000c007bc39b3d000000000000	137	52	223	301	42565210539	2984991.75	43815210539	3072651.25	1986243	139.2903	40159.4	2.8163	12150.7	0.8521	1733.7123360603	1250000000	87659.375	1251986243	87798.6641	BTC.com
516091	0000000000000000002ee26bbd1b73a65eae53339e3b1867d399bf6cf0134ad9	2018-04-01 06:50:55	2018-04-01 06:16:28	271556	235650	978506	536870912	20000000	100000000000000000000000000000	4037389cec1e20371d776a8b84177b610f79cb2fbd9f76234b0ae34e0cb2cc78	3009852034	391203401	3462542391191.6	00000000000000000000000000000000000000000165b915652319a4fcea4414	03fbdf072cfabe6d6d36ef9de1e11c1129c0b24b187cdb6ad3c1e3ddb5f8e1f8d41778be2c72e4093304000000f09f909f0d4d696e6564206279207970777a00000000000000000000000000000000000000000000000000000000000000000000000000	462	146	1372	1161	142542737406	9996166	143792737406	10083825	5688105	398.8926	20974.1	1.4709	5819.22	0.4081	3316.2011425705	1250000000	87659.375	1255688105	88058.2656	F2Pool
516092	0000000000000000000f8f8c50d3856f35d87ff04a832b728f202b8ac81c534a	2018-04-01 06:55:36	2018-04-01 06:24:09	168167	148541	613790	536870912	20000000	100000000000000000000000000000	28d9141030770308154b21f63f6cf554151d58db29920ae71e0b20a52d78e052	1477871822	391203401	3462542391191.6	00000000000000000000000000000000000000000165bc3b97e543feb7576177	03fcdf07174d696e656420627920416e74506f6f6c342d205ac08268fabe6d6de62397fa7813c0df9d2cfb924a9e67339951abc9be0315d2c292afc1d1b17fac0400000000000000e0280000086f0900	388	87	842	838	423153755987	29674716	424403755987	29762374	3194339	224.011	19032.5	1.3347	5213.1	0.3656	3838.0344735701	1250000000	87659.375	1253194339	87883.3828	AntPool
516093	000000000000000000493328110868c41d9772b57916ca712e9dab84eea2bdb3	2018-04-01 07:00:55	2018-04-01 06:37:08	228921	187287	790782	536870912	20000000	100000000000000000000000000000	dbeaa54c7262029b6252c80da3c5371e90e534eb932c734ab6a7a8d7a809a0b7	161440514	391203401	3462542391191.6	00000000000000000000000000000000000000000165bf61caa76e5871c47eda	03fddf0704a683c05a642f4254432e434f4d2ffabe6d6da4d5b98a05d41a0a09b2223086650e617231c14eaab9009b910617a8f57ea818010000000000000065e9f2534d00e4b800000000	435	156	1052	1151	857397231341	60127124	858647231341	60214784	9657979	677.2899	42249.3	2.9628	12227.4	0.8574	1249.7120285163	1250000000	87659.375	1259657979	88336.6641	BTC.com
516094	0000000000000000004faf2752ef031618eca68568b6fe608f4b7166fcb80786	2018-04-01 07:01:26	2018-04-01 06:43:05	17920	14499	61417	536870912	20000000	100000000000000000000000000000	e43bce21e8ea0ae0db7d9730856cc67282c5e6f3570bb4e9e12ed410e03fa79f	2603361449	391203401	3462542391191.6	00000000000000000000000000000000000000000165c287fd6998b22c319c3d	03fedf0704be83c05a612f4254432e434f4d2ffabe6d6df647880915d87bd35ceb8aad25ffd4b26dd3e65267eecf56878c85aecfe60c7201000000000000003799391500002d12eb5b6e36	48	21	85	108	24375405756	1709386.25	25625405756	1797045.625	917432	64.3372	52138.7	3.6564	15222.5	1.0676	300.64527841805	1250000000	87659.375	1250917432	87723.7109	BTC.com
516095	0000000000000000002e5f072398ee27b25b6cdcf69051bcdbbece417093c979	2018-04-01 07:01:43	2018-04-01 06:44:51	15937	12793	54316	536870912	20000000	100000000000000000000000000000	d1bfcadb0f875b308b2e52762532e33c11e1016fc1315ea4fe6e3d7e499c2691	2355108927	391203401	3462542391191.6	00000000000000000000000000000000000000000165c5ae302bc30be69eb9a0	03ffdf070004d783c05a04d71910100c9a455a5a6130ab5a3de601002cfabe6d6dfa9eb5b4b27664691a893146e13f04c67e2b179419ac0d175a28bc02795ebde50100000000000000152f426974436c7562204e6574776f726b2f4e59412f	42	17	69	117	9638868059	675949.75	10888868059	763609.125	623371	43.7155	39977.6	2.8036	11744.9	0.8236	8.8971707277994	1250000000	87659.375	1250623371	87703.0938	BitClub Network
516096	0000000000000000002499e3989b78ec7209b24f62514587267e08110ceee964	2018-04-01 07:05:57	2018-04-01 06:50:55	229589	188690	795659	536870912	20000000	100000000000000000000000000000	48ff8f9a6495d3bbbe93d39530f73074aacd44981fdaf2aeb548f14efff3bf73	3870661132	391129783	3511060552899.7	00000000000000000000000000000000000000000165c8dfaee19e857a57dce9	0300e0072cfabe6d6dba14ce8d51f10e3a0fddc416da1ac0314e2796ad71942b679259078a4905e3d604000000f09f909f114d696e65642062792067616f6765353138000000000000000000000000000000000000000000000000000000000000000000	332	103	932	2030	191856821089	13454439	193106821089	13542099	5185824	363.6689	22622.9	1.5865	6526.79	0.4577	874.55086199651	1250000000	87659.375	1255185824	88023.0469	F2Pool
516097	00000000000000000045cf7f30203c0a794e2f62556cdc7e17c429155eb73497	2018-04-01 07:08:11	2018-04-01 06:55:36	56726	48478	202160	536870912	20000000	100000000000000000000000000000	72ee24e7a75cea79dcccb72b9b7b6429c38ced63cf12de811a8fe9a94d002e25	3806467718	391129783	3511060552899.7	00000000000000000000000000000000000000000165cc112d9779ff0e110032	0301e007045b85c05a642f4254432e434f4d2ffabe6d6dd258b66b708a2109ad20804095a63fbea7a2dcac70bf0162f2b9a38af7a9716f01000000000000002e0880fe136c010000000000	147	44	233	365	112035804780	7856791	113285804780	7944450.5	1581156	110.8825	28033.7	1.966	7864.26	0.5515	3657.7503475196	1250000000	87659.375	1251581156	87770.2578	BTC.com
516098	0000000000000000001bbe6706116c177d26ade24c4b92a736abebc0ed098723	2018-04-01 07:16:37	2018-04-01 07:00:55	517846	451433	1872145	536870912	20000000	100000000000000000000000000000	0551d23ea5bb132f24d8f4bb24192bd0a353c02166f93ec42d4f3922ded6967a	1044445833	391129783	3511060552899.7	00000000000000000000000000000000000000000165cf42ac4d5578a1ca237b	0302e007045587c05a612f4254432e434f4d2ffabe6d6df8fcbcdea7a5b649388ba8c3bbb1525e2e1339633968e246f14d9f00b130053e01000000000000006bfcf88dacbde3b800000000	671	187	2761	1914	305035333455	21391366	306285333455	21479024	11414293	800.4558	22055.8	1.5467	6099.61	0.4278	7599.0223535885	1250000000	87659.375	1261414293	88459.8281	BTC.com
516099	0000000000000000004b612462e65823858bcd67262f571b2d69dd6d9eaad2d7	2018-04-01 07:40:54	2018-04-01 07:01:26	839553	656932	2810349	536870912	20000000	100000000000000000000000000000	456a5f5574080d3a2c6d5b70a894ab18f8e8eec15a9ac8c5cf551ddd9819f48c	3886653027	391129783	3511060552899.7	00000000000000000000000000000000000000000165d2742b0330f2358346c4	0303e007fabe6d6d80e3ee9218da56edf30e0e104682273fad646c8ce6f41ae1c93551f274e993d00100000000000000036505009cf3824c03004055dc042f736c7573682f	1749	545	3775	4487	1791475717165	125631712	1792725717165	125719376	23910116	1676.7567	28492.2	1.9981	8508.93	0.5967	21387.478148168	1250000000	87659.375	1273910116	89336.1328	SlushPool
516100	000000000000000000444363c15db8dd43970768e314213a14acdf4598d0990e	2018-04-01 07:43:35	2018-04-01 07:01:43	259796	156146	728234	536870912	20000000	100000000000000000000000000000	376273e4381b6f84abe73c7f8341bcac3ba5b7f3d67b25564a36f5d9140fab60	78216461	391129783	3511060552899.7	00000000000000000000000000000000000000000165d5a5a9b90c6bc93c6a0d	0304e007e7ecddb309dcf5b459b075ee4884445c3e2ce0e93eb8d76998a9c6e5b23c837f7904b81c860100000000000000002f6c000002000009c13c2e802f425443432f2000000000000000000000000000000000000000000000000000000000000000	270	93	1351	716	113313102486	7946364.5	114563102486	8034024	2721062	190.8213	10488	0.7355	3742.29	0.2624	7984.2253589071	1250000000	87659.375	1252721062	87850.1953	BTCC Pool
516101	00000000000000000027d141a7bf396434011ac6412ea85e8ce4a3a7d2c71bf6	2018-04-01 07:52:25	2018-04-01 07:05:57	378529	308766	1304827	536870912	20000000	100000000000000000000000000000	9e26732848c318a7ec34caf8fafbe6d10d8f59a994a550e87db19f020a1e02c2	3719970891	391129783	3511060552899.7	00000000000000000000000000000000000000000165d8d7286ee7e55cf58d56	0305e00704ba8fc05a642f4254432e434f4d2ffabe6d6d901abaaffdf13c8755e69d2e60c28ed9c976258080e45cc388df68d2cf4ec39f010000000000000067c4edf604e0000000000000	736	234	1788	2135	513379054039	36001988	514629054039	36089648	14853413	1041.6327	39273.7	2.7542	11389.8	0.7988	8929.3249287133	1250000000	87659.375	1264853413	88701.0078	BTC.com
516102	0000000000000000001d0c049b62659c67e4f46f5b4ca284475207c2b1059edb	2018-04-01 07:52:42	2018-04-01 07:08:11	10556	9324	38528	536870912	20000000	100000000000000000000000000000	b948f2923fe1f91c7a9f10bab70e7604a0b5da21e4fc51f772c326869f91a308	1812076486	391129783	3511060552899.7	00000000000000000000000000000000000000000165dc08a724c35ef0aeb09f	0306e00741d6b023f284005f41d6b023f282d6b32f45324d2026204254432e544f502ffabe6d6dd5519663f22f068c890bce908fb10b8d55f1df02adef129f0e1ef7132b2aaea68000000000000000e70018f9660b010000000000	21	7	53	53	377688620	26486.3594	1627688620	114145.7344	173966	12.1998	17085.6	1.1982	4682.55	0.3284	1305.221929835	1250000000	87659.375	1250173966	87671.5781	Unknown
516103	000000000000000000475e7d9aa4c4575808f8170e937ec39c563a9d3dff644c	2018-04-01 07:58:57	2018-04-01 07:16:37	270167	209151	897620	536870912	20000000	100000000000000000000000000000	487f2b3793170200f0d5500e8920a024fc5d88b574cb7ea3a5c43e23c98f6f18	2311381552	391129783	3511060552899.7	00000000000000000000000000000000000000000165df3a25da9ed88467d3e8	0307e007184d696e656420627920416e74506f6f6c35390f205ac09141fabe6d6defffd413428db05fe7b213d38571f1b6741173fb637c60954491f8883a53bb0a0400000000000000ba0b000067ee0200	500	165	1299	1388	331849161414	23271752	333099161414	23359412	5676181	398.0564	21035.7	1.4752	6330.02	0.4439	5367.0693602492	1250000000	87659.375	1255676181	88057.4297	AntPool
516104	0000000000000000003d5e25126286abe9dd2e85770531917161ab92228fec22	2018-04-01 08:02:50	2018-04-01 07:40:54	320281	267320	1122241	536870912	20000000	100000000000000000000000000000	f684b1c1dc142bf45bf987cfe31a6a630de37d62fe4e24ff457d2b609d3a247e	313239636	391129783	3511060552899.7	00000000000000000000000000000000000000000165e26ba4907a521820f731	0308e007fabe6d6df011116249b8f6d8d0727b912a88b6aa347ee445f1a3a4128e90f5e2e31bf1ac0100000000000000216506000eac55b10100002da6012f736c7573682f	342	88	1719	969	1060422160148	74364752	1061672160148	74452416	8561614	600.4046	26762.7	1.8768	7637.45	0.5356	6872.8802179224	1250000000	87659.375	1258561614	88259.7812	SlushPool
516105	00000000000000000031df367524d23cf0746897c475747f806831cf2621ed60	2018-04-01 08:23:38	2018-04-01 07:43:35	931313	765836	3228821	536870912	20000000	100000000000000000000000000000	586ce7b9e89335b1c6a5e65dff568a34427cf4e8e6c31e9eb38a710b94e9e161	3309739510	391129783	3511060552899.7	00000000000000000000000000000000000000000165e59d234655cbabda1a7a	0309e007040b97c05a612f4254432e434f4d2ffabe6d6d103a924e0cd670797a26e75d90f9552d9b2dd2b2cd02cbeb38f6948c3975511001000000000000006cc32ec3de65020000000000	1758	567	4248	5803	1300058375611	91169840	1301308375611	91257504	23413429	1641.9253	25149	1.7636	7251.42	0.5085	10212.192193468	1250000000	87659.375	1273413429	89301.2969	BTC.com
516106	0000000000000000001ec840f388e4dbae69f1d4202f6974ab7bbe12e3928653	2018-04-01 08:30:49	2018-04-01 07:52:25	364990	309105	1292305	536870912	20000000	100000000000000000000000000000	fdfff77500972bd0521e114b5c0dcb6a91772a9fb1fef47857c9ec7fde0ded2d	2262961304	391129783	3511060552899.7	00000000000000000000000000000000000000000165e8cea1fc31453f933dc3	030ae00741d6b0262f97ef6f41d6b0262e7bab002f4254432e544f502ffabe6d6d7aaf976fa965a7455c150bc1ebf4c4e2bad652c392774e6e0121c11cb60bc4fb8000000000000000d000b296a6c6000000000000	576	168	1877	1753	414398153798	29060706	415648153798	29148366	22636588	1587.4473	62076.9	4.3533	17528.7	1.2293	3845.0578860405	1250000000	87659.375	1272636588	89246.8203	BTC.TOP
516107	000000000000000000220b728c35fb7fd2f20f71f3ca9eae92880732e66109a2	2018-04-01 08:39:51	2018-04-01 07:52:42	423450	355063	1488639	536870912	20000000	100000000000000000000000000000	73fa5fd9a62e6dd6d365dbdaddb68e1fbcc65449f2af543cf7acca67f6d07686	787754549	391129783	3511060552899.7	00000000000000000000000000000000000000000165ec0020b20cbed34c610c	030be007fabe6d6d8b4596c78d675dbb8a8012f953aa1a441bda09e6a93a5a6459cd2475d418163401000000000000002665060085e1c3001260504603052f736c7573682f	676	222	1919	1837	1098315378662	77022112	1099565378662	77109768	10789722	756.6562	25503	1.7885	7252.54	0.5086	7508.1111259423	1250000000	87659.375	1260789722	88416.0312	SlushPool
516108	0000000000000000002f9318fdfa0d3c98853fd867519929c01c45c576a2b1ec	2018-04-01 08:46:11	2018-04-01 07:58:57	253040	208482	878486	536870912	20000000	100000000000000000000000000000	f175c72825364ca097060cada11d4b348a89d477c97acf3cb5608b196539ad5d	499794028	391129783	3511060552899.7	00000000000000000000000000000000000000000165ef319f67e83867058455	030ce007174d696e656420627920416e74506f6f6c3758205ac09c533654000083370200	522	116	1265	1287	599645836517	42051664	600895836517	42139324	8059083	565.1633	31885.2	2.236	9182.26	0.6439	2114.9047580466	1250000000	87659.375	1258059083	88224.5391	AntPool
516109	00000000000000000019b7988bc7e5e83ead6c2fdec3613a287a18c40b1b6ef3	2018-04-01 09:00:01	2018-04-01 08:02:50	697306	553292	2357182	536870912	20000000	100000000000000000000000000000	09c090f30283b5192b51f2ae04a78609365efd0df588bb00e437d8f91be21ef9	1137981558	391129783	3511060552899.7	00000000000000000000000000000000000000000165f2631e1dc3b1fabea79e	030de00741d6b027e3355cd441d6b027e2c2b3042f4254432e544f502ffabe6d6d53396a9e60b0f451d31e656c3d053be480cdc9d733b71eb89e8a4fd4269702418000000000000000c8006d3144eeb65a00000000	1341	425	3259	3655	1131168546158	79326024	1132418546158	79413680	12692661	890.1046	18211.2	1.2771	5385.55	0.3777	9567.5393308064	1250000000	87659.375	1262692661	88549.4766	BTC.TOP
516110	0000000000000000001a7f439d209715f182d3b1124bc0be82d66b1cfee15fc0	2018-04-01 09:13:36	2018-04-01 08:23:38	928322	757813	3201761	536870912	20000000	100000000000000000000000000000	be08ae3f4b87e07bf8a3339a6474f117709a833a0a4a5087d6fecc132bfd459b	725453029	391129783	3511060552899.7	00000000000000000000000000000000000000000165f5949cd39f2b8e77cae7	030ee00704c0a2c05a612f4254432e434f4d2ffabe6d6d21ded87ea69b03ca9e047738e9f07276c592c940c9366576dbcb75461fcbf5cf01000000000000004adb908c00001659f7770000	1187	390	3389	8867	1502158237497	105342600	1503408237497	105430264	16749152	1174.5762	18048.7	1.2657	5231.83	0.3669	12377.675951562	1250000000	87659.375	1266749152	88833.9531	BTC.com
516111	00000000000000000005aa5331dea9ef343da29a43cfe4ad6a70093935fb49db	2018-04-01 09:17:34	2018-04-01 08:30:49	205868	178426	741146	536870912	20000000	100000000000000000000000000000	9613ea8917f49c653826ff09cd472a3b26b081d47a1621dc729de7feff800b90	2266037827	391129783	3511060552899.7	00000000000000000000000000000000000000000165f8c61b897aa52230ee30	030fe00741d6b028eb19656441d6b028ea7ff9362f4254432e544f502ffabe6d6dd4d69644d2dd3493f64c12728d4d78de3942b8ecb3f4104c82d4a0aa3f1b9c1c8000000000000000db007cb81b37dbea00000000	407	114	1035	1013	229844474170	16118418	231094474170	16206078	6476387	454.1728	31510.4	2.2097	8749.94	0.6136	4783.5084542065	1250000000	87659.375	1256476387	88113.5469	BTC.TOP
516112	0000000000000000002e57e4acd28410a139e320199341ba64ecac5d651e6253	2018-04-01 09:20:06	2018-04-01 08:39:51	114698	94174	397220	536870912	20000000	100000000000000000000000000000	dbfcb5a85e184db843c51d70a3e58bb5e0d3b05ed4e4b6acad3975680d3cc975	1400566600	391129783	3511060552899.7	00000000000000000000000000000000000000000165fbf79a3f561eb5ea1179	0310e0070446a4c05a642f4254432e434f4d2ffabe6d6dcc2e0458dd38852f1d0699f4ce4172a1db1c17006cb3269086358df3925e8d52010000000000000036282e72000077eae9900000	273	76	521	650	58706263697	4116923.5	59956263697	4204583	2431568	170.5198	21260.2	1.4909	6137.78	0.4304	796.80929121659	1250000000	87659.375	1252431568	87829.8984	BTC.com
516113	00000000000000000024cc1874422824d98e5f6bf1a378cf6ce6a10666617365	2018-04-01 09:25:38	2018-04-01 08:46:11	293756	248446	1039094	536870912	20000000	100000000000000000000000000000	6ec64d203e7517c1f504f18d8debdd8dfd86f3a74a9d100d8f8e8a17351b025a	1627032894	391129783	3511060552899.7	00000000000000000000000000000000000000000165ff2918f5319849a334c2	0311e0070490a5c05a612f4254432e434f4d2ffabe6d6d52b5cefc4f00ae7ee88ecb2aebe28681d9c07d955d1a5ab796697894d2cd56bd0100000000000000692f79a6756eabea00000000	557	154	1146	2708	332023194674	23283956	333273194674	23371616	6775070	475.1187	23089.2	1.6192	6525.84	0.4577	1892.7036156658	1250000000	87659.375	1256775070	88134.4922	BTC.com
516114	000000000000000000299a31b2e9305077580d31f9a2e7d3c8068f8275c0b7dd	2018-04-01 09:27:40	2018-04-01 09:00:01	132169	115355	478234	536870912	20000000	100000000000000000000000000000	76ced7d284f69314eeb380c64dbad102d6a257373baaa01642eb003bb1b02833	3766422609	391129783	3511060552899.7	00000000000000000000000000000000000000000166025a97ab0d11dd5c580b	0312e00706230c7f098044e5bb5f7aaad1eb8364979868738b858b0dfd9e3022596e831d82e77c7c7f01000000000000000046dc6db40080001c793c3f512f425443432f2000000000000000000000000000000000000000000000000000000000000000	189	50	708	504	86242157335	6047947	87492157335	6135606.5	2754515	193.1673	20896	1.4654	5774.08	0.4049	1146.1455135993	1250000000	87659.375	1252754515	87852.5391	BTCC Pool
516115	0000000000000000000fdea27448e3002bdaf3e4800e48d83ae1b716f6d14b50	2018-04-01 10:04:33	2018-04-01 09:13:36	1129877	954427	3993158	536870912	20000000	100000000000000000000000000000	d30da184acd6a4a8cdc2937f0e05b1a5434f6d33039b96bb9a844a84afe41850	3380429786	391129783	3511060552899.7	00000000000000000000000000000000000000000166058c1660e88b71157b54	0313e007fabe6d6dd3600bdbc1668d3756cddc97c125a9b6d8b31c01f4500a19572ac3d5d9e9325b010000000000000021650f0007557a000002382ba8012f736c7573682f	2550	690	5388	6224	1834209463681	128628528	1835459463681	128716184	36345549	2548.8225	32178.3	2.2566	9101.74	0.6383	17855.163990763	1250000000	87659.375	1286345549	90208.1953	SlushPool
516116	00000000000000000016fde775432538cf368ce0678c5c2fb41e97ed90cea266	2018-04-01 10:11:56	2018-04-01 09:17:34	763950	553376	2424078	536870912	20000000	100000000000000000000000000000	d5f349887a4df7162785a101def6b6d7c6c54d9c1d783ba59bf53490ed6907d1	3639584433	391129783	3511060552899.7	0000000000000000000000000000000000000000016608bd9516c40504ce9e9d	0314e00741d6b02c16a733f141d6b02c15ccccbb2f4254432e544f502ffabe6d6d77f21281bca945fe2d3d47494c75ae9a0da5ca0acbf2ee29c2a1b2fbc9b098608000000000000000f000b5752659559500000000	1225	462	3296	3172	1379519091819	96742224	1380769091819	96829888	12196885	855.337	15972.6	1.1201	5032.25	0.3529	7783.2159576229	1250000000	87659.375	1262196885	88514.7109	BTC.TOP
516117	000000000000000000061820b1b9316e3be968ef0c9180b547e3e35a9dc9c9eb	2018-04-01 10:20:49	2018-04-01 09:20:06	567764	488940	2034584	536870912	20000000	100000000000000000000000000000	2bb20198808bdd5653601e4b3703488c10d2c89afcb9162ba4e4885da32a1503	3224443354	391129783	3511060552899.7	000000000000000000000000000000000000000001660bef13cc9f7e9887c1e6	0315e0070482b2c05a612f4254432e434f4d2ffabe6d6d0de9192cdcf11d714b4cf387c57936575f10749e9da49c91231485392b1dff4b01000000000000004adbb23a00000e38827b0100	1045	407	2937	2488	279706894491	19615146	280956894491	19702804	18211682	1277.1398	32094.6	2.2507	8952.5	0.6279	1854.2469197583	1250000000	87659.375	1268211682	88936.5156	BTC.com
516118	0000000000000000000fd3606aba5badad7188b06b7d4a47f3fe5fc774666509	2018-04-01 10:28:34	2018-04-01 09:25:38	268379	228826	954857	536870912	20000000	100000000000000000000000000000	142f0520a4d7158c32e73b5665ba427b62814c9936ce21056122bca558cba887	1697408817	391129783	3511060552899.7	000000000000000000000000000000000000000001660f2092827af82c40e52f	0316e007194d696e656420627920416e74506f6f6c3826205ac0b4520657fabe6d6d338db3251fbb3594cd10accaa41f5ec59885f1e85d64934b9a91c03f6b0844100400000000000000d3490000fde40200	702	207	1270	1605	222812060941	15625253	224062060941	15712912	5414976	379.7387	20201.7	1.4167	5675.46	0.398	3187.9247204442	1250000000	87659.375	1255414976	88039.1172	AntPool
516119	00000000000000000021cee1e8097955acd09dddf9743e66cb0bb4a4de07fff2	2018-04-01 10:37:26	2018-04-01 09:27:40	450212	339874	1469834	536870912	20000000	100000000000000000000000000000	0e806a1c6b50a633d87292cc60cc33d41f6d0dce646992ed01b121295e60713c	1631801358	391129783	3511060552899.7	00000000000000000000000000000000000000000166125211385671bffa0878	0317e0070463b6c05a612f4254432e434f4d2ffabe6d6d6f3d283d456c54f5f986277e93bbf07b8d71addb805a83caa1b7df551d461bf501000000000000006d342e762399551500000000	884	310	2033	2205	487201721174	34166240	488451721174	34253900	9286762	651.2574	20642.5	1.4476	6320.57	0.4433	19517.818284198	1250000000	87659.375	1259286762	88310.6328	BTC.com
516120	00000000000000000048b610017f611210e0fd272846e54519f80d96c3a0d8c6	2018-04-01 11:27:10	2018-04-01 10:04:33	9946	8228	34630	536870912	20000000	100000000000000000000000000000	37c1ce3fcdfdc1a1b2825997d5265e0d01d6938a29803a8d8917390c2429d828	3142449501	391129783	3511060552899.7	0000000000000000000000000000000000000000016615838fee31eb53b32bc1	0318e007174d696e656420627920416e74506f6f6c394b205ac0c20efabe6d6d3c84b409cb0987a92bc7b57e6feb03b7ce24d447e1d22ec4ef644bbf36eaec0504000000000000006d30000031030080	33	11	42	66	104930918860	7358543	106180918860	7446202.5	328053	23.0055	34111.8	2.3922	9809.02	0.6879	1054.2903997481	1250000000	87659.375	1250328053	87682.3828	AntPool
516121	00000000000000000035ca22b3435138804a46e790b67afe05a2fe36dcc12ed0	2018-04-01 12:01:51	2018-04-01 10:11:56	1121610	957199	3993207	536870912	20000000	100000000000000000000000000000	9cd81596d6ac357095fe7f6bf07f65b063197adfc73d6a131cca0b498bba91f9	1926414116	391129783	3511060552899.7	0000000000000000000000000000000000000000016618b50ea40d64e76c4f0a	0319e0071a4d696e656420627920416e74506f6f6c31393a205ac0ca271000fabe6d6d1ff58c4b644132e9e9c3eab87eeb0f4ea8d43c2c6f6936634acf354a6f030de40400000000000000d81100008ae9388e	2074	469	5365	6423	7897643828094	553842048	7898893828094	553929664	78161557	5481.2744	69707.7	4.8884	19575.4	1.3727	199805.13852922	1250000000	87659.375	1328161557	93140.6484	AntPool
516122	0000000000000000001e0631cfdc62e029b9b172d3b65eebfc43fd5aaba02094	2018-04-01 12:10:06	2018-04-01 10:20:49	1156776	947072	3997992	536870912	20000000	100000000000000000000000000000	c118664342f0d1d9de10d5bf155a88edb9ea52c867083262afd28f1d35a57c40	2686833782	391129783	3511060552899.7	000000000000000000000000000000000000000001661be68d59e8de7b257253	031ae0072cfabe6d6d62ce10f2e9acc2d6f51d04474eeedf12e09a599932cadc516bd8c239f15225f504000000f09f909f104d696e65642062792063616e677a303100000000000000000000000000000000000000000000000000000000000000000000	2606	584	5358	5899	1896817040772	133019040	1898067040772	133106696	16585816	1163.1218	14342.4	1.0058	4148.84	0.291	59147.909810403	1250000000	87659.375	1266585816	88822.5	F2Pool
516123	0000000000000000002d54da0ca861dc961af0f0916f9e097922cac6242e6f52	2018-04-01 12:13:50	2018-04-01 10:28:34	1088959	968037	3993070	536870912	20000000	100000000000000000000000000000	9d294a09f6859ee52d6e6996b73b2207000e2caa9df3faba1030241b2473c997	3747897397	391129783	3511060552899.7	000000000000000000000000000000000000000001661f180c0fc4580ede959c	031be00741d6b03340cb77e441d6b0333f9fe1352f4254432e544f502ffabe6d6df6cce02707eff569b2efab6c2e5e81e5440f756203beb7bf1c23fe585ba34be58000000000000000c8008c3bc829020000000000	1611	848	6123	3371	838075860690	58772164	839325860690	58859824	8889725	623.4142	8166.03	0.5727	2225.84	0.1561	260195.79447047	1250000000	87659.375	1258889725	88282.7891	BTC.TOP
516124	00000000000000000003a4c36b486436ded5d1443ca0ef456fd0083cf0996b93	2018-04-01 12:34:17	2018-04-01 10:37:26	1188343	934918	3993097	536870912	20000000	100000000000000000000000000000	f202704daf2e3e7183680cee78e90984337314ff37c81bc8de656112033be354	3833805456	391129783	3511060552899.7	0000000000000000000000000000000000000000016622498ac59fd1a297b8e5	031ce00704cad1c05a642f4254432e434f4d2ffabe6d6d8eb58501ad14518bdc52c5a1565179a02a370468e5dab5c03515581134c5025b010000000000000004b5b6f4e96b000000000000	1959	532	6057	4721	1004407136552	70436560	1005657136552	70524224	25785366	1808.2633	21704.5	1.5221	6457.63	0.4529	22677.010266122	1250000000	87659.375	1275785366	89467.6406	BTC.com
516125	000000000000000000465e9e9440133cf9460f89edaf733268d6c954c966201d	2018-04-01 12:40:33	2018-04-01 11:27:10	1027073	988653	3993032	536870912	20000000	100000000000000000000000000000	4a3d54fd8e96496637b24e5f67b3599324afefbe22e5058f303046309881d281	2672413321	391129783	3511060552899.7	00000000000000000000000000000000000000000166257b097b7b4b3650dc2e	031de007174d696e656420627920416e74506f6f6c311e205ac0d31bfabe6d6d4bc05a6c238b8485627c73cb490a4334d808ea703d43666321554c2fe8ac7a5c040000000000000088100000a35e5555	1641	177	5164	6000	691839158127	48516952	693089158127	48604608	7371604	516.9521	7179.61	0.5035	1846.51	0.1295	12725.608067304	1250000000	87659.375	1257371604	88176.3281	AntPool
516126	0000000000000000000cbb5282927bd4ffe08a497f345c9f5be7715f5b9718d1	2018-04-01 12:43:00	2018-04-01 12:01:51	716036	493817	2197487	536870912	20000000	100000000000000000000000000000	cf3b042dae4ad108bd5c0d6087f927d2eb1ea1182b703f0771571a937e58ab1e	2860255528	391129783	3511060552899.7	0000000000000000000000000000000000000000016628ac883156c4ca09ff77	031ee00741d6b034f598e63d41d6b034f5219ad22f45324d2026204254432e544f502ffabe6d6d47928cb1e213e946c92ceebc19a3d162c17be2c733cefcafee165ed107e078ee8000000000000000e800862c3b0bdedd00000000	1142	776	3184	3325	560810488718	39328236	562060488718	39415896	5215951	365.7816	7288.31	0.5111	2373.47	0.1664	99976.47981024	1250000000	87659.375	1255215951	88025.1562	Unknown
516127	00000000000000000001f8c458bb5e25f84e4ead13d79556eb5a4ebf9a35a588	2018-04-01 12:45:25	2018-04-01 12:10:06	220639	184359	773716	536870912	20000000	100000000000000000000000000000	be98f0a9f35ae8286cb2e622359fd25e78640852b64627986417dd65bcbd98bb	1372770993	391129783	3511060552899.7	000000000000000000000000000000000000000001662bde06e7323e5dc322c0	031fe00741d6b03519826fd341d6b035195c49ed2f4254432e544f502ffabe6d6df98e2f819c0e0a456689ba844e1096ddb1cf189684097d0a45a9237a475373438000000000000000c10035b00000e0dcc2110100	283	79	1181	699	99937618736	7008375.5	101187618736	7096034.5	7489612	525.2278	33996.9	2.3841	9693.43	0.6797	2670.2708058501	1250000000	87659.375	1257489612	88184.6016	BTC.TOP
516128	000000000000000000363c75ffe833c6536675fa215a3bba015e0dca5940e815	2018-04-01 12:47:23	2018-04-01 12:13:50	105153	89353	373212	536870912	20000000	100000000000000000000000000000	3fdb9fb3d772c3d4bf373e633c43ec42c92e989aee4421c5bea26354cea3fc6c	4037995898	391129783	3511060552899.7	000000000000000000000000000000000000000001662f0f859d0db7f17c4609	0320e00741d6b035351419f441d6b03534dba6262f4254432e544f502ffabe6d6d404d400a908d17d7b15e5f459ffa3fad1de093069c5146098b95de7d9f80e34c8000000000000000cd0043c33094492400000000	219	66	510	509	57999759305	4067378	59249759305	4155037.5	3543592	248.5033	33806.8	2.3708	9522.82	0.6678	503.79965011239	1250000000	87659.375	1253543592	87907.875	BTC.TOP
516129	000000000000000000364c67e68e7b25584381bb46d123a4879a41b06a96129c	2018-04-01 12:53:06	2018-04-01 12:34:17	292871	244013	1024910	536870912	20000000	100000000000000000000000000000	79d474e1fe58489586f9025bad79d17e5bd63095e43af5a2035ac108fc596799	842314257	391129783	3511060552899.7	0000000000000000000000000000000000000000016632410452e93185356952	0321e0071e2f5669614254432f4d696e65642062792078696e6a69616e67313030302f2cfabe6d6dd4c20b114ff1e5b5d53fcaec1984bd1fbb5796335ef0f59df1ac6a837fa841cd010000000000000010e1a890019a24db595efc741535ab0000	605	188	1406	1423	132383176149	9283701	133633176149	9371361	6319818	443.193	21604.5	1.5151	6171.7	0.4328	4581.9189458027	1250000000	87659.375	1256319818	88102.5703	ViaBTC
516130	000000000000000000161815007452f35b11b50918abd32468145e0f890b7b1e	2018-04-01 12:53:52	2018-04-01 12:40:33	314083	131757	709354	536870912	20000000	100000000000000000000000000000	c8807a5f3d56ff0cf3054965ad51387f8eedd85d9010727a7188d249832edf2a	1638642770	391129783	3511060552899.7	0000000000000000000000000000000000000000016635728308c4ab18ee8c9b	0322e007045ed6c05a642f4254432e434f4d2ffabe6d6d93bce57acf5dd20c08509e1b3745a326f2a3a920d01942e454da39dd165ad9590100000000000000013c23549973002000000000	94	38	1785	214	154078285311	10805125	155328285311	10892784	810996	56.8731	2584.77	0.1813	1145.09	0.0803	1994.8490892569	1250000000	87659.375	1250810996	87716.25	BTC.com
516131	000000000000000000468681dc6132bc1b19e35aac86a6027e9b6bcde3c1d0fb	2018-04-01 13:25:59	2018-04-01 12:43:00	1014081	993022	3993147	536870912	20000000	100000000000000000000000000000	9b5f91f0acd72e2a3f576e8bfdaa04261bc6fec8a49d03490a6554e68bba7746	851863429	391129783	3511060552899.7	0000000000000000000000000000000000000000016638a401bea024aca7afe4	0323e00704d4ddc05a642f4254432e434f4d2ffabe6d6d6a41cf5f824bb5ef6b029659e42726b1a8f804008d93222d1d208f13e8b98cd0010000000000000019020a3e12b0aaea00000000	721	76	2321	1932	1146973757602	80434400	1148223757602	80522064	64375318	4514.48	63501.9	4.4532	16125.8	1.1309	23970.003327187	1250000000	87659.375	1314375318	92173.8516	BTC.com
516132	0000000000000000000bca6ed790f712cb1f22e49420160e83607b29a025327e	2018-04-01 13:30:27	2018-04-01 12:45:25	1051001	980741	3993224	536870912	20000000	100000000000000000000000000000	1027436fd7997cafcd26ccdb298fb784401d533d755e9a809977e7a802ba14c0	1189466001	391129783	3511060552899.7	000000000000000000000000000000000000000001663bd580747b9e4060d32d	0324e00741d6b037bbd380c041d6b037bb280e582f4254432e544f502ffabe6d6dc761754f2320a76b19bfd7d9cac56da580c4027ba2ed12687b9cc7f3d749be8a8000000000000000cd0031b81b28700200000000	955	173	2764	2723	356654841592	25011312	357904841592	25098972	33381677	2340.9736	31772	2.2281	8361.43	0.5863	9124.0858309158	1250000000	87659.375	1283381677	90000.3516	BTC.TOP
516133	00000000000000000005f2f22f55e39a0ca452686412951e30ddf230786d7288	2018-04-01 13:52:01	2018-04-01 12:47:23	1094456	967938	3998270	536870912	20000000	100000000000000000000000000000	10633b40571f664288610cc4eb45b5d766952fcb6e4893acff80c4357d135d19	482933210	391129783	3511060552899.7	000000000000000000000000000000000000000001663f06ff2a5717d419f676	0325e0072cfabe6d6d23b76498c39749c2fea20f2aaf666530319f465b12480dc2860f5bf0d109dc0f04000000f09f909f124d696e6564206279206e636137646b3530300000000000000000000000000000000000000000000000000000000000000000	1957	604	5049	4760	1461912436529	102520264	1463162436529	102607920	33571952	2354.3171	30684.6	2.1519	8396.7	0.5889	19475.578227294	1250000000	87659.375	1283571952	90013.6953	F2Pool
516134	0000000000000000002328cf1f3b8be626de89225a74acf6122e4d09c10055bd	2018-04-01 13:58:25	2018-04-01 12:53:06	1106315	962208	3992939	536870912	20000000	100000000000000000000000000000	50441f42ecc8c4c1687a03ebb12734b05d41633522ed42133cd2f36da7db6d03	787745064	391129783	3511060552899.7	0000000000000000000000000000000000000000016642387de0329167d319bf	0326e007194d696e656420627920416e74506f6f6c3425205ac0e5810d48a81600009f9d0000	1960	793	4329	4831	878662430187	61618400	879912430187	61706060	14830826	1040.0487	13409.1	0.9403	3713.6	0.2605	13580.011645146	1250000000	87659.375	1264830826	88699.4219	AntPool
516135	0000000000000000004d14a56130f18593f154446e8e38804c015308a26efd45	2018-04-01 14:02:48	2018-04-01 12:53:52	1090898	967376	3993026	536870912	20000000	100000000000000000000000000000	34d6a2b4507d03f42219db0aef43f83410df5d336b303462123c8580783a20a4	2789960680	391129783	3511060552899.7	000000000000000000000000000000000000000001664569fc960e0afb8c3d08	0327e0070488e6c05a672f4254432e434f4d2ffabe6d6de296fcbf833d9b8d1f1073923f1b55b89b6208f19843e2f99e98454ac209af6b010000000000000085047f7e0747010000000000	1911	352	5446	4361	688872135566	48308880	690122135566	48396540	16865204	1182.7146	15464.5	1.0845	4224.22	0.2962	27441.967796641	1250000000	87659.375	1266865204	88842.0859	BTC.com
516136	0000000000000000003b429f7277d6e8a4783ecd71c9762210e008ee498b9505	2018-04-01 14:03:30	2018-04-01 13:25:59	1276890	905316	3992838	536870912	20000000	100000000000000000000000000000	e0e458bfc1a2e7fec739a8e67df0df7fef5c67e7290ef8a7b71ca6f809c9d8db	1568799028	391129783	3511060552899.7	00000000000000000000000000000000000000000166489b7b4be9848f456051	0328e00704b4e6c05a2f4254504f4f4c2ffabe6d6df62d24f5d2edbf59db750c7814e4e2039074c582652f416f00daa472ac59f42a010000000000000002a94355518e020000000000	716	250	6187	1701	385864305100	27059700	387114305100	27147358	2380130	166.9126	1864.48	0.1307	596.203	0.0418	45107.291705316	1250000000	87659.375	1252380130	87826.2891	Unknown
516137	000000000000000000480f5247a27ce1979581a8a629e8d7b25a58b2e32faace	2018-04-01 14:11:29	2018-04-01 13:30:27	927430	773104	3246742	536870912	20000000	100000000000000000000000000000	6cb11adbdcb20a1b4152fa9ed4faa0cd5ad5ed3a60b2c0b13f75e3a6d58af71c	1838867460	391129783	3511060552899.7	000000000000000000000000000000000000000001664bccfa01c4fe22fe839a	0329e0070491e8c05a642f4254432e434f4d2ffabe6d6da64b5cc2e3cb6033b9abc5d7988775c10562e8393ef7148ed2ccb6d5eae7908a01000000000000006be71f7101fe010000000000	1018	325	5185	2546	325998894561	22861488	327248894561	22949146	17329748	1215.2919	18692.3	1.3108	5338.43	0.3743	11743.495460687	1250000000	87659.375	1267329748	88874.6641	BTC.com
516138	00000000000000000005123eb3fb3fcc0b6ff6c838bdd783a601bf49d476a14a	2018-04-01 14:32:15	2018-04-01 13:52:01	1119863	957749	3993110	536870912	20000000	100000000000000000000000000000	c8a6849c5a1882b141a816acf884f287452bd4a89dca22208ebcb521b6659c5a	2831175386	391129783	3511060552899.7	000000000000000000000000000000000000000001664efe78b7a077b6b7a6e3	032ae007046fedc05a612f4254432e434f4d2ffabe6d6d40df977b3b002e0cfa9d5efacf35b940ab028dbd3cc6504ba9dcbab42dadc00a01000000000000002d0585b0b96f250000000000	2381	740	5269	6241	1285720492157	90164360	1286970492157	90252024	35148714	2464.8914	31395.8	2.2017	8801.53	0.6173	36172.67817096	1250000000	87659.375	1285148714	90124.2656	BTC.com
516139	000000000000000000454d6f9a30865bcf9777307fabb9390f1ccf7e57259dd2	2018-04-01 14:38:19	2018-04-01 13:58:25	516900	434855	1821465	536870912	20000000	100000000000000000000000000000	ced5cd475baf8e831f411016cbe9adcc24adb1542343a3c5c9bfad2944c654bc	2486015333	391129783	3511060552899.7	00000000000000000000000000000000000000000166522ff76d7bf14a70ca2c	032be0072cfabe6d6d76d14ba433adc0060e04fb50aa55e4b5977ac3730534aa9f4570b073df369dcf04000000f09f909f0e4d696e6564206279206c6c393339000000000000000000000000000000000000000000000000000000000000000000000000	984	306	2607	2356	545461942665	38251884	546711942665	38339540	14979742	1050.4918	29000.2	2.0337	8227.26	0.5769	5504.3631184934	1250000000	87659.375	1264979742	88709.8672	F2Pool
516140	00000000000000000044efd97f0b5bb289f20e7c8fa2f7c1da1d23b860c11266	2018-04-01 14:38:42	2018-04-01 14:02:48	17075	12892	55751	536870912	20000000	100000000000000000000000000000	eb5abe10eac5829407d437513d0b89019d2952dd967590965da683b7834add24	1521183427	391129783	3511060552899.7	0000000000000000000000000000000000000000016655617623576ade29ed75	032ce00704f2eec05a642f4254432e434f4d2ffabe6d6d42f86321074827830d543b22e36525b76a669f742f24fab12585c17fd1620fd901000000000000003810fcaf0000913fb8d50100	49	19	72	108	10687079060	749458.125	11937079060	837117.5	595930	41.7911	35575.8	2.4949	10915.3	0.7654	115.59639485244	1250000000	87659.375	1250595930	87701.1641	BTC.com
516141	0000000000000000004a0bc40cef36561e7178ee965bc0251c550c46815f9796	2018-04-01 14:42:57	2018-04-01 14:03:30	227898	182616	775746	536870912	20000000	100000000000000000000000000000	2100fd31ee7efb7108ced9b858720cdc8f014ac75938e4a4a1e545a26f97c5f5	2726614017	391129783	3511060552899.7	000000000000000000000000000000000000000001665892f4d932e471e310be	032de0072cfabe6d6db10e0f887c41e702c587f8ed7bcee5d0c46ef59ba3befa5627a7b6138dc1240704000000f09f909f144d696e6564206279206c6975736875697368616e000000000000000000000000000000000000000000000000000000000000	552	179	1059	1401	227515417649	15955087	228765417649	16042747	6312155	442.6556	27741.1	1.9454	8146.9	0.5713	4614.0487192672	1250000000	87659.375	1256312155	88102.0312	F2Pool
516142	00000000000000000027127f2e87e9f734fa9dec9e39c466256b9586b238d13e	2018-04-01 14:47:11	2018-04-01 14:11:29	358296	313907	1300017	536870912	20000000	100000000000000000000000000000	05be277ab93ea9bb74395ead9f2ede8d16d03c2bd394a659410bcb655295d033	2195246678	391129783	3511060552899.7	000000000000000000000000000000000000000001665bc4738f0e5e059c3407	032ee0072cfabe6d6de63cb9827a7447171da96a80a23eb7d49a59c1a2f486bd7f96873b807f6fdf9104000000f09f909f0e4d696e6564206279207369617274000000000000000000000000000000000000000000000000000000000000000000000000	618	192	1787	1803	291768439533	20460992	293018439533	20548650	15396636	1079.7275	43015.1	3.0165	11851.9	0.8312	16256.25210025	1250000000	87659.375	1265396636	88739.1016	F2Pool
516143	00000000000000000017e38ce9ae3e446dd36f8af0ae211de832b69f7d131b46	2018-04-01 15:13:52	2018-04-01 14:32:15	1167238	941965	3993133	536870912	20000000	100000000000000000000000000000	f7d60a49c8eb23953400c6618f644aff2d84a5b0d4586ddb8527f0760a4245ef	1845064801	391129783	3511060552899.7	000000000000000000000000000000000000000001665ef5f244e9d799555750	032fe0070431f7c05a672f4254432e434f4d2ffabe6d6df70f8729e4a506640f3e373d973fd6c446077e665239f12f77738909555a15d401000000000000008419e62b5d34000000000000	2713	1066	5377	6950	1953997562555	137028960	1955247562555	137116624	40450904	2836.7207	34664.9	2.431	10127.4	0.7102	50136.539778066	1250000000	87659.375	1290450904	90496.0938	BTC.com
516144	000000000000000000402a7a9f927ba57583588ac1719713cade3ef23bdfa2ec	2018-04-01 15:43:13	2018-04-01 14:38:19	1144090	949704	3993202	536870912	20000000	100000000000000000000000000000	3d509214d484ba418d3cc30eb0a3abb9b7345e0be925b88b4ba19394ce49b99f	3739024797	391129783	3511060552899.7	00000000000000000000000000000000000000000166622770fac5512d0e7a99	0330e0071d2f5669614254432f4d696e656420627920737468796163696e7468652f2cfabe6d6d50d4fea1b2b6db3829ce5ab9aab026343cab31f5d8f01f4cf3a6e890e5602092010000000000000010cb9e9908fd7d02e2af4112a9961f0200	2281	931	5642	6040	2201313067722	154372576	2202563067722	154460240	54058354	3790.9773	47264.4	3.3145	13534.9	0.9492	36093.819527369	1250000000	87659.375	1304058354	91450.3516	ViaBTC
516145	00000000000000000044697e0aba4ad4f1e8030f9b5d8beea0b864c02a7890df	2018-04-01 15:51:58	2018-04-01 14:38:42	1099718	964492	3993194	536870912	20000000	100000000000000000000000000000	4ec5a1e5f310346b9bc9592f6e346206c4ee1ded250f3fe5b2234a0a3e3299fb	848474995	391129783	3511060552899.7	000000000000000000000000000000000000000001666558efb0a0cac0c79de2	0331e00741d6b04003474cbe41d6b04001ff0cc02f4254432e544f502ffabe6d6d9065478ac71942c31f4070da0e1c82064ce9770cad0c1161c2fec4b4ddcf2edf8000000000000000c7006e172f0300a000000000	2220	515	5547	5261	2432627368052	170594080	2433877368052	170681728	22860248	1603.1321	20793.7	1.4582	5725.01	0.4015	45314.040886571	1250000000	87659.375	1272860248	89262.5078	BTC.TOP
516146	0000000000000000002023f870df2569e98df3bb767da3b8e2acdaf121884a54	2018-04-01 15:53:13	2018-04-01 14:42:57	307022	306986	1227980	536870912	20000000	100000000000000000000000000000	25c9d03608dd1c955079253aba6fa807aa2edc3d93ca97139435f4afe94d1493	2281936563	391129783	3511060552899.7	00000000000000000000000000000000000000000166688a6e667c445480c12b	0332e00700046900c15a040fa5850f08659a0f05970d0100284d696e65642062792042572e434f4d290d2f425720506f6f6c2f4e59412f	523	1	1719	1251	221881423832	15559990	223131423832	15647649	1911447	134.045	6231.98	0.437	1557.99	0.1093	182921.11535859	1250000000	87659.375	1251911447	87793.4219	BW.COM
516147	00000000000000000000fd2f528bdbc4a9201dcf60736ec28584cbee411a96c2	2018-04-01 15:58:36	2018-04-01 14:47:11	622791	478578	2058525	536870912	20000000	100000000000000000000000000000	1502655c5e5dbac640796d20b9508eedf55c63ab6df9e6e95c3c98bead4dd03f	3929864066	391129783	3511060552899.7	000000000000000000000000000000000000000001666bbbed1c57bde839e474	0333e00704ac01c15a642f4254432e434f4d2ffabe6d6d4eeb90bc70bf93c7ea7e8583152817bfd76d58a194307e5ffb7929fd38786a3d010000000000000069a148d840b1000000000000	1005	539	2496	5297	447923724315	31411770	449173724315	31499430	9993402	700.8123	16054.6	1.1259	4854.79	0.3405	18149.654327805	1250000000	87659.375	1259993402	88360.1875	BTC.com
516148	0000000000000000003e3dbaf9f5a94a3bf569b55eba011a1a4824a9b857f0c2	2018-04-01 16:05:53	2018-04-01 15:13:52	596374	494249	2079121	536870912	20000000	100000000000000000000000000000	32ccddb783afda84e0c44a6a01638ecfc656db381af4c14eeaf875f56aa79692	3515524576	391129783	3511060552899.7	000000000000000000000000000000000000000001666eed6bd233377bf307bd	0334e007182f5669614254432f4d696e656420627920686a6e3838382f2cfabe6d6d10ed9a6e580f23b0ef7f76ea3ab22d17ca99f9f2381b22d5353da743e2c09b5c01000000000000001007aac8000ebfdacc22c30095bb0200a0	1042	357	2945	2766	639799722571	44867556	641049722571	44955216	18620312	1305.7959	31240.5	2.1908	8957.96	0.6282	18764.119855581	1250000000	87659.375	1268620312	88965.1719	ViaBTC
516149	0000000000000000001dbe358db2af7379dd162731b1c176a0165f057f543242	2018-04-01 16:28:00	2018-04-01 15:43:13	1144786	949313	3992725	536870912	20000000	100000000000000000000000000000	e6a2384c192e1d6eb118feceaac15759f07390dec6898576b7a9e1cd9e497a67	1471058090	391129783	3511060552899.7	00000000000000000000000000000000000000000166721eea880eb10fac2b06	0335e007049108c15a642f4254432e434f4d2ffabe6d6d097269cf3f00c9bf61ae4c8354d99f54927e9a259946505b6b3dc0c78c5b38f501000000000000002f0da2e9000028f5c8990100	2443	887	5522	6154	1360892454142	95435984	1362142454142	95523648	38909017	2728.592	33997.7	2.3842	9743.22	0.6833	212628.92664598	1250000000	87659.375	1288909017	90387.9688	BTC.com
516150	00000000000000000022eae9b6d84fe9491063a05861e449cf2dac38720d2f3e	2018-04-01 16:42:43	2018-04-01 15:51:58	710318	633525	2610893	536870912	20000000	100000000000000000000000000000	1ab2f59a6e1361e6820b620c403937abba07320b8c1ac67111e3db6b3cd7f4bf	890518970	391129783	3511060552899.7	000000000000000000000000000000000000000001667550693dea2aa3654e4f	0336e0070004f50bc15a046a35a136080af99d5aec040550092f426974667572792f	890	166	3818	2275	979423073346	68684488	980673073346	68772152	24426617	1712.9775	34402.1	2.4125	9358.3	0.6563	512194.61490301	1250000000	87659.375	1274426617	89372.3516	BitFury
516151	00000000000000000034a8f3d7c71fbf6857acae21d5a5b8d99f222230ccdc21	2018-04-01 16:48:56	2018-04-01 15:53:13	1129470	954566	3993168	536870912	20000000	100000000000000000000000000000	a2295f7ef2ea5b8ed76bbfd34aae14abe8f10a10a50a34c5f339be50a65ace69	3591292718	391129783	3511060552899.7	000000000000000000000000000000000000000001667881e7f3c5a4371e7198	0337e007174d696e656420627920416e74506f6f6c6819205ac10d78fabe6d6d553a077786445f8d64eecfb88b2f88bfd81da482e56dc4086d5343989cbfcae60400000000000000200e0000526f0300	1806	724	5764	4548	511356583485	35860160	512606583485	35947820	18997791	1332.2676	16825	1.1799	4757.15	0.3336	159792.06105654	1250000000	87659.375	1268997791	88991.6406	AntPool
516152	0000000000000000003f86a3025d1dd3388ccf6696d4dcaf4dfa01079151cac2	2018-04-01 16:57:55	2018-04-01 15:58:36	749084	656999	2720081	536870912	20000000	100000000000000000000000000000	0578342a1960bc7ea54974997a40dd8e5e26dd86a5cc67a80d6e0a81739e4482	1460886111	391129783	3511060552899.7	000000000000000000000000000000000000000001667bb366a9a11dcad794e1	0338e00704930fc15a612f4254432e434f4d2ffabe6d6df694608f2823f73ddc47d892bb5d99e6227a574065139dc65fc6eeafcac058e80100000000000000330209b47327000000000000	1179	399	3340	5245	560040912438	39274268	561290912438	39361928	13464407	944.2252	17982.3	1.261	4950.59	0.3472	60136.179594635	1250000000	87659.375	1263464407	88603.6016	BTC.com
516153	0000000000000000003829038c2bd3fdd9f1198a3c57a7bd45f85b3c3d6c0224	2018-04-01 17:06:46	2018-04-01 16:05:53	735174	620723	2597343	536870912	20000000	100000000000000000000000000000	6ef72e8b5930f444894e60444f05319bf03f91835187f832b2e94de3c195254e	3587489060	391129783	3511060552899.7	000000000000000000000000000000000000000001667ee4e55f7c975e90b82a	0339e00741d6b0446a57202f41d6b0446988846e2f63616e6f65706f6f6c2fba003f52fe53000000000000	1145	394	3632	3365	389051411744	27283202	390301411744	27370862	16292117	1142.5254	22169.8	1.5547	6273.18	0.4399	101041.19716877	1250000000	87659.375	1266292117	88801.8984	Unknown
516154	0000000000000000000788db0d4d23afcdc7444549f3806b6a6ad2c0b7a1d76d	2018-04-01 17:08:16	2018-04-01 16:28:00	81882	64779	276219	536870912	20000000	100000000000000000000000000000	c20507563cc257978c50cc6f2d6299fe123e6913ea279e58f94de894c9c240fd	3382139582	391129783	3511060552899.7	00000000000000000000000000000000000000000166821664155810f249db73	033ae0076cb524297c00d01ad781cd49586a13311c46b622aab2855eb1e6556082bd7139fabe6d6ddb5355bf0362f10732d27ba05a4f31885e54531eda3c16c89a8ca01c8d68896501000000000000000075eb375b1a050000000000	194	65	385	444	43251167890	3033096.25	44501167890	3120755.75	1498058	105.0551	18371.8	1.2884	5445.58	0.3819	8660.1112005488	1250000000	87659.375	1251498058	87764.4297	Unknown
516155	0000000000000000000d1b0d7c4e36e4cfe89643b45ebd77ffab78dc7d9f4bc9	2018-04-01 17:15:46	2018-04-01 16:42:43	192304	174473	715723	536870912	20000000	100000000000000000000000000000	f017a6d61d631aff43d3bb65b9fc2c333a05eade55eaa6e61e862974d1f653d9	591339796	391129783	3511060552899.7	000000000000000000000000000000000000000001668547e2cb338a8602febc	033be0070004b613c15a04e9a3093408bbfc9d5adf150000092f426974667572792f	375	65	975	1064	220068968861	15432887	221318968861	15520546	10087179	707.3887	52532.2	3.6839	14111.5	0.9896	6383.0517389843	1250000000	87659.375	1260087179	88366.7656	BitFury
516156	0000000000000000001b4029d3a9311f80cc281d14946b3cc1d60dce22451201	2018-04-01 17:25:49	2018-04-01 16:48:56	542713	434199	1845310	536870912	20000000	100000000000000000000000000000	12b4bbc194ae4ab30ec4fd355cc9749a9349f56fe91706ebb1b54431913c7745	1685389976	391129783	3511060552899.7	00000000000000000000000000000000000000000166887961810f0419bc2205	033ce007184d696e656420627920416e74506f6f6c313649205ac1161dfabe6d6d028f88d00890cdb3b25aa9c6813d2b2b4c6c4facbfba8ec9b24914bbc959567d04000000000000004e1f000055cc0000	1366	546	2513	3139	268901690576	18857404	270151690576	18945062	11418698	800.7648	21052.9	1.4764	6188.06	0.4339	91891.738149448	1250000000	87659.375	1261418698	88460.1406	AntPool
516157	000000000000000000213a1755d9563534396698d9809230dff2f665c6a799ba	2018-04-01 17:30:39	2018-04-01 16:57:55	305446	269585	1114201	536870912	20000000	100000000000000000000000000000	3bf3082aa7bfdb715f2436d49b7765ce53530cbc15d79fc4c26cad6ab3e13eb4	2721405391	391129783	3511060552899.7	000000000000000000000000000000000000000001668baae036ea7dad75454e	033de007184d696e656420627920416e74506f6f6c373946205ac1173ff75f0000dea11200	673	173	1487	1588	116260402437	8153051.5	117510402437	8240710.5	9854492	691.0709	32293.1	2.2646	8849.76	0.6206	2050.6615269619	1250000000	87659.375	1259854492	88350.4453	AntPool
516158	000000000000000000437305acc93dc7fd6203bff9fd706c17aab793b51b2d7a	2018-04-01 17:32:46	2018-04-01 17:06:46	405444	255076	1170672	536870912	20000000	100000000000000000000000000000	fb4884fabe5caeaf5f6384b77a44ce19d2ef9f48fefc406d998b3755ce433275	829731092	391129783	3511060552899.7	000000000000000000000000000000000000000001668edc5eecc5f7412e6897	033ee007184d696e656420627920416e74506f6f6c343560205ac117befabe6d6d1073153d9930da20041e903ace607497cb9a133f41905f2a32036073a1ca2d2d0400000000000000f2050000b5bd0100	436	236	1970	1779	145028169636	10170463	146278169636	10258122	6978009	489.3503	17224.9	1.2079	5964.4	0.4182	2143.3171307946	1250000000	87659.375	1256978009	88148.7266	AntPool
516159	00000000000000000034ddc03ba50e2d4d07a734ced1cf3ea68cf849e2557bc1	2018-04-01 17:34:09	2018-04-01 17:08:16	43205	35630	150095	536870912	20000000	100000000000000000000000000000	5da05ee16dc5a9b77ff137eae335ce91da0c27d70d4f646ddd0facfb94a7cd07	4038997912	391129783	3511060552899.7	00000000000000000000000000000000000000000166920ddda2a170d4e78be0	033fe007174d696e656420627920416e74506f6f6c6717205ac11811fabe6d6db62a61929c879337ec3561ec4cf48f3214764f4f3466c0015e322fef15d33a260400000000000000601900004a150100	128	43	200	269	22199172890	1556772.5	23449172890	1644431.875	656224	46.0193	15305.2	1.0733	4404.9	0.3089	201.65032480628	1250000000	87659.375	1250656224	87705.3906	AntPool
516160	000000000000000000211e9c73d79de0cfc78e877c6790ed063a35f1cf030626	2018-04-01 17:42:31	2018-04-01 17:15:46	446550	354083	1508799	536870912	20000000	100000000000000000000000000000	597ae391016d9976a83be681f4edf4df4cd80955d7ab8d0b3ac89a23b982bb27	802981569	391129783	3511060552899.7	00000000000000000000000000000000000000000166953f5c587cea68a0af29	0340e007fabe6d6d68e293413db507dd01756847b9f1dda9ee5b412f3d90603375489b563096c824010000000000000007651000002b031ade000073e4022f736c7573682f	959	357	2064	2331	307853776509	21589016	309103776509	21676676	8753978	613.8946	19620	1.3759	5804.3	0.407	19269.318155454	1250000000	87659.375	1258753978	88273.2734	SlushPool
516161	0000000000000000000561d611555529681138e7d228c3819d2522ebbbc5d35f	2018-04-01 17:50:50	2018-04-01 17:25:49	603103	474330	2026093	536870912	20000000	100000000000000000000000000000	6bf12fadc0bef95cb7be8f1ba9fe87696dc99ba1e1410236b80efe6714698fd4	1863970698	391129783	3511060552899.7	000000000000000000000000000000000000000001669870db0e5863fc59d272	0341e00704fb1bc15a2f44504f4f4c2e544f502f434e2f07134fed2a67000000000000	979	336	2997	2951	294956491574	20684562	296206491574	20772220	12989444	910.9172	21547.9	1.5111	6412.04	0.4497	67254.917383952	1250000000	87659.375	1262989444	88570.2891	DPOOL
516162	000000000000000000145eff0c0dce128f1da8a1700f17f0dcf3e80d536ad1d2	2018-04-01 17:53:14	2018-04-01 17:30:39	106516	87056	367684	536870912	20000000	100000000000000000000000000000	732fba54ea536b775c84d72bff12d84291011f483c7470563c103dcd7c0dfb6c	3385742842	391129783	3511060552899.7	000000000000000000000000000000000000000001669ba259c433dd9012f5bb	0342e0071b2f5669614254432f4d696e656420627920736d696c656c696e652f2cfabe6d6d7ccc51c63bee09a430cb4e307378106429e6e32daefee01a3ed19aa5d88a2bd501000000000000001022dc830c6e64ae99a781228a36930200	273	101	499	639	88969991348	6239243	90219991348	6326902.5	1867516	130.9642	17589.7	1.2335	5093.82	0.3572	1669.2900649775	1250000000	87659.375	1251867516	87790.3359	ViaBTC
516163	0000000000000000002125455f4ee2aeb4461c4d6d3ad68fbee8420b86996f8d	2018-04-01 18:19:12	2018-04-01 17:32:46	1168231	941607	3993052	536870912	20000000	100000000000000000000000000000	c649e4de362a27a6e50a58245e5b8d61124f19c7fec83a640f83f977fb75c74c	192980801	391129783	3511060552899.7	000000000000000000000000000000000000000001669ed3d87a0f5723cc1904	0343e00704a022c15a642f4254432e434f4d2ffabe6d6d4e7782b194871a7fc03c6c7a8841dfcc21dae363beed2266148f3be8fcffb02f01000000000000006be7307405bb010000000000	2560	905	5411	6569	941395585695	66017720	942645585695	66105380	29663188	2080.2053	25398.6	1.7812	7427.38	0.5208	75008.155422488	1250000000	87659.375	1279663188	89739.5781	BTC.com
516164	000000000000000000235ea6ceb57384f318fc74344abdbbe66ec98dd8d057ad	2018-04-01 18:23:03	2018-04-01 17:34:09	259294	204780	873634	536870912	20000000	100000000000000000000000000000	c040c5d70546b114058eccc82946afc97b5e184e2f6908d32a5ca8901ebf9209	902180707	391129783	3511060552899.7	00000000000000000000000000000000000000000166a205572fead0b7853c4d	0344e007048723c15a2f44504f4f4c2e544f502f434e2f087ab0739503000000000000	563	190	1250	1258	179235668032	12569349	180485668032	12657009	4231607	296.752	16337.7	1.1457	4847.18	0.3399	8468.3214027133	1250000000	87659.375	1254231607	87956.125	DPOOL
516165	000000000000000000043659ad9ce239c61b0e22b51852baa447fe29233000af	2018-04-01 18:35:04	2018-04-01 17:42:31	625172	490805	2097587	536870912	20000000	100000000000000000000000000000	4832a0c754f59bfd3261ddfa08d5f265ca1d81a587b1375e989c1b819bd5e47f	2468189359	391129783	3511060552899.7	00000000000000000000000000000000000000000166a536d5e5c64a4b3e5f96	0345e007182f5669614254432f4d696e6564206279206878373738382f2cfabe6d6d8b0f86c4ee26910f2d3f421a4dcda0c3ee4ac3f57a8f42da2e05e191fd18796e010000000000000010eeaa94012c2543bf8ce5c9c2b43a0200	1344	420	2917	3053	357568929464	25075416	358818929464	25163074	14908571	1045.5009	23860.2	1.6732	7108.83	0.4985	15050.23368243	1250000000	87659.375	1264908571	88704.875	ViaBTC
516166	000000000000000000213bae12dbd34a21de8374856eab0a7ca23953bcd94330	2018-04-01 18:45:28	2018-04-01 17:50:50	980191	880661	3622174	536870912	20000000	100000000000000000000000000000	276c6f558c8d2b0f9f9f95aaede120839e0ccc8c0992cf88175ca487c67ee642	522004758	391129783	3511060552899.7	00000000000000000000000000000000000000000166a868549ba1c3def782df	0346e00704c828c15a672f4254432e434f4d2ffabe6d6de4497ef29c15017092b862f7227169da2d16e1659e8fd8bd1fb19767ab055738010000000000000083c5e2b462a0010000000000	1151	361	4242	2893	458473552961	32151604	459723552961	32239264	30577367	2144.3142	31205.7	2.1884	8442.73	0.5921	10778.500320964	1250000000	87659.375	1280577367	89803.6875	BTC.com
516167	0000000000000000004b6ca88025f88a0f53814d6367cb8b7a5f3c342b4234c5	2018-04-01 18:58:07	2018-04-01 17:53:14	589293	485111	2044626	536870912	20000000	100000000000000000000000000000	2f5658be605f93e40d5524eea5617ac8126359b95a2358aaa9893bc51004f0f4	1678874192	391129783	3511060552899.7	00000000000000000000000000000000000000000166ab99d3517d3d72b0a628	0347e00704bf2bc15a2f44504f4f4c2e544f502f434e2f0771a8fadb2f010000000000	1404	479	2771	3214	726834739712	50971104	728084739712	51058764	13118498	919.9675	22272.2	1.5619	6416.11	0.4499	4155.0578546062	1250000000	87659.375	1263118498	88579.3438	DPOOL
516168	0000000000000000001b10f9017bfd8af267b201db5951fc5b4dbcf7d2c9f533	2018-04-01 19:04:52	2018-04-01 18:19:12	381066	315496	1327554	536870912	20000000	100000000000000000000000000000	4fbb8de7498be421b2c861c068c00a990a831045fe606fdf7b5324107879c1c6	2704711352	391129783	3511060552899.7	00000000000000000000000000000000000000000166aecb520758b70669c971	0348e0071a4d696e656420627920416e74506f6f6c343560205ac12d540392fabe6d6d472166ba15a111aa89f20ef6425022f3bd704f2d9d57f66160334ce2bae1dbe70400000000000000ed0000009ce00100	893	282	1838	2000	273017966211	19146068	274267966211	19233726	8810493	617.8578	23140.9	1.6228	6639.61	0.4656	13168.252186942	1250000000	87659.375	1258810493	88277.2344	AntPool
516169	0000000000000000003c5a0882abeaa1166fe9edae0e6be33848f7f517576fc0	2018-04-01 19:07:17	2018-04-01 18:23:03	97676	74351	320729	536870912	20000000	100000000000000000000000000000	ed12a6a8d6cf2ca19ae7cb689e27c5dc90109bedbb5732f1affd63d4a1782051	129920936	391129783	3511060552899.7	00000000000000000000000000000000000000000166b1fcd0bd34309a22ecba	0349e007122f3538636f696e2e636f6d2f2d205ac12de5371b00004f450000	237	82	435	557	24280623218	1702739.375	25530623218	1790398.75	2040043	143.0631	20945.9	1.4689	6377.37	0.4472	293.20161844893	1250000000	87659.375	1252040043	87802.4375	58COIN
516170	000000000000000000322a16043bee08438034c10eeae6e6cc149b46d73fc53d	2018-04-01 19:07:33	2018-04-01 18:35:04	251	251	1004	536870930	20000012	100000000000000000000000010010	673a2df7c41fdd0df6a6ff3980907bb3d20c541692a098dfb15ad47342394124	2654185562	391129783	3511060552899.7	00000000000000000000000000000000000000000166b52e4f730faa2ddc1003	034ae00741d6b04b7ae38c2d41d6b04b7ae379272f4254432e544f502ffabe6d6d5710ac72bfd7b94698115451d9b241f6b6e3b08f0ac37f2beadab5cc4c0557498000000000000000d8002355491a000000000000	1	0	1	1	0	0	1250000000	87659.375	0	0	0	0	0	0	0	1250000000	87659.375	1250000000	87659.375	BTC.TOP
516171	000000000000000000341ee14ff919cdf1e56a2cc1c61bf4045e185ec965acd2	2018-04-01 19:21:11	2018-04-01 18:45:28	827051	672296	2843939	536870912	20000000	100000000000000000000000000000	f265064d6590833284da22937ba82d5c1bfd98c994b740f2b018bf82ef38d906	500245545	391129783	3511060552899.7	00000000000000000000000000000000000000000166b85fce28eb23c195334c	034be00741d6b04c49f146c641d6b04c49dc01d92f4254432e544f502ffabe6d6d5717e36476e7cfddf0fbdb260495a3e702f29181937552e8c36aec7ca1782f3e8000000000000000d600fa31a772010000000000	1662	589	3893	4735	369863055025	25937572	371113055025	26025230	15812322	1108.8787	19126.7	1.3413	5559.93	0.3899	38516.96525068	1250000000	87659.375	1265812322	88768.25	BTC.TOP
516172	000000000000000000057cd23e705a7cd4fd69aa63e5747d59ab3b6e25fb75d1	2018-04-01 19:25:08	2018-04-01 18:58:07	132215	109550	460865	536870912	20000000	100000000000000000000000000000	046c08484ebc72d2855d62ddc4898803b88e5518bb143a4b3d432f2c800ccc97	3493806558	391129783	3511060552899.7	00000000000000000000000000000000000000000166bb914cdec69d554e5695	034ce00741d6b04c7d63cb3d41d6b04c7d1531a02f4254432e544f502ffabe6d6d6b223e74df377cf39fe40da042e36774c783ca348f1a057dbd90790dd80417c28000000000000000dd009b408faeaa2a00000000	364	121	614	784	107889676611	7566033.5	109139676611	7653692.5	2221445	155.7844	16844.6	1.1813	4830.28	0.3387	14215.659803089	1250000000	87659.375	1252221445	87815.1562	BTC.TOP
516173	0000000000000000000d22450cfe6d83f70c099e7dfbf1f659b1c3992dbe93ae	2018-04-01 19:41:11	2018-04-01 19:04:52	729962	596813	2520401	536870912	20000000	100000000000000000000000000000	0677ca9db1335f8682690125ad0913fb6fd319f1c65e129e8e5c26bd01634091	142996104	391129783	3511060552899.7	00000000000000000000000000000000000000000166bec2cb94a216e90779de	034de007fabe6d6dd0b07ca0c3813b81cc8b571d569f6717715f6f3e934568dc93b1d650ab1509d4010000000000000029650800bdc301e71300003d18062f736c7573682f	1714	592	3415	3997	564520324289	39588400	565770324289	39676060	18499099	1297.2955	25355.5	1.7782	7340	0.5147	46279.922729737	1250000000	87659.375	1268499099	88956.6719	SlushPool
516174	0000000000000000003f605c532faa962619a87f643ccb6853ee19d6b598affa	2018-04-01 19:43:56	2018-04-01 19:07:17	174376	130732	566572	536870912	20000000	100000000000000000000000000000	7ae862ddff14972991f687f526def5470d6d42cab39338f56e2737ef968d24c2	2462319028	391129783	3511060552899.7	00000000000000000000000000000000000000000166c1f44a4a7d907cc09d27	034ee007174d696e656420627920416e74506f6f6c6819205ac1367cfabe6d6dcff977508c65f68383c8eb88777dd7f2ddf271d3c0cede2b9f7c115404cc437d040000000000000004460000088a0000	390	144	842	884	185115980519	12981721	186365980519	13069380	3801199	266.5686	21840.3	1.5316	6719.89	0.4713	46506.195442913	1250000000	87659.375	1253801199	87925.9453	AntPool
516175	0000000000000000004b1a0e778fcc330d5ed71520417c4a2cd0744a6e089357	2018-04-01 19:45:23	2018-04-01 19:07:33	88748	66867	289349	536870912	20000000	100000000000000000000000000000	9f23520003e10bed52a7c52c70a74975d10e245ac02c034ca8a59db35cba509c	3687627948	391129783	3511060552899.7	00000000000000000000000000000000000000000166c525c900590a1079c070	034fe0072cfabe6d6da795b295d78d186d20e3c231a4787c17c272f78a211b034240545b46203ece5a04000000f09f909f134d696e65642062792079616e677469616e6b6500000000000000000000000000000000000000000000000000000000000000	205	71	389	463	145046067438	10171718	146296067438	10259377	1720989	120.6887	19470.4	1.3654	5972.01	0.4188	24785.523135802	1250000000	87659.375	1251720989	87780.0625	F2Pool
516176	0000000000000000004df307a8a1627d1f5684fc47c6f19b816299eb5a8b32d7	2018-04-01 20:06:03	2018-04-01 19:21:11	1142536	950171	3993049	536870912	20000000	100000000000000000000000000000	0ee046cd814aef114a69b6720f81a671999a83c006bcb9540529c42cbc11dbb3	656339764	391129783	3511060552899.7	00000000000000000000000000000000000000000166c85747b63483a432e3b9	0350e007fabe6d6d481c58c7262fe751ea2cdfc62230cd0a06ad55fccf4047a33e53d90abb0a96740100000000000000036506009a4cbc75be000034e9042f736c7573682f	2058	773	5126	8106	719843645656	50480836	721093645656	50568496	26354417	1848.1694	23074.1	1.6181	6599.54	0.4628	28438.705568637	1250000000	87659.375	1276354417	89507.5469	SlushPool
516177	0000000000000000000e6d855c325e842184b85d0ee1f60b35fbad89c35cad79	2018-04-01 20:06:18	2018-04-01 19:25:08	55662	48216	200310	536870912	20000000	100000000000000000000000000000	e9a14befbb90ea7c9e9c37072bbff761b5bc330245597f67a931ba434ffd56f5	1177164079	391129783	3511060552899.7	00000000000000000000000000000000000000000166cb88c66c0ffd37ec0702	0351e007fabe6d6d26329ac928e16a155ba613c754f809707592dd80b5c433c1e83e0ab9a605e580010000000000000029650700cba19596eb00009b18062f736c7573682f	100	42	247	464	26596286418	1865131.125	27846286418	1952790.5	420547	29.4919	7606.07	0.5334	2113	0.1482	850.32654264104	1250000000	87659.375	1250420547	87688.8672	SlushPool
516178	00000000000000000024311876e4ecd878e2402891a2af81ed820d24955658f9	2018-04-01 20:15:09	2018-04-01 19:41:11	443829	352128	1500213	536870912	20000000	100000000000000000000000000000	553f3a10d5c77f0ea6f60e0388e7ef2d0f1b82598721035bfa8f7bf478808531	3853381586	391129783	3511060552899.7	00000000000000000000000000000000000000000166ceba4521eb76cba52a4b	0352e007fabe6d6d0fcd05f8316ac38dcda63745c55ccd39f7b248d59ba509426a56a3a642f99b89010000000000000001650800955f49e3cd010020e9042f736c7573682f	920	292	2131	2103	309140191731	21679228	310390191731	21766888	9999676	701.2523	22549.4	1.5813	6668.87	0.4677	6309.6432338207	1250000000	87659.375	1259999676	88360.625	SlushPool
516179	00000000000000000030b1be94430c739bc5fe51b8f48661f0f4ce388da7bbe4	2018-04-01 20:24:56	2018-04-01 19:43:56	425135	353018	1484189	536870912	20000000	100000000000000000000000000000	591184ed962c73bd33ef343b8a5a851a709e87a79669a1c6516e67d3dfc0198c	3255593526	391129783	3511060552899.7	00000000000000000000000000000000000000000166d1ebc3d7c6f05f5e4d94	0353e007184d696e656420627920416e74506f6f6c343735205ac14014fabe6d6d4b8091e437ccf623bc1c7f6da3bd19ec591dd259e74007af1137daa8d05f5c76040000000000000085020000ee4b2490	985	275	2070	2280	152252861955	10677113	153502861955	10764772	11576185	811.8089	27250.7	1.911	7803.06	0.5472	955.71396978005	1250000000	87659.375	1261576185	88471.1875	AntPool
516180	0000000000000000000e1ed50524f7349c40316e740963fe808346708ec8cafc	2018-04-01 20:28:25	2018-04-01 19:45:23	180691	142947	609532	536870912	20000000	100000000000000000000000000000	6e14597e156458659732db1eaf073c28e0a19179b8223f161038a4a1d53eec11	1733015162	391129783	3511060552899.7	00000000000000000000000000000000000000000166d51d428da269f31770dd	0354e00704e940c15a642f4254432e434f4d2ffabe6d6d632efcce8b8107565f4fc24d622b00aa41c07321ebd173fac699ff83e47224bb01000000000000002e08ae37a7ed060000000000	401	193	890	916	68817789461	4826019.5	70067789461	4913679	2882280	202.1271	15980.3	1.1206	4734.8	0.3321	2106.2331564162	1250000000	87659.375	1252882280	87861.5	BTC.com
516181	0000000000000000004730f73f9e3f60562e1daa9fc226b5b18d771656eefc64	2018-04-01 20:28:55	2018-04-01 20:06:03	24155	19715	83300	536870912	20000000	100000000000000000000000000000	03bbe03e07f49fee99cce575c5fe86066d7cfe49bd735b034c1e70c9fe34a842	598926580	391129783	3511060552899.7	00000000000000000000000000000000000000000166d84ec1437de386d09426	0355e0076e76111bf525c911a21f5a7a1569e23d25dfe17ca0718c7b7f6d9338cd490e45fabe6d6d4c34e659a67a055611e28da965e797ab0b0615789d03f16e482c1fdd3cbb37e001000000000000001cd018730f13020000000000	64	24	105	140	8221616713	576561.4375	9471616713	664220.8125	377551	26.4767	15854.2	1.1118	4599.12	0.3225	164.88788688086	1250000000	87659.375	1250377551	87685.8516	Unknown
516182	0000000000000000003ba4ca55dc2c2a9d39fded69ebdec37a61aad2b7e0d737	2018-04-01 20:38:24	2018-04-01 20:06:18	335134	276407	1164355	536870912	20000000	100000000000000000000000000000	c41377d2a5f26fa58fdd245877b8198605ed03baee148adf2becc5d57218b14e	2948112406	391129783	3511060552899.7	00000000000000000000000000000000000000000166db803ff9595d1a89b76f	0356e0071a4d696e656420627920416e74506f6f6c313649205ac143401000fabe6d6da5028139cfb957f2b1c289585d568716bfe69dccd98fd3dbe8a700b647c8adef0400000000000000833c00008ceb0100	812	274	1594	1885	281584959696	19746850	282834959696	19834508	10407003	729.8171	31084.2	2.1798	8942.78	0.6272	10636.274167306	1250000000	87659.375	1260407003	88389.1953	AntPool
516183	0000000000000000002af2a09688d19fa0e5dea024396940eadfd5d409c94396	2018-04-01 20:40:47	2018-04-01 20:15:09	214812	161217	698463	536870912	20000000	100000000000000000000000000000	98ac02945a921a0d8c32c9a027f70e45eba9b2ad16b33c02d1bef75a8f785d1a	4073542574	391129783	3511060552899.7	00000000000000000000000000000000000000000166deb1beaf34d6ae42dab8	0357e007fabe6d6d2cbda4eaa187e6adc366876ccfc2ec0c2c4ac7bd48d301711ddac856a8e58916010000000000000029650500cb15a1cb5b0100031b062f736c7573682f	385	173	1109	859	91165750713	6393226	92415750713	6480885.5	3023513	212.0314	14099.6	0.9888	4335.18	0.304	1235.8694985133	1250000000	87659.375	1253023513	87871.4062	SlushPool
516184	000000000000000000429675a06f7e7cbb862596ae5175803fa1b74a186d384a	2018-04-01 20:44:10	2018-04-01 20:24:56	161699	132963	560588	536870912	20000000	100000000000000000000000000000	5c2655bb6a1a5463ebc8e91ccf49017095b31345b966a64c4e07b1bb41841c5d	1520447092	391129783	3511060552899.7	00000000000000000000000000000000000000000166e1e33d65105041fbfe01	0358e007fabe6d6d5c10311555cb01a6e618b13f59e0da4bf5df5c3a7596254f8fb900cb71f2098b0100000000000000216505002fade260beaaeae8b2012f736c7573682f	378	135	777	856	197752522255	13867890	199002522255	13955549	3514560	246.4673	21785.5	1.5277	6281.74	0.4405	1451.5685123454	1250000000	87659.375	1253514560	87905.8438	SlushPool
516185	00000000000000000030dadaac7dfa4d41833e063c655c38d0c0f946d6ddadea	2018-04-01 20:45:12	2018-04-01 20:28:25	39292	22372	106408	536870912	20000000	100000000000000000000000000000	0872276378c4d3aac27ec126ea835f13a1511fbac9f9ee12b97a916b123d6b3b	1710046481	391129783	3511060552899.7	00000000000000000000000000000000000000000166e514bc1aebc9d5b5214a	0359e007fabe6d6dbb78d50d92d54dc887634601531196ee0a9190895ae26734581efbfa36f0f5bc0100000000000000266507009dc305000925f0560a052f736c7573682f	56	27	195	119	5204533645	364980.9375	6454533645	452640.3125	307886	21.5913	7910.54	0.5548	2930.02	0.2055	51.711263267	1250000000	87659.375	1250307886	87680.9688	SlushPool
516186	0000000000000000002c25ab66b489964bae163f03c95ab9730cf597c47646ce	2018-04-01 20:46:13	2018-04-01 20:28:55	93728	87386	355886	536870912	20000000	100000000000000000000000000000	4bcd6e529e5b2a93aef0fde33d177ac43a856e6876c630c5456774e476ba619f	3415022952	391129783	3511060552899.7	00000000000000000000000000000000000000000166e8463ad0c743696e4493	035ae007174d696e656420627920416e74506f6f6c6d11205ac14515230d000016360300	164	44	518	358	18917052564	1326605.625	20167052564	1414265	3865006	271.0432	41362.2	2.9006	10888.8	0.7636	551.5990713947	1250000000	87659.375	1253865006	87930.4219	AntPool
516187	00000000000000000024b71c68ebea788cbd83a64eade9d50be58d0c7b48192f	2018-04-01 20:50:25	2018-04-01 20:38:24	191018	160450	672368	536870912	20000000	100000000000000000000000000000	b98b99b01f3154d80482948595f488416de2ba080af8697772f8203d645fcbbc	775869960	391129783	3511060552899.7	00000000000000000000000000000000000000000166eb77b986a2bcfd2767dc	035be007503b655560c65d0c6bb74109b8b7cf4d93c4a6786989554e615ee626ddb5522afabe6d6d689be464c7b79284e161535b3ec85418c9f2e2b27c9eaa138ebafecf1ecfd87601000000000000001cb004212d3600e000000000	444	150	899	1072	151560980367	10628593	152810980367	10716252	4553232	319.3068	23879.5	1.6746	6781.5	0.4755	3393.2449977512	1250000000	87659.375	1254553232	87978.6797	Unknown
516188	0000000000000000004221b33e399a670af783d2304beacf6d6ba033a5dd3c5d	2018-04-01 21:01:24	2018-04-01 20:40:47	522699	414910	1767429	536870912	20000000	100000000000000000000000000000	65a53e6cff8c80db866fcf34f195e2d1210029836e1cb8e718f0beb3d2c2f3b3	1559246450	391129783	3511060552899.7	00000000000000000000000000000000000000000166eea9383c7e3690e08b25	035ce007194d696e656420627920416e74506f6f6c3826205ac148a3047cfabe6d6db83fd9b19378cf6812358dbd0ef5649a4a133fffb9aaa6cc6e4c295138162fdf04000000000000003e410000cb731cc7	1031	349	2599	2428	381540458734	26756478	382790458734	26844138	12570691	881.5511	24064.9	1.6876	7114.32	0.4989	11616.260615244	1250000000	87659.375	1262570691	88540.9297	AntPool
516189	00000000000000000033d16db780939c897973dbf7daa4ea2c5c4d60053c10e7	2018-04-01 21:14:28	2018-04-01 20:44:10	837403	571892	2553079	536870912	20000000	100000000000000000000000000000	c9ba81780a0d007a86a994e7e7ae2a5037594ca9d21f861097b15089e35c9b90	1678585570	391129783	3511060552899.7	00000000000000000000000000000000000000000166f1dab6f259b02499ae6e	035de0070004b54bc15a04799b15010cdd595b5a3d88c15acf2801002cfabe6d6db2c01ea4b631cd16ccbd9c534f6472b96064172b511f6de248cc39cb3c7bbf370100000000000000152f426974436c7562204e6574776f726b2f4e59412f	1361	546	4109	3592	477044401040	33453932	478294401040	33541590	12295245	862.2348	14688.7	1.0301	4816.1	0.3377	6290.4267423911	1250000000	87659.375	1262295245	88521.6094	BitClub Network
516190	0000000000000000004407c94a6c31ff4b873b934fd2b4c3050e1951f6707bd8	2018-04-01 21:24:54	2018-04-01 20:45:12	533965	425163	1809454	536870912	20000000	100000000000000000000000000000	93a454450f5a52b089dcbc944725321280bed0274f69fdb87897cdf1da305c4a	4027386456	391129783	3511060552899.7	00000000000000000000000000000000000000000166f50c35a83529b852d1b7	035ee007fabe6d6d205ea39a32ad7c370d0a05256d5b9814e3305a5d0840b24d6a9781efb579ac06010000000000000029650700cdc9288d2ecd67fe19062f736c7573682f	1063	323	2543	3105	285999487961	20056430	287249487961	20144088	18926107	1327.2406	35469.2	2.4874	10463.7	0.7338	133463.39181381	1250000000	87659.375	1268926107	88986.6172	SlushPool
516191	0000000000000000004e59077db0116faa582404862cb6e21027ebe7cb7330d3	2018-04-01 21:41:45	2018-04-01 20:46:13	668644	531880	2264284	536870912	20000000	100000000000000000000000000000	9805c22a55c68bba21971f2e63a641107f2b9fc4e99a67dedde93888c621db86	704857928	391129783	3511060552899.7	00000000000000000000000000000000000000000166f83db45e10a34c0bf500	035fe00700041952c15a0464ea812b0c1046af72765a5515000000000a2ef09f90882e12204b616e6f506f6f6c20283d4f2e4f3d2920	1507	613	3228	3572	452547879408	31736052	453797879408	31823710	15430083	1082.0731	23087.2	1.619	6813.81	0.4778	34566.624838319	1250000000	87659.375	1265430083	88741.4453	KanoPool
516192	0000000000000000001a9b771d1b871429572499cca23159b61a80afdefdaa5e	2018-04-01 21:47:23	2018-04-01 20:50:25	219741	181972	765657	536870912	20000000	100000000000000000000000000000	cf9e46db65baf4f851d7b709f7866b5995d55d781c8020010455702397198ebb	1325442478	391129783	3511060552899.7	00000000000000000000000000000000000000000166fb6f3313ec1cdfc51849	0360e00741d6b054db99bfdf41d6b054da69b0982f4254432e544f502ffabe6d6de61c44dee4d92f24a3b46da854c42227e5d805d73e8df8607cd765971ce434b98000000000000000df00ad7e073f00c000000000	509	163	1071	1230	346853306300	24323956	348103306300	24411614	4498582	315.4743	20503.6	1.4379	5882.22	0.4125	5787.4197165625	1250000000	87659.375	1254498582	87974.8516	BTC.TOP
516193	000000000000000000120d469b7883dad16abbafb4c9c50041098aa2b6e8e402	2018-04-01 21:53:36	2018-04-01 21:01:24	252286	212973	891205	536870912	20000000	100000000000000000000000000000	13871cc053947ce86261da4873f8b427d4953e99584b6c48518cba4544875819	2948614672	391129783	3511060552899.7	00000000000000000000000000000000000000000166fea0b1c9c796737e3b92	0361e0072cfabe6d6d955c93c410fc866730d1f315a06de4df67d7c45a1b445a4a85e34885b16e0dcb04000000f09f909f164d696e656420627920616e64726579627572616e6f7600000000000000000000000000000000000000000000000000000000	670	225	1126	1804	72277426986	5068635.5	73527426986	5156294.5	5604154	393.0053	22245.2	1.56	6294.06	0.4414	1758.5454726125	1250000000	87659.375	1255604154	88052.3828	F2Pool
516194	0000000000000000002a3921086d1c53695eca279c8faab4fc340f8859d7524d	2018-04-01 22:17:54	2018-04-01 21:14:28	1146491	931407	3940712	536870912	20000000	100000000000000000000000000000	23d7cc09ec4ef2a90fb7fba563e1c11b7b222584ad242afe43befcfd39f21b70	1237584234	391129783	3511060552899.7	0000000000000000000000000000000000000000016701d2307fa31007375edb	0362e007fabe6d6d1ec1226b5941159947b5d9a8cd762fd6bac218fdce43f313d8ced4d2ad8f9aa4010000000000000007650800734dd8e936000058f2022f736c7573682f	2286	761	5755	5508	845296205844	59278508	846546205844	59366168	24193562	1696.634	21109.1	1.4803	6138.92	0.4305	27078.254895211	1250000000	87659.375	1274193562	89356.0078	SlushPool
516195	0000000000000000000ab5e83e412d3afa2d74b3b1ff138206550ef2e0d41823	2018-04-01 22:41:01	2018-04-01 21:24:54	773325	629779	2662662	536870912	20000000	100000000000000000000000000000	23598bcd68aff8c1b6df77de1dfc042b18253045b4701d897a0a080b3dee6cdc	1429088132	391129783	3511060552899.7	000000000000000000000000000000000000000001670503af357e899af08224	0363e00704fe5fc15a642f4254432e434f4d2ffabe6d6d0bc53b06150d2fdd209e91632f91f4985fd5cbc7c05705027e71bf72ec9bc8a9010000000000000067d077414a16010000000000	1855	739	3681	4279	867727634960	60851568	868977634960	60939228	18953143	1329.1366	24519	1.7195	7117	0.4991	1351473.1543787	1250000000	87659.375	1268953143	88988.5078	BTC.com
516196	0000000000000000001363bae9c71900ea7f9bbaa9c9587b317d23a5bdeb2722	2018-04-01 22:53:57	2018-04-01 21:41:45	555005	477619	1987862	536870912	20000000	100000000000000000000000000000	f7e532ab41f03026e19e992a9c8d254834b9a98acb42250ef37aba70b51d64eb	1361170161	391129783	3511060552899.7	0000000000000000000000000000000000000000016708352deb5a032ea9a56d	0364e007174d696e656420627920416e74506f6f6c6610205ac16305fabe6d6d07b561621f441cbb3e0e94365989d6b776dd6b55f8a5a325cc634dfa8320790c04000000000000006201000057fb0100	1116	386	2870	2504	666095628204	46711620	667345628204	46799280	13985065	980.7377	25213.1	1.7681	7036.52	0.4935	56249.385067054	1250000000	87659.375	1263985065	88640.1094	AntPool
516197	0000000000000000002677fc05acb4126f11611de81c557abcea624791cd00dd	2018-04-01 23:10:54	2018-04-01 21:47:23	567744	469373	1975863	536870912	20000000	100000000000000000000000000000	280b2ff3c804dafab68021afc859cfe96e77daabbe8f27fceca5bbf6be6a8c5a	368720667	391129783	3511060552899.7	000000000000000000000000000000000000000001670b66aca1357cc262c8b6	0365e007fabe6d6de564b365a270f5b277a883d9043e4bbdb60e48e938bb7e40c219946309bdfd800100000000000000036505009baf8b2d06000003ec042f736c7573682f	1326	515	2702	3148	476504988247	33416104	477754988247	33503762	11917888	835.7717	21005.5	1.473	6032.64	0.4231	10744.089141899	1250000000	87659.375	1261917888	88495.1484	SlushPool
516198	0000000000000000000377c4ebb1d335974612d5a5294f9ee2b314d3c0c9e48a	2018-04-01 23:12:16	2018-04-01 21:53:36	52562	37157	164033	536870912	20000000	100000000000000000000000000000	4a61fe343a88016dc7a5b99fa14d6c78662ede2fc292f6ddc029996afee66a25	1129581888	391129783	3511060552899.7	000000000000000000000000000000000000000001670e982b5710f6561bebff	0366e007045067c15a612f4254432e434f4d2ffabe6d6dce07530cd66c454d150887febec918ee259ce31b124c36574ef465c153b411f701000000000000006791f7105faa050000000000	107	40	271	228	4611888132	323420.1875	5861888132	411079.5625	1190264	83.4702	22785.4	1.5979	7305.1	0.5123	15.847254316868	1250000000	87659.375	1251190264	87742.8438	BTC.com
516199	0000000000000000003d80afb60e9cd5fe1af984932e2104ca8bbb3184227b35	2018-04-01 23:21:40	2018-04-01 22:17:54	373976	299383	1272125	536870912	20000000	100000000000000000000000000000	7b12b88fb663af04b927e5b66523270353b7fadf9633805d151dc81363931508	76152581	391129783	3511060552899.7	0000000000000000000000000000000000000000016711c9aa0cec6fe9d50f48	0367e007048569c15a642f4254432e434f4d2ffabe6d6d385e2562b6746c20f401e867efb8fb38215d46195cccef4398aa04ca76e2bdce01000000000000006ddf5845e5a1010000000000	830	299	1740	1874	2008853528554	140875872	2010103528554	140963536	8732191	612.3667	23370	1.6389	6867.37	0.4816	6050.5717745602	1250000000	87659.375	1258732191	88271.7422	BTC.com
516200	00000000000000000003b4613cbfc4a625aa6f71cfd61eb44c049ec32c180959	2018-04-01 23:33:28	2018-04-01 22:41:01	412893	296619	1302750	536870912	20000000	100000000000000000000000000000	087ec6291957c9e62ee6d1ff168618c5be1575d3d5c77ef3e237b53f5e2b4e24	2638047679	391129783	3511060552899.7	0000000000000000000000000000000000000000016714fb28c2c7e97d8e3291	0368e007fabe6d6d758efcb55a9d275ed78e25182892e59c6a3cb1ac8839755550aa11510611f4d4010000000000000029650800b6a284000c0f642f1c062f736c7573682f	918	369	2006	2008	392618545748	27533358	393868545748	27621016	9509783	666.8973	23052.9	1.6166	7303.02	0.5121	35036.425374608	1250000000	87659.375	1259509783	88326.2734	SlushPool
516201	000000000000000000221034b9a9a125a2bf3f10905526815a2f3b8011c66cc2	2018-04-01 23:53:44	2018-04-01 22:53:57	803996	677309	2835923	536870912	20000000	100000000000000000000000000000	dad49f7ca40f5f188a3d782edd05b7fc40da62fb5dbfc36a850eee7f1f2cf00e	3882124636	391129783	3511060552899.7	00000000000000000000000000000000000000000167182ca778a363114755da	0369e0072cfabe6d6d28520bb5e9be8f44d292c7e058a4e50340c032a29820ef3ee6616c2740f6374304000000f09f909f154d696e6564206279207a68616e676d696e303431380000000000000000000000000000000000000000000000000000000000	1535	598	4158	3532	715421022467	50170688	716671022467	50258348	14682735	1029.6635	18270.4	1.2812	5177.5	0.3631	14529.513538618	1250000000	87659.375	1264682735	88689.0391	F2Pool