id	hash	time	median_time	size	stripped_size	weight	version	version_hex	version_bits	merkle_root	nonce	bits	difficulty	chainwork	coinbase_data_hex	transaction_count	witness_count	input_count	output_count	input_total	input_total_usd	output_total	output_total_usd	fee_total	fee_total_usd	fee_per_kb	fee_per_kb_usd	fee_per_kwu	fee_per_kwu_usd	cdd_total	generation	generation_usd	reward	reward_usd	guessed_miner
362708	000000000000000014ef2d548ae9e142f81dfe0369cb6e9a33961297824eafb0	2015-06-27 00:00:09	2015-06-26 23:25:39	322613	322613	1290452	3	3	000000000000000000000000000011	bc3b4eaa27af697c3b5bc2099258f3f14d925c0be5c9ab689dded348c4762bd6	1196476440	404103235	49692386354.894	00000000000000000000000000000000000000000007f6b6e20948cb69b1cca5	03d4880507062f503253482f048ae78d5504de4e5d1d0828580efffd6902000a425720537570706f727420384d200a666973686572092f425720506f6f6c2f	566	0	1491	2489	675281546657	1651266	677781546657	1657379.25	9322544	22.7964	28917.7	0.0707	7229.42	0.0177	3362.837537213	2500000000	6113.25	2509322544	6136.0464	BW.COM
362709	00000000000000000b43af348cdffe2d1326f4771a428cef5c2046ae5f7d0582	2015-06-27 00:02:29	2015-06-26 23:26:46	123844	123844	495376	3	3	000000000000000000000000000011	0265f65bf120be6e9867e191d41c1d92eef5a473139ee351e9f08250d5686964	91551891	404103235	49692386354.894	00000000000000000000000000000000000000000007f6c273fa7eef84a84296	03d5880528fabe6d6d43fbb2ca66de71d126c49e65c70607ea3616f22839da0b63ba3c5bb9e1258e4f100000000b2f4256383030303030302f2a4e657720486f72697a6f6e73206973203230383332393134206b6d20746f20506c75746f2e0000000000	178	0	621	639	84506890914	206644.7031	87006890914	212757.9531	2501724	6.1175	20244.1	0.0495	5061.02	0.0124	645.00915243446	2500000000	6113.25	2502501724	6119.3677	F2Pool
362710	000000000000000004c2588ea5dda7997840bc50e4caef7124db4ef4cd306d62	2015-06-27 00:24:21	2015-06-26 23:40:31	549570	549570	2198280	3	3	000000000000000000000000000011	b0877155d583f0d033d043e54790f64e454be53b105518bf9b93373c94c5522f	2825089256	404103235	49692386354.894	00000000000000000000000000000000000000000007f6ce05ebb5139f9eb887	03d6880528fabe6d6d0538976dc3a34b6af75094fa54cb5ae5c53af055f9de5ef0320874a6b9001d19100000000b2f4256383030303030302f2ae696b0e8a696e9878ee8999fe8b79de586a5e78e8be6989f3230383134383437e585ace9878c00000000	1112	0	2802	3146	823905343777	2014695.75	826405343777	2020809	17227359	42.1261	31362.3	0.0767	7840.57	0.0192	2112.3945103716	2500000000	6113.25	2517227359	6155.376	F2Pool
362711	0000000000000000040d063bb8834c8d2bdb8bb1fd809e851ec998781a1bb5d0	2015-06-27 00:56:09	2015-06-26 23:48:57	749012	749012	2996048	3	3	000000000000000000000000000011	d83134fb12c9f9580f17ebab9685dcadac2f4932e19a1ff67fc34a6f01ec0b33	2081697942	404103235	49692386354.894	00000000000000000000000000000000000000000007f6d997dceb37ba952e78	03d78805062f503253482f049af48d55084800007b110264df092f426974467572792f	1685	0	3811	4101	1388708636508	3395809.25	1391208636508	3401922.5	26889078	65.7519	35909.1	0.0878	8977.28	0.022	772206.28086254	2500000000	6113.25	2526889078	6179.002	BitFury
362712	00000000000000000890c7fd3127201d4f23cff7f4f98d6a2ec2c10be859db9f	2015-06-27 00:57:18	2015-06-26 23:52:31	210277	210277	841108	3	3	000000000000000000000000000011	c38ffc95c05a3a902467abd81c57fc0b664ac26a42a9477099c8c5524f82d931	2501394692	404103235	49692386354.894	00000000000000000000000000000000000000000007f6e529ce215bd58ba469	03d8880528fabe6d6dae02fd9124740c01def36644ab38d5b8c2b5750309e417febb3bb9df24aeb043100000000b2f4256383030303030302f2ae696b0e8a786e9878ee58fb7e8b79de586a5e78e8be6989f3230373837363233e585ace9878c00000000	151	0	1172	734	523822773190	1280903.875	526322773190	1287017.125	2833125	6.9278	13490.4	0.033	3372.59	0.0082	892.65173048166	2500000000	6113.25	2502833125	6120.1777	F2Pool
362713	000000000000000005b7a2d0a052ca8bff4dd8fbcbf987ea9789b3c3dfb38808	2015-06-27 01:12:33	2015-06-27 00:00:09	749030	749030	2996120	3	3	000000000000000000000000000011	5fd377f7e67453644120fb450f2a0c33abea5e3ef47c8793a47990b94ec1a51a	3159191106	404103235	49692386354.894	00000000000000000000000000000000000000000007f6f0bbbf577ff0821a5a	03d9880506cbcde1b6e3fb08327bc458a0c4b37106457336e3ffce	1592	0	3704	4266	860059380716	2103103.25	862559380716	2109216.5	25483602	62.3151	34031	0.0832	8507.75	0.0208	8013.7090638645	2500000000	6113.25	2525483602	6175.5649	21 Inc.
362714	0000000000000000133abc98e7890b5868345ea325f22eac08f81cadd30378dd	2015-06-27 01:19:28	2015-06-27 00:02:29	253253	253253	1013012	3	3	000000000000000000000000000011	da4dfd87832e81a3ffc4d27d400c02593fe711d7870807aa05881e8807ea4a7c	3338808576	404103235	49692386354.894	00000000000000000000000000000000000000000007f6fc4db08da40b78904b	03da8805062f503253482f04fbf98d55083ffff7533103f8af092f426974467572792f	619	0	1247	1456	433687327046	1060495.625	436187327046	1066608.875	7704056	18.8387	30444.8	0.0744	7611.2	0.0186	671639.73564841	2500000000	6113.25	2507704056	6132.0889	BitFury
362715	000000000000000014150c0633e3cfcf727e6982c9a61795e1088a383d949cdd	2015-06-27 01:19:51	2015-06-27 00:24:21	17494	17494	69976	3	3	000000000000000000000000000011	318601e8f24b71835056e579877ee59c0446bbf57ddf00fefed23cdb454ef24a	4127304313	404103235	49692386354.894	00000000000000000000000000000000000000000007f707dfa1c3c8266f063c	03db8805062f503253482f0426fa8d55084800362870049611092f426974467572792f	35	0	88	96	67391114504	164791.4844	69891114504	170904.7344	534488	1.307	30907.8	0.0756	7726.94	0.0189	20.646638449804	2500000000	6113.25	2500534488	6114.5571	BitFury
362716	00000000000000001162942b17e66b6d084b64be94312fef044921bbfb6a8267	2015-06-27 01:37:25	2015-06-27 00:56:09	600443	600443	2401772	3	3	000000000000000000000000000011	88b01dc8740b579c5ef82dbc97f4b4802e279688e340ee8a36f3f29eaa5fb6c9	1374070258	404103235	49692386354.894	00000000000000000000000000000000000000000007f7137192f9ec41657c2d	03dc8805184b6e434d696e6572422d50322053c477a21b68c0558dfe5bd903000019cc0300	1086	0	3159	2795	932893506447	2281204.5	935393506447	2287317.75	17658119	43.1794	29420.2	0.0719	7355.05	0.018	12227.74851964	2500000000	6113.25	2517658119	6156.4292	KnCMiner
362717	00000000000000000cf68c1ceb6c797eb8cc27f6615f5d3e8cfe29f79ef56175	2015-06-27 01:51:45	2015-06-27 00:57:18	285701	285701	1142804	3	3	000000000000000000000000000011	8d34a47415f16d9a7bd53ab74ecf52740206d178b080e69bbd1adbc6522ce20e	908817492	404103235	49692386354.894	00000000000000000000000000000000000000000007f71f038430105c5bf21e	03dd880506cbcde1b6e3fb0841b03047714a25bf06457336e3ffce	470	0	1459	1439	655678713969	1603331.125	658178713969	1609444.375	7790121	19.0492	27285.3	0.0667	6821.33	0.0167	1823.0706925138	2500000000	6113.25	2507790121	6132.2993	21 Inc.
362718	000000000000000009ca83fcbae6c3ccbb7ec91fd65ecf11ba01321ba52e7773	2015-06-27 01:51:33	2015-06-27 01:12:33	276423	276423	1105692	3	3	000000000000000000000000000011	edc19a52b26aac8f393a1d9221c74c2d51e09e22efd70c9186c402416a7cb7df	1905954949	404103235	49692386354.894	00000000000000000000000000000000000000000007f72a957566347752680f	03de88051e4d696e656420627920416e74506f6f6c207573613015f7f6ef20558e01a55e02000012810700	358	0	1497	1162	515057386659	1259469.875	517557386659	1265583.125	6986808	17.0848	25295.1	0.0619	6323.77	0.0155	4079.7735293189	2500000000	6113.25	2506986808	6130.335	AntPool
362719	00000000000000001137f1e5a135b4d10e979c429527895de6de1bd726c9226f	2015-06-27 01:57:48	2015-06-27 01:19:28	255935	255935	1023740	3	3	000000000000000000000000000011	d4c8415a2f1629a4f8be92c46179ec3962f054aeef83104066bd65766c6b01ee	1398159897	404103235	49692386354.894	00000000000000000000000000000000000000000007f73627669c589248de00	03df8805192f416e74506f6f6c2f7363322f384d2f00c8a27120558e031c170a0000bfe80300	355	0	1302	1550	858882278573	2100224.75	861382278573	2106338	6101125	14.9191	23857.8	0.0583	5964.44	0.0146	7452.0904279995	2500000000	6113.25	2506101125	6128.1689	AntPool
362720	00000000000000000bd19ed1a1f18c85551acc7fe7a3026216d06ceba2d01cf9	2015-06-27 02:15:16	2015-06-27 01:19:51	475758	475758	1903032	2	2	000000000000000000000000000010	b717a3f4e7dbcca2be996bf3538f1b509927922deca941cc9f86a66aebfdb191	3628011254	404103235	49692386354.894	00000000000000000000000000000000000000000007f741b957d27cad3f53f1	03e0880504558e0689b35e447d0000265e	836	0	2272	3293	1270953093445	3107861.5	1273453093445	3113974.75	12715006	31.092	26736.2	0.0654	6684.05	0.0163	4699.7076825258	2500000000	6113.25	2512715006	6144.3418	Unknown
362721	00000000000000000c3aeadcc66dc71a4edea25cd6c4775b884ca3317019d507	2015-06-27 02:20:53	2015-06-27 01:37:25	171617	171617	686468	2	2	000000000000000000000000000010	1ecc78235b0d32fb3735fa264791ca08e8578fdd9a02b06fab48ac0055c013c6	3985971981	404103235	49692386354.894	00000000000000000000000000000000000000000007f74d4b4908a0c835c9e2	03e188051e4d696e656420617420474956452d4d452d434f494e532e636f6d558e0885fabe6d6d84522ab3b1a07a60a3bb943e0203e3d8b70e0cb57624d8131868bba55dbb553802000000000000005e010000547a0400	423	0	834	1062	241906386146	591533.6875	244406386146	597646.9375	7145707	17.4734	41699.5	0.102	10424.9	0.0255	691.97895307898	2500000000	6113.25	2507145707	6130.7231	Unknown
362722	000000000000000009d7eb1fc8d11e3f69242bfcf2cb47d38fbe5a4870b4a8ef	2015-06-27 02:23:13	2015-06-27 01:51:33	194880	194880	779520	3	3	000000000000000000000000000011	34c86cefbdebfc496dcbee7737356941cb7b51e18a213930fcb9fa4c9f72be0b	236602774	404103235	49692386354.894	00000000000000000000000000000000000000000007f758dd3a3ec4e32c3fd3	03e2880507062f503253482f04e7088e5504174fff380c49a1a2896a050000000000000a636b706f6f6c052f4b616e6f	233	0	916	1432	586147179866	1433305.75	588647179866	1439419	3951990	9.6638	20304.9	0.0497	5076.23	0.0124	603.62995679049	2500000000	6113.25	2503951990	6122.9136	KanoPool
362723	000000000000000014b335165e9355857d8b0257b44371a4220bdb926255537e	2015-06-27 02:44:24	2015-06-27 01:51:45	547467	547467	2189868	3	3	000000000000000000000000000011	dde4f4ab50578e3a21a38e709629ff98a96a033deff96f3be0fe52684e0c5349	693187935	404103235	49692386354.894	00000000000000000000000000000000000000000007f7646f2b74e8fe22b5c4	03e38805384d2f040a0e8e55081406961bd5a305000f5b4254434368696e612e636f6d5d20	1272	0	2738	3099	1864722436498	4559806	1867222436498	4565919	19522402	47.7381	35672.9	0.0872	8918.22	0.0218	3196.1849009981	2500000000	6113.25	2519522402	6160.9883	BTCC Pool
362724	0000000000000000082e953983dc2380e1bef66c4ebee1fe061604c49a4646fe	2015-06-27 02:47:11	2015-06-27 01:57:48	200058	200058	800232	2	2	000000000000000000000000000010	581b5bb32a82aec91df775f6520f60f5db644a880061eee2e00e352694bb93c9	719091851	404103235	49692386354.894	00000000000000000000000000000000000000000007f770011cab0d19192bb5	03e48805062f503253482f	393	0	941	1349	277014932153	677384.625	279514932153	683497.875	4206934	10.2872	22146.7	0.0542	5536.66	0.0135	691.71398772619	2500000000	6113.25	2504206934	6123.5371	Unknown
362725	00000000000000000cb485af9029721efd3b4536eb2485c1b906ac97c3d797d7	2015-06-27 03:05:35	2015-06-27 02:15:16	525386	525386	2101544	3	3	000000000000000000000000000011	33aa1e54e5c3e560ba71de375e36ea5d17e1d48569302938e3b0fbdd3383300f	1233888313	404103235	49692386354.894	00000000000000000000000000000000000000000007f77b930de131340fa1a6	03e588051d4d696e656420627920416e74506f6f6c20626a3602fe853c20558e12ff5923000027a30b00	1012	0	2672	2604	1425523089707	3485831.5	1428023089707	3491944.75	16404866	40.1148	31236.9	0.0764	7809.22	0.0191	4158.0378351048	2500000000	6113.25	2516404866	6153.3647	AntPool
362726	000000000000000015faf0fe1bb1a1e1391ac4ac87ddf49e40c12ef05e696b43	2015-06-27 03:22:22	2015-06-27 02:20:53	351167	351167	1404668	3	3	000000000000000000000000000011	f454223bd0b2d297b382c19369f70e9d745e150e0b6fb26e7acb072c4b62f1d0	780853601	404103235	49692386354.894	00000000000000000000000000000000000000000007f78724ff17554f061797	03e68805384d2f04f0168e5508e4090139672749920f5b4254434368696e612e636f6d5d20	745	0	1797	1819	825899731798	2019572.625	828399731798	2025685.875	11264365	27.5448	32095.7	0.0785	8023.92	0.0196	3207.6070333699	2500000000	6113.25	2511264365	6140.7949	BTCC Pool
362727	0000000000000000093eb1694b8a647f7955cae46fd4f2620553cf7456993239	2015-06-27 03:22:36	2015-06-27 02:23:13	11882	11882	47528	3	3	000000000000000000000000000011	19fc56878eb609b9b5c9ed64efb4db2bbbcc7cc17a912dc4fd6f773f14fa203b	3279579287	404103235	49692386354.894	00000000000000000000000000000000000000000007f792b6f04d7969fc8d88	03e78805384d2f04fd168e55085c094dbba00e00000f5b4254434368696e612e636f6d5d20	14	0	68	50	12171874958	29763.8848	14671874958	35877.1367	223117	0.5456	19104.1	0.0467	4776.03	0.0117	0.1670208040897	2500000000	6113.25	2500223117	6113.7954	BTCC Pool
362728	00000000000000000c5917663d4062ab604b13ff4112b38f504d355bce02c188	2015-06-27 03:49:05	2015-06-27 02:44:24	590511	590511	2362044	3	3	000000000000000000000000000011	0e24fd84789404ea564fab89bd41316a087df1998f3c870f953929f6deb76f31	2746302519	404103235	49692386354.894	00000000000000000000000000000000000000000007f79e48e1839d84f30379	03e88805062f503253482f041a1d8e5508180012f13108b45c092f426974467572792f	1310	0	2916	3382	1603074277716	3919997.5	1605574277716	3926110.75	16858071	41.223	28558.1	0.0698	7139.52	0.0175	18633.954947996	2500000000	6113.25	2516858071	6154.4731	BitFury
362729	00000000000000000f5921b3303f5e11374d2e86ddf6cc789d70483260b285bd	2015-06-27 03:51:49	2015-06-27 02:47:11	76983	76983	307932	3	3	000000000000000000000000000011	77a294bbd5612d6d4d45aa3e4352396e2fd971c67d3e9fe6e0cf780958a8ce22	1652257412	404103235	49692386354.894	00000000000000000000000000000000000000000007f7a9dad2b9c19fe9796a	03e98805384d2f04d61d8e5508d0031c336d8f01000f5b4254434368696e612e636f6d5d20	187	0	395	409	149573088161	365751.0625	152073088161	371864.3125	2578001	6.304	33576.5	0.0821	8394.12	0.0205	105.4839921019	2500000000	6113.25	2502578001	6119.5542	BTCC Pool
362730	00000000000000000688adc7f04d535b071ff613ae74f00a2a16292a77b4d275	2015-06-27 04:16:39	2015-06-27 03:05:35	488534	488534	1954136	3	3	000000000000000000000000000011	b09377a0bbfb7868ad034382e9dc6896f118de218a087b1a58a02c387c8fd3f1	1456880844	404103235	49692386354.894	00000000000000000000000000000000000000000007f7b56cc3efe5badfef5b	03ea8805384d2f04aa238e5508ec000066206203000f5b4254434368696e612e636f6d5d20	1035	0	2383	3142	1206021810245	2949085	1208521810245	2955198.25	16752736	40.9655	34306.2	0.0839	8576.56	0.021	7806.3311851222	2500000000	6113.25	2516752736	6154.2153	BTCC Pool
362731	00000000000000000a3474427b49001981f6e2c581e3d2dd2de35dd1e626fc5d	2015-06-27 04:19:51	2015-06-27 03:22:22	276014	276014	1104056	3	3	000000000000000000000000000011	b9433776b60170646eb9467014d52a6ace4b0d60fbf257b5e78623de71a72309	2045986886	404103235	49692386354.894	00000000000000000000000000000000000000000007f7c0feb52609d5d6654c	03eb880528fabe6d6dc8e515cf239555335484754faec665b3c64f348ce0e9c03e4aa29deb9f006975100000000b2f4256383030303030302f2a4e657720486f72697a6f6e73206973203230363230323539206b6d20746f20506c75746f2e0000000000	232	0	772	4524	169827264484	415278.5938	172327264484	421391.8438	3543766	8.6656	12851.5	0.0314	3212.87	0.0079	586.07841255133	2500000000	6113.25	2503543766	6121.9155	F2Pool
362732	00000000000000000b031d59be313ae54613a42dcb668498b97bf808783539f7	2015-06-27 04:31:16	2015-06-27 03:22:36	158003	158003	632012	3	3	000000000000000000000000000011	3ab7c18a6127e1c3a22153aa85342ebca2c7a209df118f882760a1c0791a3ded	525305200	404103235	49692386354.894	00000000000000000000000000000000000000000007f7cc90a65c2df0ccdb3d	03ec8805384d2f04aa258e5508140816f3000000220f5b4254434368696e612e636f6d5d20	284	0	833	658	235024404786	574705.1875	237524404786	580818.4375	4033624	9.8634	25561.9	0.0625	6390.49	0.0156	249.01058658633	2500000000	6113.25	2504033624	6123.1133	BTCC Pool
362733	0000000000000000115e7a86ee65b6c38d323c5e67835460300d8f25cd9b11d4	2015-06-27 04:39:22	2015-06-27 03:49:05	539913	539913	2159652	3	3	000000000000000000000000000011	263893b8fbc422a16a774a39fe7108164b6929c1659ea3800d7ead16cb6c8051	3448717257	404103235	49692386354.894	00000000000000000000000000000000000000000007f7d8229792520bc3512e	03ed88051b2f416e74506f6f6c2f7363322f384d2f00c8a27120558e28fa0b00470e0000470b0900	886	0	2839	1999	690401312941	1688238.375	692901312941	1694351.625	12839890	31.3974	23790.6	0.0582	5947.64	0.0145	1580.8675533152	2500000000	6113.25	2512839890	6144.6475	AntPool
362734	00000000000000001444df13283b08c225adf0d112a239697c2eae1038b0fc52	2015-06-27 04:44:28	2015-06-27 03:51:49	127506	127506	510024	3	3	000000000000000000000000000011	a4124f35af312bbdec71f07b754763c45a8557dfb9530d6c2e95a47d8d24ab86	1460652211	404103235	49692386354.894	00000000000000000000000000000000000000000007f7e3b488c87626b9c71f	03ee8805062f503253482f04ff298e550850003959510127d5092f426974467572792f	253	0	660	568	159336929605	389626.5938	161836929605	395739.8438	3049377	7.4566	23953.7	0.0586	5988.42	0.0146	295.35959825752	2500000000	6113.25	2503049377	6120.7065	BitFury
362735	00000000000000000164cfae6bf095569f7088495a24ff9b689514c0aa9d359c	2015-06-27 04:51:56	2015-06-27 04:16:39	222507	222507	890028	3	3	000000000000000000000000000011	63851028c111c6b76ee49d3d61b244647a5cca456d75e1aecb589a2442f95eeb	2818359974	404103235	49692386354.894	00000000000000000000000000000000000000000007f7ef4679fe9a41b03d10	03ef880507062f503253482f04ed2b8e55044023a138085678cf022ca58b2e0a425720537570706f727420384d200a666973686572092f425720506f6f6c2f	415	0	1098	989	285749174946	698742.4375	288249174946	704855.6875	6161812	15.0675	27721.4	0.0678	6930.36	0.0169	2042.0027491213	2500000000	6113.25	2506161812	6128.3174	BW.COM
362736	0000000000000000122d00133bfd325d5d2ca705b00f75ed8c1c4a36fae7819f	2015-06-27 05:33:25	2015-06-27 04:19:51	933272	933272	3733088	3	3	000000000000000000000000000011	4a37425edc83a147d0f618466db88ea093bb552ad38ac82e619f725f56cbc96f	3410254462	404103235	49692386354.894	00000000000000000000000000000000000000000007f7fad86b34be5ca6b301	03f08805204d696e656420627920416e74506f6f6c20757361311f10b53620558e35a506218b28000010d50a00	2030	0	4770	5314	3333879670791	8152336	3336379670791	8158449	30495750	74.5713	32683.6	0.0799	8170.91	0.02	11048.818188124	2500000000	6113.25	2530495750	6187.8213	AntPool
362737	0000000000000000138781826d0ddef4d2c8ddc17628fb52de6de4ed18be248a	2015-06-27 05:43:13	2015-06-27 04:31:16	491232	491232	1964928	3	3	000000000000000000000000000011	de996880de2e79f29bae6f12cfce3cb88189aab01a8d64cbb820cd5e03af7914	928941444	404103235	49692386354.894	00000000000000000000000000000000000000000007f8066a5c6ae2779d28f2	03f1880506cbcde1b6e3fb081797b4808e80eb0606457336e3ffce	459	0	2502	2843	1279343652934	3128379	1281843652934	3134492.25	7209798	17.6301	14682.8	0.0359	3670.7	0.009	1133.3754261514	2500000000	6113.25	2507209798	6130.8799	21 Inc.
362738	000000000000000001a461be3102eb80c270f3e1eadcb0d68e4001ca1ea54571	2015-06-27 05:39:57	2015-06-27 04:39:22	72091	72091	288364	2	2	000000000000000000000000000010	c34feadd0d61733d87fbdf9a2c102e1d2477accd9c4240008f5205801309f70f	3444653312	404103235	49692386354.894	00000000000000000000000000000000000000000007f811fc4da10692939ee3	03f2880504558e36b7cda0ff6200001166	108	0	412	268	195604129200	478310.7812	198104129200	484424.0312	2041924	4.9931	28396.3	0.0694	7099.08	0.0174	403.4511682216	2500000000	6113.25	2502041924	6118.2432	Unknown
362739	00000000000000000b83ee5011c4562a571644acfdf6c7e88bab2839673d6c20	2015-06-27 05:40:57	2015-06-27 04:44:28	101580	101580	406320	3	3	000000000000000000000000000011	a2d740243afd91331efff622c313a2da17c81b8d38ebbb5d656913905cd0f129	3227916153	404103235	49692386354.894	00000000000000000000000000000000000000000007f81d8e3ed72aad8a14d4	03f38805062f503253482f0445378e550838001ced3004930e092f426974467572792f	185	0	523	536	201218186575	492038.8438	203718186575	498152.0938	2780844	6.8	27430.2	0.0671	6857.54	0.0168	445.09465774066	2500000000	6113.25	2502780844	6120.0498	BitFury
362740	00000000000000000f882ece25ab47ae4cbe59863dc8ea32fafa836926197192	2015-06-27 05:48:16	2015-06-27 04:51:56	124097	124097	496388	3	3	000000000000000000000000000011	3121f95bbd3b313721082d63ab22bf0ab0488e80e9da7a5d41a074f92d4c034e	2911831135	404103235	49692386354.894	00000000000000000000000000000000000000000007f82920300d4ec8808ac5	03f4880506cbcde1b6e3fb08a4b676777108de5906457336e3ffce	263	0	621	648	427724458059	1045914.625	430224458059	1052027.875	3583799	8.7635	28924.5	0.0707	7231.12	0.0177	1331.2426450191	2500000000	6113.25	2503583799	6122.0137	21 Inc.
362741	00000000000000000cc14d3eafa9304913eea30ee6e02cb131893e11569e9761	2015-06-27 05:50:17	2015-06-27 05:33:25	253379	253379	1013516	3	3	000000000000000000000000000011	d4a8c2093875649dc22b653612c1620d3cf175db469c1e1335a2a946164ba18e	3395879217	404103235	49692386354.894	00000000000000000000000000000000000000000007f834b2214372e37700b6	03f58805062f503253482f048c398e5508580001194108a7be092f426974467572792f	308	0	1472	743	399577189162	977086.125	402077189162	983199.375	4171081	10.1995	16475	0.0403	4118.76	0.0101	2205.3963680473	2500000000	6113.25	2504171081	6123.4497	BitFury
362742	000000000000000015960c4fb0553ed21d75a161c4dc1b16e674fa3f67fdbbbe	2015-06-27 06:02:07	2015-06-27 05:39:57	368034	368034	1472136	3	3	000000000000000000000000000011	649d8f73e4c849b626dab3a00847afc977fdb0c0ac6b51f7914a17af57de7ebb	2092559361	404103235	49692386354.894	00000000000000000000000000000000000000000007f84044127996fe6d76a7	03f6880528fabe6d6d787e546cc4c48d90afe94c4dcf8a2e8e6532c676d74f869951decfa71fa0338d100000000b2f4256383030303030302f2ae696b0e8a696e9878ee8999fe8b79de586a5e78e8be6989f3230353335393639e585ace9878c00000000	614	0	1985	1494	519395315470	1270077.375	521895315470	1276190.625	9633149	23.5559	26193.7	0.0641	6548.42	0.016	29879.334729972	2500000000	6113.25	2509633149	6136.8062	F2Pool
362743	000000000000000013c2ff770db8dc33489c749ee12acceed326e46fea8ef156	2015-06-27 06:14:20	2015-06-27 05:40:57	444616	444616	1778464	3	3	000000000000000000000000000011	503e7fab87f947dce60421fdbce4db0a3cd9b92572fed53094690238e8b73347	3557017733	404103235	49692386354.894	00000000000000000000000000000000000000000007f84bd603afbb1963ec98	03f78805062f503253482f04233f8e550848001a83200e10ad092f426974467572792f	953	0	2330	2239	634919441173	1552568.5	637419441173	1558681.75	13536475	33.1007	30459.2	0.0745	7614.81	0.0186	3439.1207390756	2500000000	6113.25	2513536475	6146.3506	BitFury
362744	000000000000000010d522e6cfa1933dcea22df99e4dd79932011500a2e42256	2015-06-27 06:26:43	2015-06-27 05:43:13	412701	412701	1650804	3	3	000000000000000000000000000011	8491a0b83ae3af17f5a8088abdc590b80d9fc3c9b20b5221fc7b0742b865844d	1006093033	404103235	49692386354.894	00000000000000000000000000000000000000000007f85767f4e5df345a6289	03f8880528fabe6d6d373f942eecd46d2a16c1f46071df3a106e48d83e65d9041cbfb45ef241bb1ab6100000000b2f4256383030303030302f2ae696b0e8a786e9878ee58fb7e8b79de586a5e78e8be6989f3230353135373737e585ace9878c00000000	910	0	2187	1890	576783888885	1410409.625	579283888885	1416522.875	13630077	33.3296	33048	0.0808	8262	0.0202	59110.716131036	2500000000	6113.25	2513630077	6146.5796	F2Pool
362745	000000000000000003c7d700478a8243b948e3df85f63fece17d020fa50413cd	2015-06-27 06:27:02	2015-06-27 05:48:16	103840	103840	415360	3	3	000000000000000000000000000011	ef8af5e1196253f57dba541af28e018f1a8679e808adc151324197c35adc919a	4110188249	404103235	49692386354.894	00000000000000000000000000000000000000000007f862f9e61c034f50d87a	03f9880528fabe6d6d8b4ebbf3b1675816ef86157c1e9751f383314b7e5b7f0ed9a4e09646096a47e0100000000b2f4256383030303030302f2a4e657720486f72697a6f6e73206973203230353135313537206b6d20746f20506c75746f2e0000000000	79	0	592	162	50233863170	122836.8672	52733863170	128950.1172	730661	1.7867	7054.48	0.0172	1763.62	0.0043	387.04290067523	2500000000	6113.25	2500730661	6115.0366	F2Pool
362746	0000000000000000102dbd1e6ff3d7bce9bb14b35dc5a3aa00da8c646e647b82	2015-06-27 06:36:59	2015-06-27 05:50:17	461833	461833	1847332	3	3	000000000000000000000000000011	47c7a11027a83d6093c5afd529892ed21d0a7b21e08b7d2b97e5f793335edc70	1069289590	404103235	49692386354.894	00000000000000000000000000000000000000000007f86e8bd752276a474e6b	03fa8805184b6e434d696e6572422d50322053c477a21b68c0558e4492fb0500006f250200	1004	0	2406	2121	457090679808	1117723.875	459590679808	1123837.125	14491035	35.4349	31393.5	0.0768	7848.37	0.0192	12331.593940017	2500000000	6113.25	2514491035	6148.6851	KnCMiner
362747	0000000000000000057f37835f4695c8974efac83eddc0a075d06a46c377a722	2015-06-27 07:02:11	2015-06-27 06:02:07	749224	749224	2996896	3	3	000000000000000000000000000011	c6213ea3c5d455a1c6c3e396c674da96f02a7da0b330f17f015e102d7da15d05	1503108971	404103235	49692386354.894	00000000000000000000000000000000000000000007f87a1dc8884b853dc45c	03fb880507062f503253482f04754a8e5504b746ee0c08ec96e795db8103000a425720537570706f727420384d200a666973686572092f425720506f6f6c2f	1282	0	3972	3225	655281312302	1602359.375	657781312302	1608472.625	21581029	52.7721	28813.4	0.0705	7203.35	0.0176	14434.90686296	2500000000	6113.25	2521581029	6166.022	BW.COM
362748	00000000000000000465c4fe7b42dbfd607f58dfc2895f9d90b615f0774aa7f1	2015-06-27 07:09:54	2015-06-27 06:14:20	728974	728974	2915896	3	3	000000000000000000000000000011	ca0370237fa2b4b0ad4db8525fd0be8b7cc67988986b5ed433ffb855fe6044cb	1683930571	404103235	49692386354.894	00000000000000000000000000000000000000000007f885afb9be6fa0343a4d	03fc880528fabe6d6d25940115a5aed5272ad4aab35cee93751ffa1a8d11dcba19ac1efc035f8bf51a100000000b2f4256383030303030302f2ae696b0e8a786e9878ee58fb7e8b79de586a5e78e8be6989f3230343739373331e585ace9878c00000000	513	0	2906	7940	430917937662	1053723.625	433417937662	1059836.875	9563685	23.3861	13124.2	0.0321	3281.05	0.008	2015.3654845745	2500000000	6113.25	2509563685	6136.6362	F2Pool
362749	0000000000000000127f915944fa90ff649e6af65d471be46dda873ab0b22426	2015-06-27 07:21:00	2015-06-27 06:26:43	428237	428237	1712948	3	3	000000000000000000000000000011	6ec114dd977e4e7223f33ddc4786dac3a7d844e0383dc079ee85df5c9a6f073b	413882812	404103235	49692386354.894	00000000000000000000000000000000000000000007f89141aaf493bb2ab03e	03fd8805192f416e74506f6f6c2f7363322f384d2f00c8a27120558e4edc35070000e5080700	865	0	2178	2154	825818434437	2019373.75	828318434437	2025487	10331290	25.2631	24136.8	0.059	6034.19	0.0148	28160.887760907	2500000000	6113.25	2510331290	6138.5132	AntPool
362750	00000000000000000b08c2309bc6b94d2182eb17cf59b144816272d7faa4b09d	2015-06-27 07:23:34	2015-06-27 06:27:02	95721	95721	382884	3	3	000000000000000000000000000011	0f89a980c3e72e99a6e865eee6575d50615c7d9e189499a04eb644df08259b70	3874283209	404103235	49692386354.894	00000000000000000000000000000000000000000007f89cd39c2ab7d621262f	03fe88051d4d696e656420627920416e74506f6f6c207363313832f64320558e4f7673130000a28b0100	158	0	472	434	212154608457	518781.6562	214654608457	524894.9375	2114312	5.1701	22136.4	0.0541	5534.09	0.0135	240.51997477349	2500000000	6113.25	2502114312	6118.4199	AntPool
362751	00000000000000000b70de41c02d38cc2f7d9e16f2d9fada6562b2073e1ed1f2	2015-06-27 07:37:27	2015-06-27 06:36:59	553514	553514	2214056	3	3	000000000000000000000000000011	1ba8940f81b555f2b0c67a114198c8699de43bbceef55badf0dd7ef8090170b2	379191350	404103235	49692386354.894	00000000000000000000000000000000000000000007f8a8658d60dbf1179c20	03ff8805384d2f04b9528e55085c00023567cd01000f5b4254434368696e612e636f6d5d20	888	0	2912	2826	2054192041658	5023116	2056692041658	5029229	14319271	35.0149	25879.3	0.0633	6469.83	0.0158	2175.1950259651	2500000000	6113.25	2514319271	6148.2646	BTCC Pool
362752	00000000000000000416b90fb5b3ca49699f9fb55ef69d17f7a8c8c06db81091	2015-06-27 07:39:30	2015-06-27 07:02:11	75843	75843	303372	3	3	000000000000000000000000000011	0b9c77b77e344ca93e1953cdef1b5f7b36e728e04b44d13011a0ac1891b9a332	2921272092	404103235	49692386354.894	00000000000000000000000000000000000000000007f8b3f77e97000c0e1211	0300890528fabe6d6d3a6840dc3beab47dc11c3ba85e51a3fda832ee63fb8ed22236539ecd0f8e9005100000000b2f4256383030303030302f2ae696b0e8a786e9878ee58fb7e8b79de586a5e78e8be6989f3230343535323638e585ace9878c00000000	148	0	375	380	182574210896	446448.7188	185074210896	452561.9688	1967350	4.8108	26031.1	0.0637	6507.77	0.0159	704.84387284666	2500000000	6113.25	2501967350	6118.0605	F2Pool
362753	00000000000000000d634d5fb7e8c6194fa99fb2b8331de29c5cc3add51b4eba	2015-06-27 07:50:46	2015-06-27 07:09:54	438900	438900	1755600	3	3	000000000000000000000000000011	038f47382d6cd09c8c46e67bde021d2d53f334798790738c21ef8b1010894ffe	354163403	404103235	49692386354.894	00000000000000000000000000000000000000000007f8bf896fcd2427048802	030189051d4d696e656420627920416e74506f6f6c20626a371c84f2be20558e55d6cd1200000f580600	864	0	2263	2105	1063705882287	2601080	1066205882287	2607193.25	11813951	28.8887	26930.1	0.0659	6732.52	0.0165	15583.709956237	2500000000	6113.25	2511813951	6142.1387	AntPool
362754	00000000000000000f679a5b0b78a89d5e26bd4f78a584a0fa4d8d871ec458de	2015-06-27 08:00:22	2015-06-27 07:21:00	358557	358557	1434228	3	3	000000000000000000000000000011	bad5b7417e42ca8941227a287d10bf447c2e8141e470cddeb5ed561e6a49a5da	1272245295	404103235	49692386354.894	00000000000000000000000000000000000000000007f8cb1b61034841fafdf3	030289051e4d696e656420627920416e74506f6f6c20626a3602fe853c20558e581601822100000312d75a	616	0	1798	1488	864618975173	2114252.75	867118975173	2120366	8481768	20.7405	23669.2	0.0579	5917.3	0.0145	24945.288907232	2500000000	6113.25	2508481768	6133.9902	AntPool
362755	000000000000000000e4a9450c54f01b4a485e48bac09f0922fae41923c0ae76	2015-06-27 09:04:33	2015-06-27 07:23:34	999783	999783	3999132	3	3	000000000000000000000000000011	713bd53e4a708883b819844a45f93056c777511002f9ca3683e529089a2b4271	180471302	404103235	49692386354.894	00000000000000000000000000000000000000000007f8d6ad52396c5cf173e4	0303890528fabe6d6dfa396b9cc362d697f0b700a5bc6780d111af2438e334e90fc2924a33f7f0203d100000000b2f4256383030303030302f2a4e657720486f72697a6f6e73206973203230333834393736206b6d20746f20506c75746f2e0000000000	2778	0	4885	5838	3437031401284	8404573	3439531401284	8410686	44157091	107.9773	44178.5	0.108	11044.6	0.027	27317.747340802	2500000000	6113.25	2544157091	6221.2275	F2Pool
362756	000000000000000000edcb513a3a965ea090d92ca561b79e2f7c2f8eed62b804	2015-06-27 09:16:21	2015-06-27 07:37:27	749177	749177	2996708	3	3	000000000000000000000000000011	adfb8f013bdf972e33b706a0124724d24f66f117e8cfa52462dbc50b221b5098	147544570	404103235	49692386354.894	00000000000000000000000000000000000000000007f8e23f436f9077e7e9d5	0304890507062f503253482f04e6698e5504c7c79f1b082b494ec1987a02000a425720537570706f727420384d200a666973686572092f425720506f6f6c2f	1010	0	4030	3544	2527688940409	6180957.5	2530188940409	6187071	17068394	41.7373	22789.9	0.0557	5697.47	0.0139	8947.8131599361	2500000000	6113.25	2517068394	6154.9873	BW.COM
362757	0000000000000000139c26946d5d64f9297ddb5b29008019caaabcb7be4ac84d	2015-06-27 09:22:57	2015-06-27 07:39:30	749059	749059	2996236	3	3	000000000000000000000000000011	d627018155523fa648146780f5a106803598e16a04653af31bb4d047f5e5e8ab	3829642326	404103235	49692386354.894	00000000000000000000000000000000000000000007f8edd134a5b492de5fc6	0305890506cbcde1b6e3fb08445de131275f7a8006457336e3ffce	945	0	3910	3883	2134541789712	5219595	2137041789712	5225708.5	15445678	37.7693	20625.5	0.0504	5156.37	0.0126	10920.268843423	2500000000	6113.25	2515445678	6151.019	21 Inc.
362758	00000000000000000a8fd8b725a30bcabfda90b864d112303dd14d60b1d64501	2015-06-27 09:48:12	2015-06-27 07:50:46	922134	922134	3688536	3	3	000000000000000000000000000011	34cde5d0e310dddeaab84253962186bed7af88aa618b4df47eb97e028b2cceb9	340294982	404103235	49692386354.894	00000000000000000000000000000000000000000007f8f96325dbd8add4d5b7	030689051d4d696e656420627920416e74506f6f6c20626a35180f42fa20558e715c6e3100007127490f	1749	0	4808	4583	2546466460684	6226874.5	2548966460684	6232987.5	26779362	65.4836	29047.3	0.071	7261.81	0.0178	27865.31731218	2500000000	6113.25	2526779362	6178.7334	AntPool
362759	00000000000000000100f325285852d489b6ab8f05ad5ccb5ae6277a2ce7517e	2015-06-27 09:58:47	2015-06-27 08:00:22	572087	572087	2288348	3	3	000000000000000000000000000011	2f31962c75df86b7a8803dff420935808d97a8c4f239e59861d14f6dc286585a	3618561556	404103235	49692386354.894	00000000000000000000000000000000000000000007f904f51711fcc8cb4ba8	03078905384d2f04d9738e5508840002cbaf6201000f5b4254434368696e612e636f6d5d20	889	0	3034	2659	1258120997548	3076483.25	1260620997548	3082596.5	13579647	33.2063	23745.5	0.0581	5936.39	0.0145	45272.489838923	2500000000	6113.25	2513579647	6146.4561	BTCC Pool
362760	00000000000000000bd992b3493890c757cf9d59cd1ee5951bc9ffea8bc9525d	2015-06-27 10:20:56	2015-06-27 09:04:33	934430	934430	3737720	3	3	000000000000000000000000000011	75440b047c1645f05eda85ac19a38e9239fb1c13701ef3085205887f0d3d9d9d	798690395	404103235	49692386354.894	00000000000000000000000000000000000000000007f91087084820e3c1c199	03088905204d696e656420627920416e74506f6f6c20757361311f10b53620558e7908010d702400004e0b0d00	1563	0	4864	4853	2794088101038	6832383.5	2796588101038	6838497	25523976	62.4138	27321.2	0.0668	6830.31	0.0167	25309.418354119	2500000000	6113.25	2525523976	6175.6636	AntPool
362761	00000000000000000e4417153be20abb241664be0f11a57271bc7e19bca899ac	2015-06-27 10:44:41	2015-06-27 09:16:21	906197	906197	3624788	3	3	000000000000000000000000000011	d416f5cf45e99ea2ce46a48a18e6cb11253f594aeaf202cdde865a49082b051e	2036970188	404103235	49692386354.894	00000000000000000000000000000000000000000007f91c18f97e44feb8378a	030989051e4d696e656420627920416e74506f6f6c20626a312e3adc2320558e7e9901102c000034980c00	1611	0	4750	4399	3260846267550	7973747.5	3263346267550	7979860.5	28840984	70.5249	31833.8	0.0778	7958.45	0.0195	141423.2449003	2500000000	6113.25	2528840984	6183.7749	AntPool
362762	000000000000000006703b76a68a23b3077cccfb021ce68d1def09da511082e5	2015-06-27 11:12:12	2015-06-27 09:22:57	749187	749187	2996748	3	3	000000000000000000000000000011	ea5138090cf746d58983610898dd6d038e163a7cd0551b7a5f466a2f177a19c5	2293209541	404103235	49692386354.894	00000000000000000000000000000000000000000007f927aaeab46919aead7b	030a8905062f503253482f0414858e550818055e2cb84901000c2f2e2e2e2e2e2e2e2e2e2e2f	1531	0	3932	3612	2247703932303	5496310.5	2250203932303	5502423.5	23030513	56.3165	30749.1	0.0752	7687.28	0.0188	12811.262986246	2500000000	6113.25	2523030513	6169.5664	Telco 214
362763	00000000000000001086437d466741630efbe2e895b16bb9faec4f16418d02f0	2015-06-27 11:13:37	2015-06-27 09:48:12	749147	749147	2996588	3	3	000000000000000000000000000011	1c9f95e9cd394b63b17a4a466300c938550bc566a7413383aa65c23caafbb0fb	1549024280	404103235	49692386354.894	00000000000000000000000000000000000000000007f9333cdbea8d34a5236c	030b890507062f503253482f0463858e5504c5ce9a08088c484ec12c5100000a425720537570706f727420384d200a666973686572092f425720506f6f6c2f	919	0	3775	3427	1640435315442	4011356.5	1642935315442	4017469.75	7159646	17.5075	9560.01	0.0234	2390	0.0058	6636.8629017689	2500000000	6113.25	2507159646	6130.7573	BW.COM
362764	00000000000000000b7ebac1ea9da4707e57175c946ea620e1afbce15b11b27a	2015-06-27 11:15:23	2015-06-27 09:58:47	615617	615617	2462468	3	3	000000000000000000000000000011	2b2cbd7e2d4b09541eaa1c1a9591cc4a3e27c5353be8153d548c7a057fcd6c89	3157203042	404103235	49692386354.894	00000000000000000000000000000000000000000007f93ececd20b14f9b995d	030c890507062f503253482f04cc858e5504e491d62d0848eb1615bc4200000a425720537570706f727420384d200a666973686572092f425720506f6f6c2f	371	0	852	14220	249081711832	609079.5	251581711832	615192.75	3032809	7.4161	4928.3	0.0121	1232.08	0.003	195.54340945794	2500000000	6113.25	2503032809	6120.666	BW.COM
362765	0000000000000000111c8f8d86372f29d5c1082914541d89c2651f79076fa4fa	2015-06-27 11:25:02	2015-06-27 10:20:56	722047	722047	2888188	2	2	000000000000000000000000000010	fb597db7c35d03729dfed8d3941a2807676a3daa95b46b2ca7e1ec36df151656	1404601183	404103235	49692386354.894	00000000000000000000000000000000000000000007f94a60be56d56a920f4e	030d8905062f503253482f040b888e5508f80bed4ea26800000d2f7374726174756d506f6f6c2f	1072	0	2726	8546	1290906593365	3156654	1293406593365	3162767.25	12855909	31.4366	17809.9	0.0436	4452.48	0.0109	3840.6838455821	2500000000	6113.25	2512855909	6144.6865	BTC Nuggets
362766	0000000000000000039acd877ba7a77de0e0a18edc054c9e820617fb7fdfc8da	2015-06-27 11:42:34	2015-06-27 10:44:41	934570	934570	3738280	3	3	000000000000000000000000000011	35af3d5de4b5ea188f847d8df160d9f918529c31710508ab40843ab0ef9779c4	3406353609	404103235	49692386354.894	00000000000000000000000000000000000000000007f955f2af8cf98588853f	030e89051e4d696e656420627920416e74506f6f6c20757361311f10b53620558e8c2a0e1d0000cc320800	1075	0	5068	4545	1299647866059	3178029	1302147866059	3184142.25	40949995	100.135	43826.8	0.1072	10956.7	0.0268	7405.6794515576	2500000000	6113.25	2540949995	6213.3848	AntPool
362767	0000000000000000158c879697c5a7477b3f69bab9a2c035e3850d622c7802f5	2015-06-27 11:57:20	2015-06-27 11:12:12	893830	893830	3575320	3	3	000000000000000000000000000011	005bc7ec042b3f5ca38bfc494aabae850a837b2ef3f1813ebbfb88522010124e	1171117986	404103235	49692386354.894	00000000000000000000000000000000000000000007f96184a0c31da07efb30	030f89051d4d696e656420627920416e74506f6f6c207363313832f64320558e8fa0a10c000099bf0900	1256	0	3671	9382	1846905027112	4516237	1849405027112	4522350	17733796	43.3645	19844.9	0.0485	4961.22	0.0121	5920.4623114157	2500000000	6113.25	2517733796	6156.6143	AntPool
362768	00000000000000000e7aa80f0c67de9432acfc88de6749d97f4a989bf76d49dd	2015-06-27 12:05:26	2015-06-27 11:13:37	341789	341789	1367156	3	3	000000000000000000000000000011	f3e0e62f40ea517042a6f6159a2164d70ab368546dc98f7251985ed6b92a40dd	3262425435	404103235	49692386354.894	00000000000000000000000000000000000000000007f96d1691f941bb757121	03108905384d2f0488918e5508c0085c07179104000f5b4254434368696e612e636f6d5d20	666	0	1787	1610	1150057019955	2812234.5	1152557019955	2818347.75	9638022	23.5679	28215.7	0.069	7053.92	0.0172	6759.9856039197	2500000000	6113.25	2509638022	6136.8179	BTCC Pool
362769	000000000000000014cd57b17cf4330bf6030e0d4cb1d013549de4d2a22b2332	2015-06-27 12:27:37	2015-06-27 11:15:23	999529	999529	3998116	3	3	000000000000000000000000000011	cd8e0bc90662e3bb56034b87a792946cb1281a841192e467a3c10e8b446ee72a	3357729512	404103235	49692386354.894	00000000000000000000000000000000000000000007f978a8832f65d66be712	0311890528fabe6d6d49e2faaf0ea618498ff9b433472ca0e84a9c1ebdd4ce069c47709edfb8a07973100000000b2f4256383030303030302f2a4e657720486f72697a6f6e73206973203230323137313236206b6d20746f20506c75746f2e0000000000	1506	0	4891	6385	3366793197652	8232819.5	3369293197652	8238932.5	24613428	60.1872	24631.6	0.0602	6157.91	0.0151	6885.9981169591	2500000000	6113.25	2524613428	6173.437	F2Pool
362770	00000000000000000b89480c119275e77b13ebbef414fc8e2daadf5ae252636b	2015-06-27 12:31:29	2015-06-27 11:25:02	221627	221627	886508	3	3	000000000000000000000000000011	82460d9a771bababd32588448862d1a1f1e76ff126e6783f8956f176d0f4a720	1456299681	404103235	49692386354.894	00000000000000000000000000000000000000000007f9843a746589f1625d03	03128905384d2f04a2978e5508a808579cd59200000f5b4254434368696e612e636f6d5d20	399	0	1225	957	882282676026	2157445.75	884782676026	2163559	5318222	13.0046	24018.5	0.0587	6004.62	0.0147	1784.7612236376	2500000000	6113.25	2505318222	6126.2544	BTCC Pool
362771	00000000000000000543444ec6d1de83cd88ce0127cae4a954d0bc59d4f61a89	2015-06-27 12:40:48	2015-06-27 11:42:34	921532	921532	3686128	3	3	000000000000000000000000000011	bf1c020dc5e63282191bca0509f07f0e4e8fdb16c4afd02cd95bdf2c286f28f3	3284693555	404103235	49692386354.894	00000000000000000000000000000000000000000007f98fcc659bae0c58d2f4	031389051d4d696e656420627920416e74506f6f6c207363313832f64320558e99d0ab0600007c040600	980	0	3096	12630	1687578384643	4126635.5	1690078384643	4132748.75	16105317	39.3823	17480.7	0.0427	4370.17	0.0107	1541.1100337629	2500000000	6113.25	2516105317	6152.6323	AntPool
362772	000000000000000015e35182418cc4792518f18260e64101ced0e9273440386a	2015-06-27 12:52:56	2015-06-27 11:57:20	881188	881188	3524752	3	3	000000000000000000000000000011	3dc0ad1a4f46ecf94cf73f83184434b10b8b4c09852b4ef4077be1c5b1028d74	3764500448	404103235	49692386354.894	00000000000000000000000000000000000000000007f99b5e56d1d2274f48e5	031489051d4d696e656420627920416e74506f6f6c20626a312e3adc2320558e9ca8690b0000cfef0600	1172	0	3624	9024	2099635467799	5134238.5	2102135467799	5140352	17366208	42.4656	19712.4	0.0482	4928.1	0.0121	3479.7852429162	2500000000	6113.25	2517366208	6155.7153	AntPool
362773	00000000000000000e5d9d0d47046969a88f7b2de10426b3fa01278001a50f07	2015-06-27 12:53:24	2015-06-27 12:05:26	280054	280054	1120216	3	3	000000000000000000000000000011	c6fd93ea08ca54bf6748d2d36090950ed9080869b7b1df15cc334d0761f45913	3934515936	404103235	49692386354.894	00000000000000000000000000000000000000000007f9a6f04807f64245bed6	031589051f4d696e656420627920416e74506f6f6c207363313832f64320558e9cc403fc340c000045c90700	136	0	546	5807	53590401929	131044.6094	56090401929	137157.8594	802508	1.9624	2867.7	0.007	716.924	0.0018	50.557796847881	2500000000	6113.25	2500802508	6115.2124	AntPool
362774	00000000000000000ae2ee380dc75a1e336363d5550f3302f5474e1d81193d47	2015-06-27 13:05:00	2015-06-27 12:27:37	327579	327579	1310316	3	3	000000000000000000000000000011	b27833e64bab130bef6cebbab3ab5a3c76f2bde8050abe9681f568abaaae09ed	315124338	404103235	49692386354.894	00000000000000000000000000000000000000000007f9b282393e1a5d3c34c7	03168905384d2f044f9e8e550829f379c20000001f0f5b4254434368696e612e636f6d5d20	497	0	1810	1438	779012942126	1904920.375	781512942126	1911033.625	7759593	18.9745	23702.5	0.058	5925.63	0.0145	19412.271244681	2500000000	6113.25	2507759593	6132.2246	BTCC Pool
362775	000000000000000015c3cde4dd49aac94ee6956be1e71dcf7304e6b6b6cbc827	2015-06-27 13:18:19	2015-06-27 12:31:29	791147	791147	3164588	3	3	000000000000000000000000000011	0d59c089c7c576f75d990f6a5a08233640c315fd3db500f0e4d4e0ac133d2b3e	2384039122	404103235	49692386354.894	00000000000000000000000000000000000000000007f9be142a743e7832aab8	0317890528fabe6d6d7c469b40c174fa5e4a9355dfb8745cb01d3c6753dcb190e126f7b9a4f6ea8f6b100000000b2f4256383030303030302f2a4e657720486f72697a6f6e73206973203230313735323134206b6d20746f20506c75746f2e0000000000	1269	0	4276	3589	2192888046232	5362269	2195388046232	5368382.5	21136544	51.6852	26725.4	0.0654	6681.35	0.0163	5304.6766341755	2500000000	6113.25	2521136544	6164.9351	F2Pool
362776	000000000000000012ef0458aa98de93b5a9720cf93890078f606ff4e32b40a9	2015-06-27 13:29:19	2015-06-27 12:40:48	410128	410128	1640512	3	3	000000000000000000000000000011	d4987582bb3bf187e6ef5405263964ccc0b331fb77486250250f876e0a217b8f	4247576142	404103235	49692386354.894	00000000000000000000000000000000000000000007f9c9a61baa62932920a9	03188905062f503253482f0401a58e5508400017cd6007975c092f426974467572792f	857	0	2083	2300	1539987664995	3765731.75	1542487664995	3771845	13383714	32.7272	32649.2	0.0798	8162.29	0.02	6336.4666371668	2500000000	6113.25	2513383714	6145.9771	BitFury
362777	00000000000000000dc9d3e1c22547fdf73b5778ea7a43295a4094b8b9a11314	2015-06-27 13:57:52	2015-06-27 12:52:56	749225	749225	2996900	3	3	000000000000000000000000000011	f31fb0a818b4c7be703bc8cfe9959422a7be9aa3a51b9f3074a6ee00d4392f44	2805615227	404103235	49692386354.894	00000000000000000000000000000000000000000007f9d5380ce086ae1f969a	0319890507062f503253482f0401ab8e55046df9a22808185d40d6000000170a425720537570706f727420384d200a666973686572092f425720506f6f6c2f	1612	0	3902	3841	2172337461115	5312017	2174837461115	5318130	27832172	68.058	37159.4	0.0909	9289.85	0.0227	48797.408986147	2500000000	6113.25	2527832172	6181.3081	BW.COM
362778	0000000000000000074c48f8c470df9ca62470f53bf3edb58157f1cae38c232b	2015-06-27 14:25:48	2015-06-27 12:53:24	934462	934462	3737848	3	3	000000000000000000000000000011	291a0d890d3add13cd54f24570ad27f769f4c6999b44e5082929eed19682de0a	1500557483	404103235	49692386354.894	00000000000000000000000000000000000000000007f9e0c9fe16aac9160c8b	031a89051e4d696e656420627920416e74506f6f6c207573613015f7f6ef20558eb26cfd010000f2bc1000	1758	0	3930	8825	1755672768445	4293146.5	1758172768445	4299260	36769373	89.9121	39357.1	0.0962	9839.26	0.0241	32444.267553055	2500000000	6113.25	2536769373	6203.1621	AntPool
362779	00000000000000000c16a2ee71ac1533a9fef428cc8615c7e1c10534b5d8ff10	2015-06-27 14:33:23	2015-06-27 13:05:00	999707	999707	3998828	3	3	000000000000000000000000000011	042cd3b33d5572000f6a5babb3e3a17ec9ff94d16f72d0ea73996b8492919126	2168370013	404103235	49692386354.894	00000000000000000000000000000000000000000007f9ec5bef4ccee40c827c	031b890528fabe6d6d3628db2e9efa01d61cf0ffe1ded95e42dda12624517dff0ba69a6c68a88a51ff100000000b2f4256383030303030302f2a4e657720486f72697a6f6e73206973203230313133313537206b6d20746f20506c75746f2e0000000000	1257	0	5507	4413	2751219478470	6727557	2753719478470	6733670	27083358	66.2269	27098.6	0.0663	6774.64	0.0166	2171.6433435347	2500000000	6113.25	2527083358	6179.4771	F2Pool
362780	000000000000000010d0441c132f9055e005730c4f81827eb4caaedd1cdf1777	2015-06-27 14:42:06	2015-06-27 13:18:19	502911	502911	2011644	3	3	000000000000000000000000000011	6b64b0d0d4207cbeddf6aaf5c5573e4a71acb833c8e92d5318443c48843a4215	126189366	404103235	49692386354.894	00000000000000000000000000000000000000000007f9f7ede082f2ff02f86d	031c8905062f503253482f0438b68e5508500044445103354d092f426974467572792f	924	0	2460	2654	922746404541	2256391.75	925246404541	2262505	14476947	35.4005	28797.9	0.0704	7199.48	0.0176	8344.2901388604	2500000000	6113.25	2514476947	6148.6504	BitFury
362781	000000000000000012eaf4e1a0631fec450d04a696ddd688e2eb80dbe72d40da	2015-06-27 14:46:49	2015-06-27 13:29:19	267889	267889	1071556	3	3	000000000000000000000000000011	a070e9dc11c3b881a51973ead423dbe22d13faf1e6534736e3ae12423a65320e	1852705790	404103235	49692386354.894	00000000000000000000000000000000000000000007fa037fd1b91719f96e5e	031d89051e4d696e656420627920416e74506f6f6c20757361311f10b53620558eb7591820000063700300	423	0	1457	1132	640676293687	1566645.75	643176293687	1572759	7335110	17.9365	27402.7	0.067	6850.68	0.0168	820.17892209057	2500000000	6113.25	2507335110	6131.1865	AntPool
362782	00000000000000000c69bd6dfa856af498cbeba6161c8017a37e9506d41aef30	2015-06-27 14:55:59	2015-06-27 13:57:52	454477	454477	1817908	3	3	000000000000000000000000000011	26396e6147e6af57bf749e206088d27a457a0a2563689c92d71109f48a5d303e	87666377	404103235	49692386354.894	00000000000000000000000000000000000000000007fa0f11c2ef3b34efe44f	031e890507062f503253482f0480b98e5504ef95bc3208a1694ec1394e01000a425720537570706f727420384d200a666973686572092f425720506f6f6c2f	883	0	2359	2207	1474129806969	3604689.5	1476629806969	3610802.75	16408687	40.1242	36122.9	0.0883	9030.73	0.0221	5760.5737482163	2500000000	6113.25	2516408687	6153.374	BW.COM
362783	00000000000000000b86c66cd905600fc7dcb4a5a4c09fa881f6533ad5386e49	2015-06-27 15:10:59	2015-06-27 14:25:48	651104	651104	2604416	3	3	000000000000000000000000000011	102c9e460ae9fb55093e8d951a9ec63ede3612ba396a95c331275aca1c3a64a9	2079957783	404103235	49692386354.894	00000000000000000000000000000000000000000007fa1aa3b4255f4fe65a40	031f8905194b6e434d696e657242322d5032eb6b232d7940ab20558ebce203050000c5fa0e01	1175	0	3311	3497	1527368285077	3734873.75	1529868285077	3740987	17350484	42.4271	26657.6	0.0652	6664.4	0.0163	14689.079748091	2500000000	6113.25	2517350484	6155.6772	KnCMiner
362784	0000000000000000026a466ee5be52688b6291b4245ef595c53130c15d649f31	2015-06-27 15:49:50	2015-06-27 14:33:23	934267	934267	3737068	3	3	000000000000000000000000000011	2032f1e42da5bf5f629c6f80973155e13dd30559d16e5a7fdaf25de152860ae0	2149090754	404103235	49692386354.894	00000000000000000000000000000000000000000007fa2635a55b836adcd031	032089051d4d696e656420627920416e74506f6f6c20626a35180f42fa20558ec61e010900005db61700	2462	0	4649	5349	2819713887877	6895046.5	2822213887877	6901159.5	36002499	88.0369	38544.2	0.0943	9636.05	0.0236	13709.887087152	2500000000	6113.25	2536002499	6201.2871	AntPool
362785	000000000000000003bf3a0b2178bedad84c1c95952a142e8790a237415e27c8	2015-06-27 15:54:51	2015-06-27 14:42:06	620539	620539	2482156	3	3	000000000000000000000000000011	c1a536aa9ff9c357b7c603bb27d093094f149dad5e5e311572ed02770dfc107f	3929424851	404103235	49692386354.894	00000000000000000000000000000000000000000007fa31c79691a785d34622	0321890528fabe6d6d87765f39e3de96e80c9e12ac3325ecccb4aea12b48616aea7f19cc6429177d4f100000000b2f4256383030303030302f2a4e657720486f72697a6f6e73206973203230303435383033206b6d20746f20506c75746f2e0000000000	800	0	3368	2509	1172807243317	2867865.5	1175307243317	2873978.75	12627558	30.8782	20358.1	0.0498	5089.53	0.0124	1840.9408270781	2500000000	6113.25	2512627558	6144.1279	F2Pool
362786	00000000000000001061a573ba245822a1a81c9612f79778c86d77fd655b5aa2	2015-06-27 16:19:21	2015-06-27 14:46:49	749198	749198	2996792	3	3	000000000000000000000000000011	629344bc137639a5c022ffaa2b635c95aae26292986fd2223b1dd3022f1ac232	2232472972	404103235	49692386354.894	00000000000000000000000000000000000000000007fa3d5987c7cba0c9bc13	0322890507062f503253482f0428cb8e5504b0e2fa27080c8ee8730000001a0a425720537570706f727420384d200a666973686572092f425720506f6f6c2f	1593	0	3798	4064	2298333219774	5620114	2300833219774	5626227.5	24220275	59.2258	32338.2	0.0791	8084.56	0.0198	16009.856067973	2500000000	6113.25	2524220275	6172.4756	BW.COM
362787	000000000000000001610833e629a1cc98bbd4e06f5af65cd070bcf12b365406	2015-06-27 16:20:27	2015-06-27 14:55:59	711711	711711	2846844	3	3	000000000000000000000000000011	6c40620b08f6187813564100b25390d413755eafa4daf80a06201961af061ce8	1975211774	404103235	49692386354.894	00000000000000000000000000000000000000000007fa48eb78fdefbbc03204	0323890528fabe6d6d0db86abc72a3bd37d3f06a28db3ce066dc728d74202dbe53a688e55544ec7f57100000000b2f4256383030303030302f2a4e657720486f72697a6f6e73206973203230303238303639206b6d20746f20506c75746f2e0000000000	764	0	2860	5116	338761447390	828373.375	341261447390	834486.625	15534585	37.9867	21835.3	0.0534	5458.83	0.0133	4710.4149505232	2500000000	6113.25	2515534585	6151.2368	F2Pool
362788	000000000000000001b0b743725ca9509e80dd820c0fcfbfe93abb64ee490c2c	2015-06-27 16:26:37	2015-06-27 15:10:59	934338	934338	3737352	3	3	000000000000000000000000000011	9d5d8546894de5549021d1003dc8af0fe4313d700a5c2cc82b71e84545e45d93	4235196223	404103235	49692386354.894	00000000000000000000000000000000000000000007fa547d6a3413d6b6a7f5	032489051e4d696e656420627920416e74506f6f6c20757361311f10b53620558eceb909390000d3240000	1455	0	4755	4965	2176874689123	5323111.5	2179374689123	5329225	22209170	54.3081	23775.3	0.0581	5943.83	0.0145	3373.5660012332	2500000000	6113.25	2522209170	6167.5581	AntPool
362789	0000000000000000121d9925d2fe1b66751b999b1cf5b2524aa641fc96a773b7	2015-06-27 16:31:18	2015-06-27 15:49:50	348004	348004	1392016	3	3	000000000000000000000000000011	d2238982a27fec9e41000dbf553e66ff125a694751809367a5cf759c5d431c83	240059705	404103235	49692386354.894	00000000000000000000000000000000000000000007fa600f5b6a37f1ad1de6	03258905384d2f04d6cf8e5508ac0809d8935655e50f5b4254434368696e612e636f6d5d20	610	0	1841	1665	870613130222	2128910.25	873113130222	2135023.5	10083013	24.656	28990.9	0.0709	7247.73	0.0177	1443.3145786235	2500000000	6113.25	2510083013	6137.9058	BTCC Pool
362790	000000000000000015b1313855f9d1c998dc2f37eef1860a3deec7637dd6f338	2015-06-27 16:35:24	2015-06-27 15:54:51	357627	357627	1430508	3	3	000000000000000000000000000011	5fbc94c833190986c046b274995829403415fe53f1fc70a6796339e2a0ff0714	2717020903	404103235	49692386354.894	00000000000000000000000000000000000000000007fa6ba14ca05c0ca393d7	032689051e4d696e656420627920416e74506f6f6c20757361311f10b53620558ed0b7ed0a0000482f0000	723	0	1757	1814	228911670241	559757.6875	231411670241	565870.9375	6135928	15.0042	17167.5	0.042	4291.87	0.0105	3236.9077087102	2500000000	6113.25	2506135928	6128.2544	AntPool
362791	00000000000000000c8d49286fea390daa240a6f31e93a6a2d495bf4eff7f83a	2015-06-27 16:36:09	2015-06-27 16:19:21	221083	221083	884332	2	2	000000000000000000000000000010	17ad70ad61d54aa661333a0c020cf68d3bad170d4cae76362cc3205a50b3e884	3004435931	404103235	49692386354.894	00000000000000000000000000000000000000000007fa77333dd680279a09c8	03278905062f503253482f04f9d08e550829bb531c276b00000e356132373738632f736c7573682f	329	0	1187	857	295396170896	722332.25	297896170896	728445.5	4821699	11.7905	21830	0.0534	5457.5	0.0133	1537.9452036863	2500000000	6113.25	2504821699	6125.0405	SlushPool
362792	000000000000000013e2c2e64162ae5cbe85c049c9d4e080bda7e2b3c2a9b793	2015-06-27 16:44:33	2015-06-27 16:20:27	243045	243045	972180	3	3	000000000000000000000000000011	3be8ea98f44dd6bcac1dd9cbffd6c7a7e7d537e2e45b96e33f9575533631a5ce	872800772	404103235	49692386354.894	00000000000000000000000000000000000000000007fa82c52f0ca442907fb9	0328890506cbcde1b6e3fb08d37e32afc993de0906457336e3ffce	360	0	1307	1106	236916632418	579332.25	239416632418	585445.5	5141165	12.5717	21170.1	0.0518	5292.53	0.0129	719.515614533	2500000000	6113.25	2505141165	6125.8218	21 Inc.
362793	00000000000000000d10d38a0563b56c5165dcc30a3612e798a90496012bf02e	2015-06-27 16:56:07	2015-06-27 16:26:37	941334	941334	3765336	3	3	000000000000000000000000000011	d499780400be84045c71a0bb8cebbceff67e21f12ecba3889ecd87bf0af0451b	3714008533	404103235	49692386354.894	00000000000000000000000000000000000000000007fa8e572042c85d86f5aa	0329890528fabe6d6db00e7e91cf5372dabbc1a4be559cd0f3fb4941064ac60ea960543986a4aa32d6100000000b2f4256383030303030302f2a4e657720486f72697a6f6e73206973203139393935313438206b6d20746f20506c75746f2e0000000000	1597	0	4848	5162	2267428351832	5544542.5	2269928351832	5550656	26215769	64.1054	27857.5	0.0681	6964.38	0.017	19960.380012869	2500000000	6113.25	2526215769	6177.3555	F2Pool
362794	000000000000000012a7c3b0c96f3004167872b30b5cf76d8ed6cd56a59f1443	2015-06-27 17:14:28	2015-06-27 16:31:18	922470	922470	3689880	3	3	000000000000000000000000000011	25510fa8828a53fc2a272ca27b19c9158447ad9c6432debee3bbe99b461f4bc4	2025246731	404103235	49692386354.894	00000000000000000000000000000000000000000007fa99e91178ec787d6b9b	032a89051e4d696e656420627920416e74506f6f6c20757361311f10b53620558ed9d2a11400009cde0000	1690	0	4736	4472	2150720397713	5259156.5	2153220397713	5265270	25214783	61.6577	27340.2	0.0669	6835.06	0.0167	192522.39028273	2500000000	6113.25	2525214783	6174.9077	AntPool
362795	00000000000000000778c4b224763724cf3a6cd9cece411ecc8e4a6026fb57b5	2015-06-27 17:20:27	2015-06-27 16:35:24	681993	681993	2727972	3	3	000000000000000000000000000011	1e9870a1760e00820d93afa1a093684853ddfe0f83b11af4f354c342c0329ad7	172591784	404103235	49692386354.894	00000000000000000000000000000000000000000007faa57b02af109373e18c	032b890528fabe6d6dd96a5813ca4b5933b1fcca314c2fac82ab9a2f8607a1de769ac319ef4edbdafc100000000b2f4256383030303030302f2a4e657720486f72697a6f6e73206973203139393735303238206b6d20746f20506c75746f2e0000000000	664	0	2213	9953	1043305934582	2551196	1045805934582	2557309.25	12298531	30.0736	18040.3	0.0441	4510.08	0.011	1092.9112128688	2500000000	6113.25	2512298531	6143.3237	F2Pool
362796	00000000000000000bedf91386ea021ae90b53ae4b8606df4102807c459d7f60	2015-06-27 17:35:09	2015-06-27 16:36:09	931527	931527	3726108	3	3	000000000000000000000000000011	e0d1783ed7265c2d9f91c3784226a1a22cc8bc0595816f2cb88ffb55f8822147	3740355049	404103235	49692386354.894	00000000000000000000000000000000000000000007fab10cf3e534ae6a577d	032c8905194b6e434d696e657242322d5032eb6b232d7940ab20558ede46ad010000a8cf0a00	1342	0	3699	9849	2022863658728	4946508.5	2025363658728	4952621.5	19420762	47.4896	20853.7	0.051	5213.42	0.0127	29053.703754361	2500000000	6113.25	2519420762	6160.7397	KnCMiner
362797	000000000000000006eabe940b793c7491645ed712081a7bce3f1e96fcd95b8d	2015-06-27 17:42:17	2015-06-27 16:44:33	667818	667818	2671272	3	3	000000000000000000000000000011	f108db792dfe1e64cfeb094d7f3546333cdc84f03dd5645f950aef3574dbde11	567139947	404103235	49692386354.894	00000000000000000000000000000000000000000007fabc9ee51b58c960cd6e	032d8905062f503253482f046be08e550817ffffb46100a853092f426974467572792f	1015	0	2853	6018	1022268585919	2499753.25	1024768585919	2505866.5	14419563	35.2602	21598.6	0.0528	5399.66	0.0132	11854.772343778	2500000000	6113.25	2514419563	6148.5103	BitFury
362798	000000000000000011aa023945ee5dd8ef2cc059f2e3e2a36dc344763e6e5a50	2015-06-27 18:06:05	2015-06-27 16:56:07	749181	749181	2996724	3	3	000000000000000000000000000011	a9ef76ea4baef02e29e36e62cd5b626d4bcc2dc0d17b115029c717c0498a4745	80789941	404103235	49692386354.894	00000000000000000000000000000000000000000007fac830d6517ce457435f	032e8905062f503253482f04e4e58e550817ffffa010029f27092f426974467572792f	1702	0	3845	3931	1784732789299	4364207	1787232789299	4370320.5	25777101	63.0327	34416.4	0.0842	8604.09	0.021	26211.96946129	2500000000	6113.25	2525777101	6176.2827	BitFury
362799	000000000000000005697fd14272d1054b3c2658606272e49559e5b0df32748d	2015-06-27 18:11:11	2015-06-27 17:14:28	620906	620906	2483624	3	3	000000000000000000000000000011	e597858863151c40031a6f7520437267e99556de3fbe01d0c01674d2a2347279	2297239108	404103235	49692386354.894	00000000000000000000000000000000000000000007fad3c2c787a0ff4db950	032f890507062f503253482f0440e78e55047c58ab060c1ecb95903bba0200000000000a636b706f6f6c112f736f6c6f2e636b706f6f6c2e6f72672f	885	0	3286	2446	1094247532408	2675763.5	1096747532408	2681876.75	11039797	26.9956	17787.6	0.0435	4446.91	0.0109	3898.5111377589	2500000000	6113.25	2511039797	6140.2456	Solo CKPool
362800	00000000000000001583481b7b7857ce2824a05c8f304ad52540d3af9bcb4753	2015-06-27 18:22:40	2015-06-27 17:20:27	614447	614447	2457788	3	3	000000000000000000000000000011	fdc39fa9d31138aa65f0fbbfc27bfe0e55cf3a42cd6a889a4df1a42561fe7293	3740267296	404103235	49692386354.894	00000000000000000000000000000000000000000007fadf54b8bdc51a442f41	033089051f4d696e656420627920416e74506f6f6c207363313832f64320558ee9f003e01e040000b66a0a00	1039	0	3190	2608	1556012896956	3804918.25	1558512896956	3811031.5	15683907	38.3519	25534	0.0624	6383.51	0.0156	7201.0208353099	2500000000	6113.25	2515683907	6151.6021	AntPool
362801	00000000000000000c7d05e1e9ca46d56cd85d59f037fca5479277bab9bff8ed	2015-06-27 18:27:19	2015-06-27 17:35:09	249933	249933	999732	3	3	000000000000000000000000000011	0a715ad54b9f32559f6aeff79ebf25cf203f0261bfa5b46e05217f752e2c48e2	3639520568	404103235	49692386354.894	00000000000000000000000000000000000000000007faeae6a9f3e9353aa532	0331890528fabe6d6dbb28822c1fc25c4c9c84e640b5f097935ab3560a92c30da789cda09da7836918100000000b2f4256383030303030302f2a4e657720486f72697a6f6e73206973203139393139373338206b6d20746f20506c75746f2e0000000000	390	0	1358	1109	408924075857	999942.0625	411424075857	1006055.3125	6019089	14.7185	24108.7	0.059	6027.17	0.0147	698.52199400014	2500000000	6113.25	2506019089	6127.9683	F2Pool
362802	00000000000000000e93dd275395b7f13187844daaa2f3976be5079a9979d6ad	2015-06-27 18:50:12	2015-06-27 17:42:17	749064	749064	2996256	3	3	000000000000000000000000000011	f5188e58da2056c5d47b1db7ec6a6a32f69a7c5ff71581bc07ab917100b5735d	871396561	404103235	49692386354.894	00000000000000000000000000000000000000000007faf6789b2a0d50311b23	03328905062f503253482f0445f08e550848003f5c50059bb3092f426974467572792f	1535	0	3897	3358	1155775123306	2826217	1158275123306	2832330.25	26777012	65.4778	35757	0.0874	8939.25	0.0219	8699.0800843508	2500000000	6113.25	2526777012	6178.728	BitFury
362803	000000000000000005f9c040d67df483eec2af12270ed977beb2cddc9c1a0689	2015-06-27 19:00:21	2015-06-27 18:06:05	929189	929189	3716756	3	3	000000000000000000000000000011	dd6fa9a0d9c83530c68a878da1a9dc1d65769b0180923e8984de4d984bfb6d01	782315312	404103235	49692386354.894	00000000000000000000000000000000000000000007fb020a8c60316b279114	033389051b2f416e74506f6f6c2f7363322f384d2f00c8a27120558ef2c5079cf50d000072630600	1241	0	5108	3489	1373600887651	3358866.25	1376100887651	3364979.5	22057389	53.9369	23743.6	0.0581	5935.91	0.0145	12840.026235273	2500000000	6113.25	2522057389	6167.187	AntPool
362804	00000000000000001293c74dc303ab043e59da202e31b2464b22e94b1e40d927	2015-06-27 19:05:20	2015-06-27 18:11:11	423863	423863	1695452	3	3	000000000000000000000000000011	21b0762c7ce5278933c0703d3ad86bae1629114fcda6c903cc4ee788f34927da	1880901878	404103235	49692386354.894	00000000000000000000000000000000000000000007fb0d9c7d9655861e0705	0334890528fabe6d6d39d6432bc46967de0a25e33b9378a2b3c760e1bf5c891826c552131caa0c1438100000000b2f4256383030303030302f2ae696b0e8a786e9878ee58fb7e8b79de586a5e78e8be6989f3139383838333032e585ace9878c00000000	540	0	2195	1874	359821858047	879872.375	362321858047	885985.625	8714175	21.3088	20571.9	0.0503	5142.99	0.0126	4878.1558217929	2500000000	6113.25	2508714175	6134.5586	F2Pool
362805	00000000000000000281d5d118545f8cd4a60704842e77759212f79e873688be	2015-06-27 19:29:58	2015-06-27 18:22:40	749193	749193	2996772	3	3	000000000000000000000000000011	418aaa4ee9d1e6e8fc3315e2ff65ce015e6567f25482d74c4b614cae350aeaff	2514723631	404103235	49692386354.894	00000000000000000000000000000000000000000007fb192e6ecc79a1147cf6	03358905062f503253482f04aff98e550847ffffbe4100b728092f426974467572792f	1450	0	4093	3116	1098372509506	2685850.25	1100872509506	2691963.5	23694688	57.9406	31635.5	0.0774	7908.88	0.0193	84096.506919189	2500000000	6113.25	2523694688	6171.1904	BitFury
362806	0000000000000000117a93e48888b1e6f635c39025c8df8d59a4965e3a33af74	2015-06-27 19:50:11	2015-06-27 18:27:19	741952	741952	2967808	2	2	000000000000000000000000000010	2f039d44eef2ac17b644680e24f1e14034dc4e88f38d5413bb4b5354dcbb7ed6	2245726413	404103235	49692386354.894	00000000000000000000000000000000000000000007fb24c060029dbc0af2e7	03368905146d656761626967706f7765722e636f6d558efba63813000000000028	1024	0	3964	3127	1086965265820	2657956.25	1089465265820	2664069.5	16283406	39.8178	21952.7	0.0537	5488.16	0.0134	3563.2600735513	2500000000	6113.25	2516283406	6153.0679	MegaBigPower
362807	0000000000000000105315272784159ab3f00ef6883ba8add079c1614cfe8b14	2015-06-27 19:46:11	2015-06-27 18:50:12	523657	523657	2094628	3	3	000000000000000000000000000011	0da9c618a401d8be7eec594f702910101b84b5fee742c8ffdca4c37a300076e9	1948513203	404103235	49692386354.894	00000000000000000000000000000000000000000007fb30525138c1d70168d8	0337890528fabe6d6da98ad34bb032dd24a1e69e5f3d03e268fd738113ff4018d8d7937c58b6a37b42100000000b2f4256383030303030302f2a4e657720486f72697a6f6e73206973203139383534353231206b6d20746f20506c75746f2e0000000000	649	0	2189	4620	345027600865	843696	347527600865	849809.25	9745920	23.8317	18620.8	0.0455	4655.2	0.0114	13123.331712301	2500000000	6113.25	2509745920	6137.0815	F2Pool
362808	00000000000000001160b7d3b8a348aa9e81f44f10e1c5cdb70369a3f1dead60	2015-06-27 19:51:48	2015-06-27 19:00:21	384666	384666	1538664	3	3	000000000000000000000000000011	53ce172d77c6706feef686bf0244545e7551e976590cc9b0845d336f768291b6	3982162714	404103235	49692386354.894	00000000000000000000000000000000000000000007fb3be4426ee5f1f7dec9	03388905062f503253482f04a8fe8e5508380028c320031055092f426974467572792f	743	0	1810	2588	306151529044	748632.3125	308651529044	754745.5625	6401327	15.6532	16650	0.0407	4162.51	0.0102	2387.9559855932	2500000000	6113.25	2506401327	6128.9033	BitFury
362809	000000000000000008e285d5987cf127997c6d9a3884811df541d5672a37b4d7	2015-06-27 19:58:39	2015-06-27 19:05:20	543370	543370	2173480	3	3	000000000000000000000000000011	06463c1d7ec69d4f2fbf5ed4e19345830ef6c1b0493b74ee9aafcad71dedef76	3208961596	404103235	49692386354.894	00000000000000000000000000000000000000000007fb477633a50a0cee54ba	03398905062f503253482f0466008f55085800001460061f25092f426974467572792f	698	0	2918	2418	586056320987	1433083.5	588556320987	1439196.75	13046196	31.9019	24018.8	0.0587	6004.69	0.0147	6637.7478334763	2500000000	6113.25	2513046196	6145.1519	BitFury
362810	0000000000000000023843a1623fe2f49551484d9717df7a5c7e56f9d2046bfc	2015-06-27 19:58:45	2015-06-27 19:29:58	208	208	832	3	3	000000000000000000000000000011	c821dcdba856d9fd8949c265e22f79a9382f19538f576ca80879cc502380b378	3821252207	404103235	49692386354.894	00000000000000000000000000000000000000000007fb530824db2e27e4caab	033a89051d4d696e656420627920416e74506f6f6c20626a35180f42fa20558f00754b2000001a7e0000	1	0	1	1	0	0	2500000000	6113.25	0	0	0	0	0	0	0	2500000000	6113.25	2500000000	6113.25	AntPool
362811	0000000000000000149680c06dfad5c2dbc52f43c491340bf21e7f09fc4b267b	2015-06-27 20:04:11	2015-06-27 19:46:11	217738	217738	870952	2	2	000000000000000000000000000010	fadd10dddf7060fab4629320ce1dfa104372622ee42f3d0d07142a5502ec877a	1006912425	404103235	49692386354.894	00000000000000000000000000000000000000000007fb5e9a16115242db409c	033b890504558f01585c5c898e00000c7e	320	0	1086	1409	449453533491	1099048.75	451953533491	1105162	4306265	10.5301	19794.1	0.0484	4948.52	0.0121	285.56234699304	2500000000	6113.25	2504306265	6123.7803	Unknown
362812	000000000000000004ce7bf09d1ae6132f8fa357743b90a6e2f2ce89722d24c3	2015-06-27 20:13:55	2015-06-27 19:50:11	612434	612434	2449736	2	2	000000000000000000000000000010	74486640d7a5967f3933e5347e0b6a1cca3531a82db1d5983ea7325b8f2f2f89	2497991771	404103235	49692386354.894	00000000000000000000000000000000000000000007fb6a2c0747765dd1b68d	033c8905062f503253482f0404048f550839abe93e8aad02000e356134353031612f736c7573682f	945	0	2807	4872	553261102404	1352889.375	555761102404	1359002.625	16072489	39.3021	26252.5	0.0642	6563.14	0.016	4790.4779746666	2500000000	6113.25	2516072489	6152.5522	SlushPool
362813	000000000000000010eb010e92911d6f04e5d2d58c4773100262dc6bd9890734	2015-06-27 20:25:22	2015-06-27 19:51:48	303927	303927	1215708	3	3	000000000000000000000000000011	aba3d5575274289521b106c46a2a4c83761f7ee0c0e5ff0c9d2a2bf0b09f2e76	2274754313	404103235	49692386354.894	00000000000000000000000000000000000000000007fb75bdf87d9a78c82c7e	033d890506cbcde1b6e3fb089d6a4ff3365802fa06457336e3ffce	510	0	1567	1373	310537006532	759356.125	313037006532	765469.375	7327068	17.9169	24123.5	0.059	6030.87	0.0147	13444.629968263	2500000000	6113.25	2507327068	6131.167	21 Inc.
362814	000000000000000012812df6f6ddc1fa9502bf7d05c85369dcdb2c189f50536e	2015-06-27 20:26:51	2015-06-27 19:58:39	248931	248931	995724	3	3	000000000000000000000000000011	ee08897a0535e03fc371ccd0084c6ca2ee746e499dab9639c642fdbc9ca23e56	1094222621	404103235	49692386354.894	00000000000000000000000000000000000000000007fb814fe9b3be93bea26f	033e890528fabe6d6d946634ae8e2daef76816f25725d343b7fb501f73145ea6c8d02c84a40081e24b100000000b2f4256383030303030302f2ae696b0e8a696e9878ee8999fe8b79de586a5e78e8be6989f3139383230383932e585ace9878c00000000	394	0	1242	1267	347612439446	850016.6875	350112439446	856129.9375	5192097	12.6962	20880.1	0.0511	5220.01	0.0128	26182.102051317	2500000000	6113.25	2505192097	6125.9463	F2Pool
362815	00000000000000000e8a4f4cbcad1ca4a60135d5908db48b34fedd7590adb133	2015-06-27 20:44:39	2015-06-27 19:58:45	728857	728857	2915428	3	3	000000000000000000000000000011	c4c75e48f4da860fd8aaf4405c926123698afbbd2dafb4fc0c5f19e1e95f4c32	3029145705	404103235	49692386354.894	00000000000000000000000000000000000000000007fb8ce1dae9e2aeb51860	033f8905384d2f04390b8f550898096de8cfea03000f5b4254434368696e612e636f6d5d20	1124	0	4042	2686	738264483122	1805278.125	740764483122	1811391.375	20796439	50.8535	28541	0.0698	7135.24	0.0174	7897.5585410664	2500000000	6113.25	2520796439	6164.1035	BTCC Pool
362816	00000000000000000e4e2216da857feb5d03efef4fc788b4a3fbbc3f6304f7ac	2015-06-27 20:46:26	2015-06-27 20:04:11	178553	178553	714212	3	3	000000000000000000000000000011	46d81c7a7ebb80a7f2d633ee368c4de9d8862ec3a7efd4b69659517a0aaed256	2503522900	404103235	49692386354.894	00000000000000000000000000000000000000000007fb9873cc2006c9ab8e51	03408905062f503253482f04d80b8f550867ffff41091000000c2f2e2e2e2e2e2e2e2e2e2e2f	270	0	961	572	147061388415	359609.2188	149561388415	365722.4688	2377366	5.8134	13330	0.0326	3332.5	0.0082	416.70979391352	2500000000	6113.25	2502377366	6119.0635	Telco 214
362817	00000000000000001556937e86df12e65191bc20dc9909eda0605860019b9167	2015-06-27 20:55:45	2015-06-27 20:13:55	170791	170791	683164	3	3	000000000000000000000000000011	89d444c7f25502b760dce112b2e51903882c9777ceb6ccf5c9860d41c38a2d9a	3354226727	404103235	49692386354.894	00000000000000000000000000000000000000000007fba405bd562ae4a20442	0341890506cbcde1b6e3fb083a12b5d3737d0ff506457336e3ffce	353	0	845	1020	239751371262	586264	242251371262	592377.25	4942380	12.0856	28971.3	0.0708	7242.81	0.0177	2545.2586981475	2500000000	6113.25	2504942380	6125.3354	21 Inc.
362818	000000000000000008606ffd8f41e1c32b119727c6d69e4222a719e066a1e5f1	2015-06-27 20:53:20	2015-06-27 20:25:22	86341	86341	345364	3	3	000000000000000000000000000011	bf92e1ee36b0a6e0cf841dc0411f43131ea8cbb1d90e23baf5f79e7c5c14b23f	3390396765	404103235	49692386354.894	00000000000000000000000000000000000000000007fbaf97ae8c4eff987a33	034289051e4d696e656420627920416e74506f6f6c20757361311f10b53620558f0d27873500006c150000	115	0	426	525	24990126206	61108.3555	27490126206	67221.6016	2203364	5.3879	25581.2	0.0626	6395.31	0.0156	31.757330805058	2500000000	6113.25	2502203364	6118.6377	AntPool
362819	000000000000000004fe7c4e4c63930118cc0a0b79a3c3fb9385e4b6bbbf4356	2015-06-27 20:58:09	2015-06-27 20:26:51	100540	100540	402160	3	3	000000000000000000000000000011	b0c84a2e1d9b3c2e0e6cddd72446d255e34733c2f8de95a9da1f39621e2949c5	2984248030	404103235	49692386354.894	00000000000000000000000000000000000000000007fbbb299fc2731a8ef024	0343890506cbcde1b6e3fb08932125f300a42a0c06457336e3ffce	226	0	459	791	63994894300	156486.7188	66494894300	162599.9688	2886284	7.0578	28763	0.0703	7190.76	0.0176	363.12313654092	2500000000	6113.25	2502886284	6120.3076	21 Inc.
362820	000000000000000011793c9cd2176f68446ce881ec1eece447162e43a2aef0f1	2015-06-27 21:13:37	2015-06-27 20:44:39	721865	721865	2887460	3	3	000000000000000000000000000011	d8e01dcccf0bed38b5475265fa74e241ebf8c9f2812beb37cf952a3fa2a5af88	3454975661	404103235	49692386354.894	00000000000000000000000000000000000000000007fbc6bb90f89735856615	03448905192f416e74506f6f6c2f7363322f384d2f00c8a27120558f120174040000b3d20b00	1181	0	3914	2830	589407620329	1441278.5	591907620329	1447391.75	19692279	48.1535	27287.5	0.0667	6821.88	0.0167	7775.6622265654	2500000000	6113.25	2519692279	6161.4033	AntPool
362821	000000000000000008849501e51a91962e37542012b6d90b71d6ed33d2a6b98c	2015-06-27 21:17:06	2015-06-27 20:46:26	141507	141507	566028	3	3	000000000000000000000000000011	8969492a11b46eb6789ba8d1dcdb730d6e912fbb7f3d2e118f37214e260a68b4	1246744992	404103235	49692386354.894	00000000000000000000000000000000000000000007fbd24d822ebb507bdc06	03458905384d2f04d3128f5508200825d3546d00000f5b4254434368696e612e636f6d5d20	214	0	812	495	88786895148	217110.5938	91286895148	223223.8438	3559552	8.7042	25190.7	0.0616	6297.68	0.0154	796.12699286554	2500000000	6113.25	2503559552	6121.9541	BTCC Pool
362822	000000000000000010727a87e1f3ef261ab2a54f254aa53080d13b76021ea6f3	2015-06-27 21:31:31	2015-06-27 20:53:20	485522	485522	1942088	3	3	000000000000000000000000000011	5e3180247a2de57897acf9a008a593892770cd0fb2cdbdbaf8c28c5df23df987	4096706522	404103235	49692386354.894	00000000000000000000000000000000000000000007fbdddf7364df6b7251f7	0346890528fabe6d6de13bdabde81130903d6c1526cf432e51a81a6f34acbc42d6936bcbb1d2d0b33c100000000b2f4256383030303030302f2ae696b0e8a696e9878ee8999fe8b79de586a5e78e8be6989f3139373637343132e585ace9878c00000000	858	0	2637	2065	561956166850	1374151.375	564456166850	1380264.625	14778114	36.1369	30454.4	0.0745	7613.6	0.0186	3103.0821301049	2500000000	6113.25	2514778114	6149.3867	F2Pool
362823	0000000000000000010a6e166b8d0fe2a51265d5889c5600f4455742c9cca3cf	2015-06-27 21:42:09	2015-06-27 20:55:45	151110	151110	604440	3	3	000000000000000000000000000011	8b956402c3e812d00ff34d054e216fd3f943a9db527a345df252f39256313edf	89882410	404103235	49692386354.894	00000000000000000000000000000000000000000007fbe971649b038668c7e8	0347890506cbcde1b6e3fb08f46eb28935c6bf3006457336e3ffce	330	0	763	705	223973333174	547682	226473333174	553795.25	4260616	10.4185	28231.9	0.069	7057.97	0.0173	9828.941887203	2500000000	6113.25	2504260616	6123.6685	21 Inc.
362824	000000000000000002cfb3e5361f1c9241e9c55f6f63fcbf43ff9306f99509b1	2015-06-27 21:49:08	2015-06-27 20:58:09	485093	485093	1940372	3	3	000000000000000000000000000011	9a452d94d1da552af627623632abc30e1fd4a043480e2b2c8f002fd8bb93b1ad	15931837	404103235	49692386354.894	00000000000000000000000000000000000000000007fbf50355d127a15f3dd9	03488905192f416e74506f6f6c2f7363322f384d2f00c8a27120558f1a543b0900003d4f0800	938	0	2537	2112	791849763270	1936310.25	794349763270	1942423.5	14177707	34.6687	29239.2	0.0715	7309.8	0.0179	4397.1193583679	2500000000	6113.25	2514177707	6147.9189	AntPool
362825	000000000000000007509afd839a5ebd5faaa7ec6f9aeb9b7981450d022dcb34	2015-06-27 21:58:34	2015-06-27 21:13:37	417841	417841	1671364	3	3	000000000000000000000000000011	9865a893e384f77ccb49b2560cf4aa329f87b4db001bb5dc2c963636f9e17acc	1788728365	404103235	49692386354.894	00000000000000000000000000000000000000000007fc009547074bbc55b3ca	03498905062f503253482f045c1c8f55086fffff852100f168092f426974467572792f	656	0	2260	1586	288138023213	704583.875	290638023213	710697.125	10651894	26.0471	25505.1	0.0624	6376.27	0.0156	4674.1406275393	2500000000	6113.25	2510651894	6139.2969	BitFury
362826	000000000000000010b5740e96b9e570376712fbc0a4181db18c5f4ccebb294e	2015-06-27 22:10:56	2015-06-27 21:17:06	562621	562621	2250484	3	3	000000000000000000000000000011	7988157c08bd68ceeb3341580c2a8c8beb49ed15ec8d2b7896bc77f3a7c0175d	3742388526	404103235	49692386354.894	00000000000000000000000000000000000000000007fc0c27383d6fd74c29bb	034a890506cbcde1b6e3fb08fa90b14e264c669e06457336e3ffce	801	0	3153	2180	876629787850	2143622.75	879129787850	2149736	16098052	39.3646	28622.5	0.07	7155.63	0.0175	3322.0429627925	2500000000	6113.25	2516098052	6152.6147	21 Inc.
362827	00000000000000000b441df31c96d8bb171c36b18da70b48e7876aaa0e368922	2015-06-27 22:32:10	2015-06-27 21:31:31	467531	467531	1870124	3	3	000000000000000000000000000011	cb2b67c9d8c999ff49d0b5eaaca8fabe4e31e4b0bf88fb7130e8110940665638	128848495	404103235	49692386354.894	00000000000000000000000000000000000000000007fc17b9297393f2429fac	034b8905384d2f0403228f55080c089d96000000040f5b4254434368696e612e636f6d5d20	907	0	2472	2160	662931131811	1621065.5	665431131811	1627178.75	14966014	36.5964	32024.8	0.0783	8006.2	0.0196	3171.5902917113	2500000000	6113.25	2514966014	6149.8462	BTCC Pool
362828	0000000000000000007548731455260c5806106cf8ae470f7db289ca537267a4	2015-06-27 22:56:54	2015-06-27 21:42:09	749015	749015	2996060	3	3	000000000000000000000000000011	ee53f93e9ed0d73b21ef027fe6288133084ac3b0128e5ec82619b19e360f3e16	3256902337	404103235	49692386354.894	00000000000000000000000000000000000000000007fc234b1aa9b80d39159d	034c8905062f503253482f04142a8f5508380028a97001eed5092f426974467572792f	1802	0	3811	3871	1637880392197	4005109	1640380392197	4011222.25	28773778	70.3605	38425.9	0.094	9606.48	0.0235	34757.682950495	2500000000	6113.25	2528773778	6183.6104	BitFury
362829	000000000000000011259dfadeac9a81e6781ab82d21cc1083fad7e13314f7a0	2015-06-27 23:01:10	2015-06-27 21:49:08	608415	608415	2433660	3	3	000000000000000000000000000011	0d3ea7d44d4a37cc9784508d6110506ab5736c05f6d2a3510f8aeb0ddfa013bd	1106839006	404103235	49692386354.894	00000000000000000000000000000000000000000007fc2edd0bdfdc282f8b8e	034d8905062f503253482f04362b8f5508da010011356a02002e522cfabe6d6dad8b7b1d13f49cb5dbe43abb2ef89389c6d3d073e59b8a140f32cf4d0157d8dc0400000000000000	896	0	3272	2288	499588073839	1221642.75	502088073839	1227756	12062940	29.4975	19834.7	0.0485	4958.66	0.0121	39728.839634104	2500000000	6113.25	2512062940	6142.7476	GHash.IO
362830	000000000000000013948fc5cc3190e5da9ac22d38bedeacd51971ace6551095	2015-06-27 23:16:36	2015-06-27 21:58:34	537127	537127	2148508	3	3	000000000000000000000000000011	28c3986097995425c56dae38d1609f97f32e6d95186bbb98c0648384a6230320	2394312076	404103235	49692386354.894	00000000000000000000000000000000000000000007fc3a6efd16004326017f	034e890507062f503253482f04d52e8f550468512b2308723f171571fe03000a425720537570706f727420384d200a666973686572092f425720506f6f6c2f	1037	0	2807	2666	804157422915	1966406.125	806657422915	1972519.375	15662690	38.3	29172.7	0.0713	7293.17	0.0178	63035.088240368	2500000000	6113.25	2515662690	6151.5498	BW.COM
362831	00000000000000000a65ccc61cdcd068647183873d911f6d192f33925e3cf447	2015-06-27 23:25:05	2015-06-27 22:10:56	261849	261849	1047396	3	3	000000000000000000000000000011	d856a706e828cbea9aec3486a15f2a725a625e322f3b0d3006461465abf7c2c6	1580304680	404103235	49692386354.894	00000000000000000000000000000000000000000007fc4600ee4c245e1c7770	034f890528fabe6d6d9a9439ce168f7422aecb79acd968f3bf4c7810c1cec901aa954f7fa1a40d3efc100000000b2f4256383030303030302f2a4e657720486f72697a6f6e73206973203139363733343835206b6d20746f20506c75746f2e0000000000	536	0	1359	1290	393226436315	961556.625	395726436315	967669.875	8687335	21.2431	33210.9	0.0812	8302.72	0.0203	1600.9840278703	2500000000	6113.25	2508687335	6134.4932	F2Pool
362832	000000000000000012d7f0018ba6cd68a3f6e89b26a0354f7512181c1640011c	2015-06-27 23:28:33	2015-06-27 22:32:10	116585	116585	466340	3	3	000000000000000000000000000011	4d6d04a7e5f34c73bad0f2a54969d4e9394725c2124525b60a7ab72a4f17544b	619672233	404103235	49692386354.894	00000000000000000000000000000000000000000007fc5192df82487912ed61	0350890528fabe6d6d36c656606731f763639ddb2a04c0c02bff27056f55099d9039c8d975e65dff78100000000b2f4256383030303030302f2ae696b0e8a786e9878ee58fb7e8b79de586a5e78e8be6989f3139363730363137e585ace9878c00000000	241	0	612	561	344304656138	841928.1875	346804656138	848041.4375	3300585	8.0709	28375.3	0.0694	7093.82	0.0173	579.88292829514	2500000000	6113.25	2503300585	6121.3208	F2Pool
362833	00000000000000000729f15099ee63b79a942cb607ce8aa5d01e77c6059364e0	2015-06-27 23:35:20	2015-06-27 22:56:54	338980	338980	1355920	3	3	000000000000000000000000000011	f25d0dde29aa4ea9921c66838d5a98b4084c64b6276623582c99f78f5529a1ec	4223848492	404103235	49692386354.894	00000000000000000000000000000000000000000007fc5d24d0b86c94096352	0351890507062f503253482f0439338f5504af37841208526a5caccc3b02000a425720537570706f727420384d200a666973686572092f425720506f6f6c2f	564	0	1765	1782	260573912435	637181.375	263073912435	643294.625	8584918	20.9927	25343	0.062	6335.75	0.0155	700.52139580798	2500000000	6113.25	2508584918	6134.2427	BW.COM
362834	0000000000000000048814510af5b7dcf7ada5f3dad6c3c9e63d6d3f696cc6fd	2015-06-27 23:35:43	2015-06-27 23:01:10	10477	10477	41908	3	3	000000000000000000000000000011	0a6b5d93c505ac48ff50e4fc00ab2cba9962b93d02e853ec3079427d22996a71	1773254489	404103235	49692386354.894	00000000000000000000000000000000000000000007fc68b6c1ee90aeffd943	0352890528fabe6d6d4069b529a2f20e6e54a4b477ba0cf56e638a84343cd48d36f89d0638d370b464100000000b2f4256383030303030302f2ae696b0e8a696e9878ee8999fe8b79de586a5e78e8be6989f3139363634363930e585ace9878c00000000	14	0	61	27	10543667956	25782.4316	13043667956	31895.6816	164241	0.4016	16084.7	0.0393	4021.18	0.0098	11.817569209523	2500000000	6113.25	2500164241	6113.6514	F2Pool
362835	0000000000000000057fd5bd68fd4fc1f106c181818c607bb94ea10db154b5dd	2015-06-27 23:37:49	2015-06-27 23:16:36	53815	53815	215260	3	3	000000000000000000000000000011	50e10ebba7dae9d292cb4ab79b23c7f105c077b370a29d424fd0a0a770c09e27	1974248672	404103235	49692386354.894	00000000000000000000000000000000000000000007fc7448b324b4c9f64f34	0353890528fabe6d6d2270178e3da5c8b9ecce39afa87a70924d91afb8a5296af7f9601cb4f60c046f100000000b2f4256383030303030302f2a4e657720486f72697a6f6e73206973203139363632393533206b6d20746f20506c75746f2e0000000000	144	0	269	307	27985338506	68432.5469	30485338506	74545.7969	2028249	4.9597	37876.5	0.0926	9469.13	0.0232	22.692542580955	2500000000	6113.25	2502028249	6118.2095	F2Pool
362836	0000000000000000049a05148cbe116061e07f2a3f21dcc577b98850603c3072	2015-06-27 23:57:04	2015-06-27 23:25:05	536502	536502	2146008	3	3	000000000000000000000000000011	02696f1088cccb7d020549a55bd2016c05feb8ec5fefe454fa15103198629858	3575381891	404103235	49692386354.894	00000000000000000000000000000000000000000007fc7fdaa45ad8e4ecc525	0354890506cbcde1b6e3fb08fdf01a40d2b5a6ee06457336e3ffce	1060	0	2774	2563	807738564348	1975163.125	810238564348	1981276.375	16804664	41.0924	31334	0.0766	7833.51	0.0192	148893.66635398	2500000000	6113.25	2516804664	6154.3423	21 Inc.