id	hash	time	median_time	size	stripped_size	weight	version	version_hex	version_bits	merkle_root	nonce	bits	difficulty	chainwork	coinbase_data_hex	transaction_count	witness_count	input_count	output_count	input_total	input_total_usd	output_total	output_total_usd	fee_total	fee_total_usd	fee_per_kb	fee_per_kb_usd	fee_per_kwu	fee_per_kwu_usd	cdd_total	generation	generation_usd	reward	reward_usd	guessed_miner
603376	00000000000000000015e80b28640b0d7fa46ea0f9a8df94f4a9e04c192e251f	2019-11-12 00:01:19	2019-11-11 22:55:48	1408322	861726	3993500	541065216	20400000	100000010000000000000000000000	13480f4d2dce653bd52ef39f33ed12b84506ec4d3db8cafb0088e5c9f292b5c6	3083855900	387326161	12720005267391	00000000000000000000000000000000000000000a027721ffa7d00721bcab59	03f034090451f6c95d535a30322f4254432e434f4d2ffabe6d6dfa4c3e9913892e84d36818011cc973411675410f5098c1cfdfbd6d4376d79ef2080000007296cd10b3665d274e05080000000000	2938	2057	6515	7718	1011089255318	88267280	1012339255318	88376408	37844006	3303.7515	26879.8	2.3466	9480.18	0.8276	10078.850170149	1250000000	109124	1287844006	112427.75	BTC.com
603377	0000000000000000000deef2459b0c8e2acdcc5ae389a9b3b35d727881f8ea83	2019-11-12 00:10:38	2019-11-11 23:12:20	1332748	888669	3998755	1073725440	3fffc000	111111111111111100000000000000	a162d361d5cd5f3b065dea49cb762df2c5dcdd5a9587a84613ab292b606f4e99	2926060271	387326161	12720005267391	00000000000000000000000000000000000000000a0282b3a69eb6bc8a239e82	03f134092cfabe6d6d63d13fdeb73bf0360dbca5431cb109ee35255f9ee7fd3c8a9232d60e8cefe2b210000000f09f909f00104d696e65642062792061616c657461690000000000000000000000000000000000000000000000000000000500f29b3000	2814	1148	6546	6216	448428307858	39147432	449678307858	39256556	19240027	1679.6389	14441.3	1.2607	4813.59	0.4203	196186.11933102	1250000000	109124	1269240027	110803.6406	F2Pool
603378	0000000000000000000b7aa2f5483fdfb5051e97c2e4a89c17c11fdc42addfce	2019-11-12 00:38:00	2019-11-11 23:18:04	1271426	907203	3993035	536928256	2000e000	100000000000001110000000000000	127bb5c9f7e2170d283a4ee01ccd49edbd5affc8506374371fc6b3944a598c55	1914394579	387326161	12720005267391	00000000000000000000000000000000000000000a028e454d959d71f28a91ab	03f2340904e0fec95d2f706f6f6c696e2e636f6d2ffabe6d6d6b025078617ae0d3b576ada070639ebfe8994d5744ef640a5e968dbfa99803410100000000000000a1c882a4bd55f039efb1934cb575f08a10527c343400e5490100ffffffff	2858	1672	5816	6679	1015368324277	88640840	1016618324277	88749968	37081717	3237.2041	29174.5	2.5469	9290.01	0.811	41454.805651551	1250000000	109124	1287081717	112361.2031	Unknown
603379	00000000000000000009f106de0836688c116e603f2d8c86dc0c1050be96981b	2019-11-12 00:43:08	2019-11-11 23:18:49	1155688	947607	3998509	536870912	20000000	100000000000000000000000000000	4f748d22f049a73dafb63aacae8cc478106ce1a6d41ff67a45ed1352711da9d4	2979156689	387326161	12720005267391	00000000000000000000000000000000000000000a0299d6f48c84275af184d4	03f334092cfabe6d6db84bfff8ff4a128a47dad3491ca4172edc128b6b54446a45e0c4cf493560429e10000000f09f909f000f4d696e6564206279207064737a6a79000000000000000000000000000000000000000000000000000000000500d1c01400	2860	999	5460	6170	262422293078	22909256	263672293078	23018380	11503908	1004.282	9958.13	0.8693	2878.3	0.2512	13118.37097137	1250000000	109124	1261503908	110128.2812	F2Pool
603380	00000000000000000010a43c928e2398c181e34171e2ffc23d6195ce9e475d9b	2019-11-12 00:43:37	2019-11-11 23:26:43	933995	607376	2756123	536870912	20000000	100000000000000000000000000000	7706ada861fa7ba362a39a396a91323e15292dfaaae9b8ff90ea08a5d4e186cb	639059962	387326161	12720005267391	00000000000000000000000000000000000000000a02a5689b836adcc35877fd	03f43409043a00ca5d2f4e6f7661426c6f636b2f1ee21cdd202ff64dc47ef882062977b71079e558b900b06d0300ffffffff	2206	1980	4019	4482	83126684910	7256893	84376684910	7366017	1435137	125.2863	1537.13	0.1342	520.95	0.0455	78895.086081852	1250000000	109124	1251435137	109249.2891	Unknown
603381	000000000000000000038ab7990db28352bc383c10a8a289d80a2579a21b2e04	2019-11-12 00:47:12	2019-11-12 00:01:19	388693	274178	1211227	549453824	20c00000	100000110000000000000000000000	ca76b0a67e90f637b4463b523b0bc8a8a677e5f074f8e6674023014bebd303bb	2875750570	387326161	12720005267391	00000000000000000000000000000000000000000a02b0fa427a51922bbf6b26	03f53409544b5a41323145747050663225e8c7c0b94bc358110000	977	644	1761	2105	96821580829	8452446	98071580829	8561570	9428528	823.103	24274.4	2.1191	7790.74	0.6801	625.67606172434	1250000000	109124	1259428528	109947.1016	Unknown
603382	00000000000000000014349e41fdaf43e663feb6ed8512da5e50181bad51365e	2019-11-12 00:56:18	2019-11-12 00:10:38	739346	531804	2334758	536870912	20000000	100000000000000000000000000000	dcd690b29a58450ccfe8efc5f04fbb1922bdc2697ff2bd9d70fb9c0ca83dbc42	770764440	387326161	12720005267391	00000000000000000000000000000000000000000a02bc8be971384794265e4f	03f634091b2f5669614254432f4d696e6564206279206b696c6c616772616d2f2cfabe6d6db88d575db815b393bb47073636d16f482f07e5f30c659486585147758c63a7e21000000000000000103e16820cc5ffe3511c07cbbb6cb80000	2197	1420	3139	4769	297029169108	25930408	298279169108	26039532	10975805	958.179	14852.2	1.2966	4703.61	0.4107	13953.824866314	1250000000	109124	1260975805	110082.1797	ViaBTC
603383	0000000000000000000491be9ac0a6b89efff936269eb6ba2059e6f391bff791	2019-11-12 01:20:36	2019-11-12 00:38:00	1188770	934835	3993275	541065216	20400000	100000010000000000000000000000	1bcb2142fecc04946bbb343716501a62524e4ffaabc5c70da10a0587769d0f6c	3035194499	387326161	12720005267391	00000000000000000000000000000000000000000a02c81d90681efcfc8d5178	03f734091b4d696e656420627920416e74506f6f6c3131390000652067d13ffcfabe6d6d063ee55b6dabb9baebc1c9fbdd482b1d31de35193bc0af7a11d0e0609514cf510400000000000000bc83004042805200	2803	1364	5612	6522	503794489146	43980856	505044489146	44089980	35933507	3136.9663	30237.2	2.6397	9001.71	0.7859	39686.516816561	1250000000	109124	1285933507	112260.9688	AntPool
603384	000000000000000000001b897226689d115a8746f221914aa46108260502e6fc	2019-11-12 01:27:54	2019-11-12 00:43:08	1329386	888001	3993389	541065216	20400000	100000010000000000000000000000	b8643a0beb539ff42a7cd0db14373197d74f27609875a7db53b61d37d51b6f32	3856499806	387326161	12720005267391	00000000000000000000000000000000000000000a02d3af375f05b264f444a1	03f8340941d77282a70d672a41d77282a6a929352f315448617368263538434f494e2ffabe6d6d4c9fbcf168f22c685a3a2f74a79685eefc2b7a0342376abad5a249fd0ee2af018000000000000000be005164a00f000000000000	2215	812	6851	4999	501449250423	43776120	502699250423	43885244	14506261	1266.385	10915.2	0.9529	3633.89	0.3172	46559.715193835	1250000000	109124	1264506261	110390.3828	Unknown
603385	00000000000000000004a7368c0cc53138a5750569db58b5cc18e18601385201	2019-11-12 01:40:43	2019-11-12 00:43:37	1218836	924821	3993299	536870912	20000000	100000000000000000000000000000	2f02282d01c8c93ef24bf1e6e1bd2bc94bd6db267b0b729169f5b4dc53d3e9e3	3313244735	387326161	12720005267391	00000000000000000000000000000000000000000a02df40de55ec67cd5b37ca	03f934091a4d696e656420627920416e74506f6f6c3839af0051206f03dcaafabe6d6d7bb3d09675bfb725fda7fc132c66f1470a7424147752b0893db7718e17798a6904000000000000008e110000fd360200	2369	1211	4629	12150	832942955084	72715256	834192955084	72824376	23597406	2060.0347	19366.7	1.6907	5911.35	0.516	13154.432372484	1250000000	109124	1273597406	111184.0312	AntPool
603386	000000000000000000110568a868ef879b27eb628c0928d2836174793a2b19a1	2019-11-12 01:43:05	2019-11-12 00:47:12	946774	569696	2655862	536870912	20000000	100000000000000000000000000000	d318e5cac52e099ca0e3c1e7ce37d5c5efaa2cca82d968a20e047b0eaf34b34e	1205077130	387326161	12720005267391	00000000000000000000000000000000000000000a02ead2854cd31d35c22af3	03fa340904230eca5d535a30332f4254432e434f4d2ffabe6d6d22818026f970fbfc1abac6062f2cc9899eb8e9c8e275810684e65747f8fdc300020000004204cb9a0f42770bec10000000000000	1979	1688	3933	4123	97646633396	8524473	98896633396	8633597	5950305	519.4568	6286.99	0.5489	2241.45	0.1956	3265.3228493938	1250000000	109124	1255950305	109643.4531	BTC.com
603387	0000000000000000000b5585f4419155523dc5ff107f06b899eafe0c227d228d	2019-11-12 02:13:00	2019-11-12 00:56:18	1217484	925231	3993177	545259520	20800000	100000100000000000000000000000	1ff9772ea167aab91b1c0756a19d04d0cdd8e961967b09325b3018e91ecffad3	1142821328	387326161	12720005267391	00000000000000000000000000000000000000000a02f6642c43b9d29e291e1c	03fb3409042c15ca5d2f4254432e434f4d2f42697444656572fabe6d6d3c2de74f30e25797f95876daf60bcc758c045857b0d2d16fb9405f17de3f3db90800000016ed744803187d730cadce0000000000	3059	1458	5547	7288	614785429250	53670276	616035429250	53779400	43010552	3754.7869	35337	3.0849	10774.3	0.9406	8181.4686213272	1250000000	109124	1293010552	112878.7891	BTC.com
603388	0000000000000000000319dab6bbe2d943d3dc68920ed20c4dbd51b2318c1e65	2019-11-12 02:19:06	2019-11-12 01:20:36	1145669	949243	3993398	541065216	20400000	100000010000000000000000000000	81951ad1adee0bcfd7ab0674180e0af4bb92b54000f8c891fdbbcd48a9c3fd58	1756631769	387326161	12720005267391	00000000000000000000000000000000000000000a0301f5d33aa08806901145	03fc34091d2f5669614254432f4d696e6564206279206972616e616d69723935312f2cfabe6d6d921beaeea4815f1b46c24ebb16b8862480e19551901994599d0d6e10293711811000000000000000103f47370853ead67625cee0f852450000	2945	871	5513	6573	548529147891	47886156	549779147891	47995280	13633327	1190.1786	11904	1.0392	3415.24	0.2981	14499.868663789	1250000000	109124	1263633327	110314.1797	ViaBTC
603389	00000000000000000010b3f3fc8121ffce11483d2d64948b6ae4749110915b0e	2019-11-12 02:24:30	2019-11-12 01:27:54	1124638	957918	3998392	541065216	20400000	100000010000000000000000000000	1e311e9a2bdddec90b6f7d588eeb17bf0281f78da532906d7004577ca0082df6	3255777548	387326161	12720005267391	00000000000000000000000000000000000000000a030d877a31873d6ef7046e	03fd34092cfabe6d6de1fa4a5bdb71bb48f323e59fe33138de8722721bb7ed4a42f16d269d1f0e116510000000f09f909f00144d696e65642062792068617368373130393331660000000000000000000000000000000000000000000000050054320000	1402	761	3009	17195	1063004160783	92799416	1064254160783	92908536	14932305	1303.5782	13282.9	1.1596	3736.2	0.3261	3134.016566216	1250000000	109124	1264932305	110427.5781	F2Pool
603390	0000000000000000000baeec1946b7d756187a1f7b6041e555f885f0b6293d5f	2019-11-12 03:05:38	2019-11-12 01:40:43	1166647	943770	3997957	549453824	20c00000	100000110000000000000000000000	ceb35e5f6d031ef22924ae1f54b8bfc1365f775152c42f8d01bd3ba202d5dd76	2715573320	387326161	12720005267391	00000000000000000000000000000000000000000a03191921286df2d75df797	03fe34092cfabe6d6d000000000000000000000000000000000000000000000000000000000000000000000000f09f909f000d4d696e656420627920656d63640000000000000000000000000000000000000000000000000000000000000500b7370000	2488	861	5202	8445	1197009317449	104497952	1198259317449	104607080	48272137	4214.1191	41389.6	3.6133	12078.2	1.0544	30272.494766527	1250000000	109124	1298272137	113338.1172	F2Pool
603391	0000000000000000000b5a7f01dfe83d53e870983e7a8e29e92f3b7a17efd441	2019-11-12 03:36:46	2019-11-12 01:43:05	1190997	934094	3993279	536870912	20000000	100000000000000000000000000000	6c26cb5f78eaca01d403fb013626aaad1c7a4fe6ea6fa39c21d21de5f75083fe	1935021033	387326161	12720005267391	00000000000000000000000000000000000000000a0324aac81f54a83fc4eac0	03ff3409fabe6d6d7b7a3df528239eb63a5cf80eddb1fffa85dfdc5dd022af0096d87510a34b491401000000000000000c650504281c4bed8700002ea4102f736c7573682f	2275	806	5750	5926	1269742110326	110847472	1270992110326	110956592	43540583	3801.0581	36569.6	3.1925	10907.2	0.9522	300977.82110376	1250000000	109124	1293540583	112925.0547	SlushPool
603392	00000000000000000006c3845ff5b557d43c30a51bfcfecc1863fdec24370eb9	2019-11-12 03:44:46	2019-11-12 02:13:00	1271790	908848	3998334	1073733632	3fffe000	111111111111111110000000000000	429b68d2108f3309e11877965d85392001bf447d9ff3bd7526e2aeb00f7e1c9f	219250427	387326161	12720005267391	00000000000000000000000000000000000000000a03303c6f163b5da82bdde9	030035092cfabe6d6dcd007efe111b8f4805ca2983a7a234260f4b7b04920d86b9012f72241c4e855610000000f09f909f00134d696e6564206279206861736835333330303100000000000000000000000000000000000000000000000005001a811b00	3395	2196	5911	7723	1085314319186	94747072	1086564319186	94856192	26976504	2355.0271	21219.1	1.8524	6749.86	0.5893	38910.989193325	1250000000	109124	1276976504	111479.0234	F2Pool
603393	00000000000000000013706a83de7b9f897bb829d705088bd70c8024588d74e7	2019-11-12 03:48:16	2019-11-12 02:19:06	1279888	906283	3998737	1073676288	3fff0000	111111111111110000000000000000	9f36c7eeee6a291e04abf7d171b7f23c248b1e86931dbd701d2e41ab58add3a7	1832845322	387326161	12720005267391	00000000000000000000000000000000000000000a033bce160d22131092d112	030135092cfabe6d6debb62de45cc66b69c0484e2cdc31289f7b30441c0a9a4602cc288cb0a263c92110000000f09f909f00154d696e656420627920737570657268616f72616e3200000000000000000000000000000000000000000000050011100000	2739	1130	5479	6894	619614636480	54091860	620864636480	54200984	17984613	1570.0424	14056.8	1.2272	4499.52	0.3928	25000.783072081	1250000000	109124	1267984613	110694.0391	F2Pool
603394	00000000000000000012ed1fd34ab2dc1452aede43e606bc280dbda379343a36	2019-11-12 03:48:58	2019-11-12 02:24:30	1172790	940253	3993549	545259520	20800000	100000100000000000000000000000	2c1867996c3af18110caeb033f52b1d0c8fa933ff388427747b72cae1936fbb9	1890283284	387326161	12720005267391	00000000000000000000000000000000000000000a03475fbd0408c878f9c43b	0302350904ab2bca5d55532f48756f42692ffabe6d6d9b0b385346705a1c643be9aca284d887c35cb0ed990f35d96f814212460432a508000000dbd8e169093b058f3229010000000000	2568	886	5530	7054	382412112346	33384272	383662112346	33493396	3868565	337.7226	3299.79	0.2881	969.089	0.0846	8921.1094123933	1250000000	109124	1253868565	109461.7188	Unknown
603395	0000000000000000000e79b6d7bb097fd498edb1757dabc82e3d6eeda19b2c89	2019-11-12 03:50:21	2019-11-12 03:05:38	1163371	742756	3391639	1073725440	3fffc000	111111111111111100000000000000	f7ffbc09d748dfa85f6b95c5aa770962f95398af75d95f736f0ea5219f58a501	383870625	387326161	12720005267391	00000000000000000000000000000000000000000a0352f163faef7de160b764	0303350904012cca5d626a30332f4254432e434f4d2ffabe6d6d2e4a822b57340a9e8750e7a164f115a09f3999a482dfd1960c64e79b8d4e967a080000007296cd10cdea67aea53d0b0000000000	2508	1975	4301	8724	87258584758	7617604.5	88508584758	7726728.5	7666422	669.2725	6592.24	0.5755	2261.45	0.1974	3968.6908635339	1250000000	109124	1257666422	109793.2734	BTC.com
603396	00000000000000000008a20814bfc6ee3e6cea2fb8052f5d71c44e6f1273b4da	2019-11-12 04:14:30	2019-11-12 03:36:46	1240263	917688	3993327	1073676288	3fff0000	111111111111110000000000000000	3a240c070dd1f18990d7246232fd62b3c183378cef241f0ece515558a4f7912e	103924366	387326161	12720005267391	00000000000000000000000000000000000000000a035e830af1d63349c7aa8d	03043509049831ca5d2f706f6f6c696e2e636f6d2ffabe6d6df08e982836ec5211091f971d33683ee6429677b0352ee373550002cb8533aacb01000000000000000e62f7e06609164fc365d13f44dfdb0511cfb5a5b20071e00200ffffffff	2809	1261	5639	6971	1066546453245	93108648	1067796453245	93217776	45224531	3948.0654	36475.2	3.1842	11329.2	0.989	70595.494565462	1250000000	109124	1295224531	113072.0625	Unknown
603397	0000000000000000000a1c4c89b5340d3d9fc049a6dbe33a02712f75556c642b	2019-11-12 04:15:20	2019-11-12 03:44:46	1021400	785742	3378626	536870912	20000000	100000000000000000000000000000	70c604247f7480a28ae0def74fd6d4c9fdece435fe742c41d1845f563f06bf7d	3426129048	387326161	12720005267391	00000000000000000000000000000000000000000a036a14b1e8bce8b22e9db6	0305350904d831ca5d424a2f48756f42692ffabe6d6d98dacad3355fbf4bb34fec43e1aac44b3c72f811984c80e19ba4b57fd520dea408000000940e71b60da9fa9b283c0a0000000000	2401	1504	4657	5243	186778351921	16305601	188028351921	16414725	4587393	400.4757	4493.15	0.3922	1358.41	0.1186	5491.3479013095	1250000000	109124	1254587393	109524.4766	Unknown
603398	00000000000000000004f5447ba93f8b55579596ab7ae5080aabf6c7e150c317	2019-11-12 04:43:02	2019-11-12 03:48:16	1179281	938031	3993374	541065216	20400000	100000010000000000000000000000	7a8a27c907a9dbec40e9801256bae6e8d4993a161f70ec53dd131603474e295b	2550017445	387326161	12720005267391	00000000000000000000000000000000000000000a0375a658dfa39e1a9590df	03063509045638ca5d485a2f48756f42692ffabe6d6da2153a560d159f44776465d268a5c5280f62fd71a3127529517135fe3ed43a4608000000352a097810caa42c937e000000000000	2876	1166	5250	7099	1054943336769	92095712	1056193336769	92204832	43323952	3782.1462	36750.8	3.2083	10853.3	0.9475	7137.8946041272	1250000000	109124	1293323952	112906.1484	Unknown
603399	00000000000000000015b763a846cff3f9e1a2cabd2504932154a1c5dc5d3c45	2019-11-12 04:53:20	2019-11-12 03:48:58	1196646	932171	3993159	549453824	20c00000	100000110000000000000000000000	18b16cb97c0fb01025a2f32a17a7a28bbf5749b7c13adbf56fdf9d300fdd03ad	842083597	387326161	12720005267391	00000000000000000000000000000000000000000a038137ffd68a5382fc8408	0307350904c13aca5d535a30322f4254432e434f4d2ffabe6d6d80e000b674a6e98a4af0f05fabd9418ffee6029c52cb81c5b2bd21c94741f055080000007296cd108ffcc56f45a6010000000000	2869	1009	5735	6294	828923288069	72364336	830173288069	72473464	19514407	1703.5922	16313.4	1.4241	4888.91	0.4268	42497.122014637	1250000000	109124	1269514407	110827.5938	BTC.com
603400	000000000000000000035e5fd33c8883d083a7003ff8fd0f77dd5888e46e187b	2019-11-12 05:04:14	2019-11-12 03:50:21	1452962	846797	3993353	541065216	20400000	100000010000000000000000000000	9e9e3b46e43dfe9e627faef308ce30a9b4a884d99fbc60f7da1e023907b3cf23	3716483010	387326161	12720005267391	00000000000000000000000000000000000000000a038cc9a6cd7108eb637731	030835091a4d696e656420627920416e74506f6f6c3435af002920b7cc0910fabe6d6db8360a5602b5823864c2e33cc1010a9679a07c4610560a1a3dd9b847303311910400000000000000f80001006c100000	2035	1107	7102	5176	935050103981	81629128	936300103981	81738248	18947087	1654.0656	13043.7	1.1387	4746.34	0.4143	28526.986623183	1250000000	109124	1268947087	110778.0625	AntPool
603401	000000000000000000007c9222e19b9a668dd662eb2730023f3682f043306364	2019-11-12 05:04:38	2019-11-12 04:14:30	539061	360631	1620954	536870912	20000000	100000000000000000000000000000	227b9de01fc257935105306d525dc7aae1367d402583ca4e5f85f9e4cd393379	2491112129	387326161	12720005267391	00000000000000000000000000000000000000000a03985b4dc457be53ca6a5a	0309350904683dca5d455530322f4254432e434f4d2ffabe6d6d0ef28f576c5bb09d50a858d316dc5f5082c16824c9a6b6a45d43b04fe585395808000000ceeed33d4a2576784d41010000000000	1612	1396	1988	3636	27312441956	2384354.25	28562441956	2493478.25	1208529	105.5036	2243.68	0.1959	746.299	0.0651	14238.28069218	1250000000	109124	1251208529	109229.5	BTC.com
603402	00000000000000000003e554ab2d3debd0a7a2ff159f660e58b8af660c8cebee	2019-11-12 05:05:51	2019-11-12 04:15:20	120906	92795	399291	541065216	20400000	100000010000000000000000000000	870db3cb36dd446f68754d78afdde3378ad0de35e5ebd154cd834bd56036ae8d	463375928	387326161	12720005267391	00000000000000000000000000000000000000000a03a3ecf4bb3e73bc315d83	030a3509fabe6d6dfb0259ddc6ba3690e9fdb800f16e6abdd618eb6f3e0c6d3c5195c2f090d29c4201000000000000000c650704256057cac0000026a6102f736c7573682f	354	173	536	854	26716035943	2332288.5	27966035943	2441412.5	3147172	274.7456	26110.5	2.2794	7909.32	0.6904	435.3329055559	1250000000	109124	1253147172	109398.7422	SlushPool
603403	0000000000000000000f3379f7520488bba271f30fdb66c1d1370eff22e17241	2019-11-12 05:08:34	2019-11-12 04:43:02	318853	254504	1082365	536870912	20000000	100000000000000000000000000000	0668aca4364472642e6f8e19af91d984466e4c99d2c196409dfa2c2ff806d81a	422671739	387326161	12720005267391	00000000000000000000000000000000000000000a03af7e9bb22529249850ac	030b350941d7728f94e53b4741d7728f94c0b45e2f4254432e544f502ffabe6d6d120fba85df89596a28caebfa0981a6418a572ce813577390268a0a86af18b2d78000000000000000fe0069516d0d240000000000	751	424	1233	2452	367341947921	32068658	368591947921	32177782	5324097	464.7894	16717.7	1.4595	4925.43	0.4299	36117.152285711	1250000000	109124	1255324097	109588.7891	BTC.TOP
603404	000000000000000000011a04bb4243dea930ec56909e69284fec134e2d276ce3	2019-11-12 05:21:02	2019-11-12 04:53:20	1236795	840244	3757527	541065216	20400000	100000010000000000000000000000	d8d6f80b56a5ae5b044c5758117b16cbbda82b8b76899cd0ee51729f37dff288	4035952369	387326161	12720005267391	00000000000000000000000000000000000000000a03bb1042a90bde8cff43d5	030c3509044141ca5d455530322f4254432e434f4d2ffabe6d6d72e7182b2418124a3b721e86d878b8f9621104771221b6fb514930368a84b96a08000000ceeed33d3c0a49131b11000000000000	2864	1720	5520	6463	1146101933523	100053784	1147351933523	100162904	18105242	1580.5731	14643.9	1.2784	4820.44	0.4208	143761.29983237	1250000000	109124	1268105242	110704.5703	BTC.com
603405	0000000000000000000ccc4469829228ccd4b0dc3d1e5cd00d2eb84d4307763a	2019-11-12 05:21:17	2019-11-12 05:04:14	19377	14110	61707	536870912	20000000	100000000000000000000000000000	ca94a5afdd9f11a634bff4653b34bf32a8d6e4699091c2a669c6575447809d7b	1594111676	387326161	12720005267391	00000000000000000000000000000000000000000a03c6a1e99ff293f56636fe	030d3509044f41ca5d2f706f6f6c696e2e636f6d2ffabe6d6d20f5d474cbe3dad3fceb02218f592c6b950bab5e7aad1aa42c47a8489dbe24e201000000000000003e11e412b79ef1652e70a50d4091a4c30f30ba998a004978010000000000	59	31	76	145	9163259890	799945.25	10413259890	909069.25	352979	30.8148	18589.6	1.6229	5857.7	0.5114	446.93458023908	1250000000	109124	1250352979	109154.8125	Unknown
603406	00000000000000000008ca208002bd4f304ea98840471e2e2ca1cc80892e6e51	2019-11-12 05:26:41	2019-11-12 05:04:38	737834	504307	2250755	536928256	2000e000	100000000000001110000000000000	7117eff95e9efe494af3539b09abbda28140fcff2d9e477f52d01efe3550ab0c	4053964376	387326161	12720005267391	00000000000000000000000000000000000000000a03d2339096d9495dcd2a27	030e35092cfabe6d6dc0387dccf474ff035a51d58ffe7231c7d358894f8d34d6d6fc067e08a9770d9d10000000f09f909f00134d696e656420627920737a777775686169313700000000000000000000000000000000000000000000000005001accb95d	1711	1154	3425	3708	334575934379	29208212	335825934379	29317336	13836125	1207.8827	18764.1	1.6381	6152.06	0.5371	24690.527245042	1250000000	109124	1263836125	110331.8828	F2Pool
603407	00000000000000000005f81b7bd94c0fb7ba0e16296a028810fd59b5d8d568b5	2019-11-12 05:40:39	2019-11-12 05:05:51	1245352	915901	3993055	1073733632	3fffe000	111111111111111110000000000000	41cbc62989e7eea0363a0b1f6b0b7ebb82fca3387744fb32debc245a7bb5bb5c	3522311816	387326161	12720005267391	00000000000000000000000000000000000000000a03ddc5378dbffec6341d50	030f350904d445ca5d2f706f6f6c696e2e636f6d2ffabe6d6dc87f74d03627bbb7903629980a6979ead5dc238a09535a5c4915df25c3f5b6cf0100000000000000e4ad74cb6ebcfa915efaa84ede8318281187b5718700c97d010000000000	3333	2046	5490	7456	927391302908	80960520	928641302908	81069640	20660818	1803.6729	16595.6	1.4488	5176.09	0.4519	9420.4999474756	1250000000	109124	1270660818	110927.6719	Unknown
603408	00000000000000000014ac300b617d11772e127473941895dc362341cc0b6b82	2019-11-12 05:51:51	2019-11-12 05:08:34	1048518	753985	3310473	536870912	20000000	100000000000000000000000000000	30155a93249de2301b09001f3083be6581fb4407c950adfd4f051567d092e239	1729410385	387326161	12720005267391	00000000000000000000000000000000000000000a03e956de84a6b42e9b1079	03103509fabe6d6d551849fcf4888c6598659513ba8a2fc35a05764160c35b6e3820ed9302a7d24f01000000000000002c650606b584e514160100f8d92a2f736c7573682f	2616	1639	4558	5906	408060374830	35623344	409310374830	35732468	17696780	1544.9147	16883.9	1.474	5347.93	0.4669	5363.4918431958	1250000000	109124	1267696780	110668.9141	SlushPool
603409	0000000000000000000316b9f75cc2d3187928d30df7ada878e7542aee52a84f	2019-11-12 05:53:49	2019-11-12 05:21:02	145112	101388	449276	1073676288	3fff0000	111111111111110000000000000000	ceb522e78f31a795bcfcdb055fd3218a3d162b2f52c433cd3beee52667579510	419446795	387326161	12720005267391	00000000000000000000000000000000000000000a03f4e8857b8d69970203a2	0311350904e748ca5d535a30332f4254432e434f4d2ffabe6d6de31bf3dc66dd174a12c4867709ab6fc4b5e265dbaeec75eccfa25d9c4722a732020000004204cb9a03210e9f5730000000000000	392	239	637	899	134494710440	11741281	135744710440	11850405	2504618	218.6511	17298.9	1.5102	5589.72	0.488	2698.8943530426	1250000000	109124	1252504618	109342.6484	BTC.com
603410	000000000000000000002f9be915016262574642cfdb087d2ac7cf262cc19ce4	2019-11-12 05:57:36	2019-11-12 05:21:17	450032	325712	1427168	545259520	20800000	100000100000000000000000000000	883f38ff9f4532adb8b69bc33ce26bcd9bee6234b46cd528c00883aebeab118e	2291796163	387326161	12720005267391	00000000000000000000000000000000000000000a04007a2c72741eff68f6cb	0312350904d149ca5d485a2f48756f42692ffabe6d6ddbefd530d0ed671a4426a484a85d9f26c7896bb3f37ab85c18f47005acd203e508000000352a09780acab7ae6510020000000000	1192	773	1972	2772	222999263443	19467658	224249263443	19576782	8032222	701.2065	17864.9	1.5596	5634.35	0.4918	809.5718301569	1250000000	109124	1258032222	109825.2031	Unknown
603411	000000000000000000136f0af66baae9e15a117662ca2d1c22cc60b2c0dfdb0d	2019-11-12 06:02:23	2019-11-12 05:26:41	721937	599816	2521385	1073733632	3fffe000	111111111111111110000000000000	0d3c5f106bef658009b789bf4e028185f80a610a5da97d213f30a177b9a20315	2213373262	387326161	12720005267391	00000000000000000000000000000000000000000a040c0bd3695ad467cfe9f4	0313350904f04aca5d424a2f48756f42692ffabe6d6d0a536d9e8b5a573c54960e71165820443d2908f8912926b8be9660a92347cb8208000000940e71b611a6cfb1b82c1d0000000000	1154	590	3621	2590	366604588928	32004288	367854588928	32113412	8588090	749.7334	11902.9	1.0391	3408.25	0.2975	26058.414775243	1250000000	109124	1258588090	109873.7344	Unknown
603412	00000000000000000009df7664e1dd2f27ccda4425300f28ae0024381dff660f	2019-11-12 06:20:34	2019-11-12 05:40:39	1199816	931111	3993149	536870912	20000000	100000000000000000000000000000	ad73e0126b3e80f175f1f99b1e46671bc99b5519ac82d114561d0076ead679d7	1652657925	387326161	12720005267391	00000000000000000000000000000000000000000a04179d7a604189d036dd1d	031435091a4d696e656420627920416e74506f6f6c353400010520d3191c56fabe6d6d4aeb4f35a41bf8188f86fff98e8a19e3b2d04daeff328e19f4899ad3a874804904000000000000001e4b0080a84c0200	2855	1082	5575	7480	821219535678	71691808	822469535678	71800928	29042984	2535.4292	24213.9	2.1139	7275.78	0.6352	5573.5205359396	1250000000	109124	1279042984	111659.4297	AntPool
603413	00000000000000000005f16fecc09a5ca7d22a938bcfcb1584f93a5fd1cbeb52	2019-11-12 06:26:45	2019-11-12 05:51:51	992031	689281	3059874	536870912	20000000	100000000000000000000000000000	4c9b0422ec9f5efc8795ab7f5389b178d2085597b3f8a3a5953d40a0be555ca8	1407555212	387326161	12720005267391	00000000000000000000000000000000000000000a04232f2157283f389dd046	0315350941d772942a7573e041d77294295662b92f315448617368263538434f494e2ffabe6d6df4a3b5e27ab34d969953d2c649e311ba5179fd2930a191b5c7fa33ef1b8e52028000000000000000d2001bb71946000000000000	2464	1745	3989	6770	252162185124	22013556	253412185124	22122680	12920970	1127.9904	13029.9	1.1375	4224.71	0.3688	8617.3730205596	1250000000	109124	1262920970	110251.9922	Unknown
603414	000000000000000000035f5acf13a7a85f04e2da3f6529ea95afebc9ee809d50	2019-11-12 06:38:56	2019-11-12 05:53:49	1117319	794965	3502214	541065216	20400000	100000010000000000000000000000	80675e86fef0ce23cad956e2d0c2c58c5bb4d480dd6f66a70e73cc17edab27f8	1201736920	387326161	12720005267391	00000000000000000000000000000000000000000a042ec0c84e0ef4a104c36f	031635092cfabe6d6d4f4aefb910175d17fa8c485bfc9114e090aa082280382d8baa6a8681c6008f3a10000000f09f909f00124d696e656420627920646173616e7975616e000000000000000000000000000000000000000000000000000500dc800000	3031	1776	4826	6921	940023780361	82063320	941273780361	82172448	17131519	1495.5679	15339	1.3391	4894.05	0.4272	8726.6001837461	1250000000	109124	1267131519	110619.5703	F2Pool
603415	0000000000000000000f6d9d9b92e6ac3e1026bbba29abc04b6c22e3a9f916bb	2019-11-12 06:49:21	2019-11-12 05:57:36	1109928	810128	3540312	1073733632	3fffe000	111111111111111110000000000000	c4dd16f70d9714e120ea27c7c9cbe274464475b566e6400a2c24504ea5d8d26b	2123441122	387326161	12720005267391	00000000000000000000000000000000000000000a043a526f44f5aa096bb698	0317350904f155ca5d2f706f6f6c696e2e636f6d2ffabe6d6d2aead1763285779b166f27beb1ab7aff78f2cf9792de46bc05d3667c58b819480100000000000000f81bd091f1928f88865006d70e3b0ce7113200460a007f40400000000000	2645	1554	4952	6201	827854123964	72271000	829104123964	72380128	19410258	1694.5	17494	1.5272	5484.91	0.4788	10815.338247211	1250000000	109124	1269410258	110818.5	Unknown
603416	0000000000000000000bf340edff8d98fe9b0586e96e920c25b34ff8f618dd87	2019-11-12 06:50:43	2019-11-12 06:02:23	123545	88852	390101	541065216	20400000	100000010000000000000000000000	d575d406609789c25049b59fccf0b26a5c516bb84bd5ac1a10075aa0dc42d11f	1014206143	387326161	12720005267391	00000000000000000000000000000000000000000a0445e4163bdc5f71d2a9c1	031835091a4d696e656420627920416e74506f6f6c3835af009720dde1720dfabe6d6d7573824bec626ba89855acef8af1f7ae9cde950be2435d2758172148021986b504000000000000000e560080b72e0500	319	173	505	833	45812317845	3999378.75	47062317845	4108502.75	2530586	220.9181	20546.5	1.7936	6510.63	0.5684	233.65965298313	1250000000	109124	1252530586	109344.9141	AntPool
603417	0000000000000000000321b7ceaf6c01b7722f77ff0d0f3f6c07ce3f6425c0ac	2019-11-12 06:51:19	2019-11-12 06:20:34	104077	75834	331579	1073725440	3fffc000	111111111111111100000000000000	152dcd135f975fed0c62ff77fd733518c37b3e48b1cbfa20e0f1d924fb09d9f0	811723090	387326161	12720005267391	00000000000000000000000000000000000000000a045175bd32c314da399cea	031935092cfabe6d6daf93f2a155c81cb851d8345243632ae39d078566a42c7a81a5e5f9b852b811fd10000000f09f909f00144d696e6564206279206769616e7466696e65783400000000000000000000000000000000000000000000000500b9620000	286	167	459	633	34896904632	3046471.75	36146904632	3155595.75	1912730	166.9798	18459.6	1.6115	5798.84	0.5062	70.833707120785	1250000000	109124	1251912730	109290.9766	F2Pool
603418	0000000000000000000eb707dbdc817792379633837bb052ca9e293ab9bbf380	2019-11-12 06:53:07	2019-11-12 06:26:45	195947	156537	665558	536870912	20000000	100000000000000000000000000000	8a96a44f8743b86d39d803c73059427c21d326943de09814a0405ffe4c83c321	3933277602	387326161	12720005267391	00000000000000000000000000000000000000000a045d076429a9ca42a09013	031a35091a4d696e656420627920416e74506f6f6c373900000120debc0b11fabe6d6dc2c5c67ee6e43d4ae95385e245454798f0fd981cc667142c48ec84f387c09b5d04000000000000004ce10040a6e50000	551	295	881	1216	83555118121	7294295	84805118121	7403419	3520219	307.3123	18000.2	1.5714	5300.4	0.4627	1714.5409596618	1250000000	109124	1253520219	109431.3125	AntPool
603419	00000000000000000013504f64e76df5b6ae99ceba258e428335a78607a7c534	2019-11-12 06:56:09	2019-11-12 06:38:56	305589	231917	1001340	536870912	20000000	100000000000000000000000000000	8bce2edb1befad2d7377ac34206891cdd6bc8e10530853b71a8187dc74a47c27	3823744330	387326161	12720005267391	00000000000000000000000000000000000000000a0468990b20907fab07833c	031b35092cfabe6d6dafb25d7db2217ae5b7b0ed2555137f1d10a1af7ab2abf862bef713692a5af82a10000000f09f909f00144d696e6564206279206d7978686771743135323300000000000000000000000000000000000000000000000500363f0100	824	491	1374	1763	122675463510	10709470	123925463510	10818594	5128592	447.722	16807.9	1.4673	5130.6	0.4479	848.10712201733	1250000000	109124	1255128592	109571.7188	F2Pool
603420	0000000000000000000edc4f4750fa616e3dd331a757cb2fa9cc2c87b856d844	2019-11-12 06:58:16	2019-11-12 06:49:21	243653	191988	819617	1073676288	3fff0000	111111111111110000000000000000	84c5d7ff8e41443601df4e6fad56fc6202885a1d4f4ba3c2bb28777aba6ee85a	2431464676	387326161	12720005267391	00000000000000000000000000000000000000000a04742ab2177735136e7665	031c35092cfabe6d6dd641ee58949bfcb101660c124954adcc41316f3e9460cc6b478063fc07cdc92910000000f09f909f00144d696e6564206279206475616e72656e686f6e6700000000000000000000000000000000000000000000000500ac230000	590	344	1123	1392	92614607383	8085181	93864607383	8194305	5309095	463.4797	21830.8	1.9058	6491.25	0.5667	2470.769213815	1250000000	109124	1255309095	109587.4766	F2Pool
603421	000000000000000000035134b00546a977c51bf1bc9f8abd71fb23f189497419	2019-11-12 07:09:01	2019-11-12 06:50:43	1230690	920914	3993432	536928256	2000e000	100000000000001110000000000000	1fb10a4a8e9568212d2a82dc2bb0f66c14e0ccab992b234c6dd5424d5f779a51	3552465745	387326161	12720005267391	00000000000000000000000000000000000000000a047fbc590e5dea7bd5698e	031d350904785aca5d2f706f6f6c696e2e636f6d2ffabe6d6deb9cf8124e667901802bdcbeacd02a462d92eb351f16c6265d130284c6f0da4301000000000000002cc2990ac3256c7bf535899b107f09ea1065fccec000cc92000000000000	2940	1896	5492	6792	491285041829	42888792	492535041829	42997916	16901241	1475.4648	13737.5	1.1993	4233.81	0.3696	12595.433783798	1250000000	109124	1266901241	110599.4609	Unknown
603422	0000000000000000001147ea9a5b1286634d95c2ddbc3e2100d536ac76672c40	2019-11-12 07:34:31	2019-11-12 06:51:19	1268434	910019	3998491	536870912	20000000	100000000000000000000000000000	8afa1697781d1f847101dc1d16874e06fb98fb20e71a79fec2fbf284129cd045	3057265004	387326161	12720005267391	00000000000000000000000000000000000000000a048b4e0005449fe43c5cb7	031e35092cfabe6d6d50f16557a8311db26912c14b0b0a4019f59285016c6c83b543deaf3ad50bdc6310000000f09f909f00144d696e6564206279206a69616f72756966616e6700000000000000000000000000000000000000000000000500831f0000	2825	1348	5525	8036	1050224291981	91683736	1051474291981	91792864	35267604	3078.8335	27814.1	2.4281	8824.05	0.7703	17479.039894906	1250000000	109124	1285267604	112202.8359	F2Pool
603423	0000000000000000000999f0502439d561082935a39968918c02ee0f1b40e409	2019-11-12 07:43:20	2019-11-12 06:53:07	1124223	956379	3993360	545259520	20800000	100000100000000000000000000000	266f522c121a7d5035a7a4795a25ff962856a3c3458d7d65c94d3df5d39279d9	1448503104	387326161	12720005267391	00000000000000000000000000000000000000000a0496dfa6fc2b554ca34fe0	031f35091c2f5669614254432f4d696e656420627920626974636f696e3238322f2cfabe6d6db510a8f917428dfadcc8a61261140d1e904870cc95e4a1348a2c1c8f7d9dbdf0100000000000000010a64b3608954688d7a06da541e6910000	1265	577	6156	3838	518520079531	45266388	519770079531	45375512	22178091	1936.1296	19734.5	1.7228	5555.81	0.485	4589.0905479893	1250000000	109124	1272178091	111060.125	ViaBTC
603424	0000000000000000001121d4ec22a629291ecc1ebbfda2fb7e7deac640fc8a78	2019-11-12 07:43:32	2019-11-12 06:56:09	1133387	953352	3993443	536870912	20000000	100000000000000000000000000000	f03ac46b82d14496529895bb33e4e510677fea08faa4b3a582721a3ebbfbdbf0	624671881	387326161	12720005267391	00000000000000000000000000000000000000000a04a2714df3120ab50a4309	03203509182f5669614254432f4d696e6564206279206d6c67737a682f2cfabe6d6ded511acda48e935a3b9631d54a0cf70c83cd44015921258004ae1c95ebc77b2b1000000000000000104749d307fa933f16b860a0947a8b0000	1711	351	6255	3318	157309328066	13732978	158559328066	13842102	3361196	293.4297	2966.65	0.259	841.988	0.0735	8414.4638933045	1250000000	109124	1253361196	109417.4297	ViaBTC
603425	00000000000000000012de1173a7fbd7458d66c42cd72a77d6cd6994ababc6ab	2019-11-12 07:45:15	2019-11-12 06:58:16	679565	481003	2122574	545259520	20800000	100000100000000000000000000000	24e3d4eaa5a5940561843bf0e157eb9b77bf078cff45bf1961c761311d85a147	2748519892	387326161	12720005267391	00000000000000000000000000000000000000000a04ae02f4e9f8c01d713632	032135092cfabe6d6d0e3103040107d174f372ec98be045ecf4cbd17ac4464c4484e1f49776946198510000000f09f909f00144d696e6564206279206b6d733931337431353030000000000000000000000000000000000000000000000005008a020000	1821	1493	2931	4006	669267329539	58426500	670517329539	58535624	6354094	554.7073	9356.57	0.8169	2996.02	0.2615	22760.194741196	1250000000	109124	1256354094	109678.7031	F2Pool
603426	0000000000000000000d00e1f3b0cf1be3182944c9626618661e86a9976ac803	2019-11-12 07:49:37	2019-11-12 07:09:01	519740	372227	1636421	536870912	20000000	100000000000000000000000000000	cfe47817f8a634b0f43a2b6ed66905a034af103d904c3d881ad3221ee61ecbed	3056001197	387326161	12720005267391	00000000000000000000000000000000000000000a04b9949be0df7585d8295b	03223509040164ca5d2f706f6f6c696e2e636f6d2ffabe6d6deb664c1da6a86db4267f12d7053ba706e48bea274d0a3d4a6c7d4ff985c045a10100000000000000e626782b6e2fdb74e9fc462906917b17113668e33800fe790000ffffffff	1347	771	2277	3177	592382542329	51714520	593632542329	51823644	9230702	805.8329	17773.7	1.5517	5645.84	0.4929	6039.6726116492	1250000000	109124	1259230702	109929.8281	Unknown
603427	0000000000000000000900fa3cbada00f87c212d03448271e2d7acd98700a072	2019-11-12 07:57:44	2019-11-12 07:34:31	1101021	789389	3469188	1073676288	3fff0000	111111111111110000000000000000	140f16c1bdf6fdf7aacea30aa375cd7a8dca39eaa565410b3f22cdb8844684d8	1010967401	387326161	12720005267391	00000000000000000000000000000000000000000a04c52642d7c62aee3f1c84	0323350904f265ca5d55532f48756f42692ffabe6d6dcce169b5e820e165f852d62146d7ad2bca7126072e8931a72a4e97488de02db008000000dbd8e169033c8b3a3a8d000000000000	2606	1652	4790	5775	317008826818	27674616	318258826818	27783740	14609283	1275.3787	13274	1.1588	4213.08	0.3678	4299.8122416447	1250000000	109124	1264609283	110399.375	Unknown
603428	000000000000000000036420a3e34efe2798cd358ecb5e072b86fdcb1981f863	2019-11-12 07:58:45	2019-11-12 07:43:20	90739	69806	300157	1073733632	3fffe000	111111111111111110000000000000	6ab23693a5db68388ef8dd58d8fbfb3bdc0bf079433db23cb316a3050182547a	254434029	387326161	12720005267391	00000000000000000000000000000000000000000a04d0b7e9ceace056a60fad	0324350941d772998e66878641d772998d5845152f315448617368263538434f494e2ffabe6d6d347947f839309d12e154dc658e5eeed109929896504f0de3b26fc3465427abc78000000000000000be003ec14b15050000000000	240	126	350	733	34683663647	3027856	35933663647	3136980	1440355	125.7418	15941.6	1.3917	4821.8	0.421	802.78786302978	1250000000	109124	1251440355	109249.7422	Unknown
603429	0000000000000000000b6b96e4de141aeb34b489632615a7aa5e497cdd839bdb	2019-11-12 08:05:05	2019-11-12 07:43:32	976510	772794	3294892	549453824	20c00000	100000110000000000000000000000	b5946966d8ab757ef431d0017c2b1d7f843848bd50ccc16b2856bc2c26beccfd	3904237744	387326161	12720005267391	00000000000000000000000000000000000000000a04dc4990c59395bf0d02d6	0325350941d77299ed106acd41d77299ec6440322f315448617368263538434f494e2ffabe6d6d15d4dd2af832935bc1f77d92f75bbadf50254b47c4c5ff36df3691dbdf1e44208000000000000000dc00a026685f000000000000	2035	1199	4661	5006	250224392916	21844390	251474392916	21953514	14746054	1287.3187	15106.8	1.3188	4477.4	0.3908	2222.5694534635	1250000000	109124	1264746054	110411.3203	Unknown
603430	000000000000000000141f64113aef08007f2d994f8a11af472f19254e1473d4	2019-11-12 08:14:31	2019-11-12 07:45:15	1102432	801770	3507742	536870912	20000000	100000000000000000000000000000	3dfb0be55de0cf024a77bc8f70b1c749ef3062c307671b282e6824dc0576e7f0	2342297254	387326161	12720005267391	00000000000000000000000000000000000000000a04e7db37bc7a4b2773f5ff	0326350904d869ca5d485a2f48756f42692ffabe6d6de3e99726a4eed7c35a78e3f938768200fa75c97e99ba02b545950f9a8309027c08000000352a09781891cc3b49acaaa800000000	2480	1504	5126	5638	313086245606	27332178	314336245606	27441302	17224776	1503.7091	15630.4	1.3645	4912.73	0.4289	4258.3351961158	1250000000	109124	1267224776	110627.7109	Unknown
603431	000000000000000000074bd6123e47c34abdf27e4016267a3af3d150147f7880	2019-11-12 08:17:56	2019-11-12 07:49:37	462096	321619	1426953	536870912	20000000	100000000000000000000000000000	51f8db560c6f9d710105f14f22d00f42544221a89db7444827b7518b31a820f1	3387592155	387326161	12720005267391	00000000000000000000000000000000000000000a04f36cdeb361008fdae928	032735091d2f5669614254432f4d696e656420627920666163696c6974793936332f2cfabe6d6dd44d1a034466fc8379755e84ab1aaa27523ca38d235606de9a0973be314572531000000000000000102d4c691062e1fea72691fe782e100000	1271	848	2001	2823	202422235587	17671300	203672235587	17780424	6856647	598.5798	14851	1.2965	4810.11	0.4199	3696.5881683849	1250000000	109124	1256856647	109722.5781	ViaBTC
603432	00000000000000000001d8cb28faee3b7f004a6aa00ea499b997cd02843fc710	2019-11-12 08:47:48	2019-11-12 07:57:44	1238881	918124	3993253	536879104	20002000	100000000000000010000000000000	1072de94793f827445f712b6c92e47a6471598f830ba66ab3c5819cf99917780	58153015	387326161	12720005267391	00000000000000000000000000000000000000000a04fefe85aa47b5f841dc51	0328350904b571ca5d434e2f54545454545432323232fabe6d6d1dc35ceff0af9b781b2fd1961ca8a6068c2686e666d4a6f96755ad7605555fbe010000004204cb9a8323fd88a5fd785d380bc000	2851	1478	5462	7970	1441571806250	125848064	1442821806250	125957192	41641952	3635.3091	33622.7	2.9353	10431.7	0.9107	20029.395980567	1250000000	109124	1291641952	112759.3047	Unknown
603433	000000000000000000035d887c55df1b973266006ad844887cce56e3c4e45ab4	2019-11-12 08:54:24	2019-11-12 07:58:45	1191805	933684	3992857	536870912	20000000	100000000000000000000000000000	5db8b5b5b585d9f16d6b17a871485e37119e4c297e08cb137a8f21949d810832	3340085218	387326161	12720005267391	00000000000000000000000000000000000000000a050a902ca12e6b60a8cf7a	03293509042873ca5d535a30332f4254432e434f4d2ffabe6d6dfa98f3eb99e3bfa11df48211ae0cec8ca7fc68e8588e5b87ab09b1ae52c47390020000004204cb9a17f195ef9e0c000000000000	2506	875	5958	5618	614001629216	53601852	615251629216	53710976	16569609	1446.5135	13906.8	1.2141	4151.06	0.3624	14787.193512117	1250000000	109124	1266569609	110570.5156	BTC.com
603434	0000000000000000000e0c3650a889c4831a957f2fefc3d5f74f4faba7db7565	2019-11-12 09:00:41	2019-11-12 08:05:05	1100358	966108	3998682	1073733632	3fffe000	111111111111111110000000000000	bbc900da22273cd58b736db055da43f7c673cff44511a0008625114ab157d9ff	407968320	387326161	12720005267391	00000000000000000000000000000000000000000a051621d3981520c90fc2a3	032a35092cfabe6d6d139aec30194310106b9c4952ab097a9e6c306bf977cb90ffba5e33f563adf8a110000000f09f909f00124d696e6564206279206c7573616e6d323173000000000000000000000000000000000000000000000000000500cb072200	1844	537	5425	6849	298813635134	26086192	300063635134	26195316	14905166	1301.2091	13551.4	1.183	3729.14	0.3255	114999.3840878	1250000000	109124	1264905166	110425.2109	F2Pool
603435	000000000000000000027a7b58ffe1c44d7ff12ded05d4aca9621469f42e9b90	2019-11-12 09:03:47	2019-11-12 08:14:31	1246398	828490	3731868	536928256	2000e000	100000000000001110000000000000	239a986face4e5d90966255a51faead2547dce46666a74765b0628ca76b46d52	1656839042	387326161	12720005267391	00000000000000000000000000000000000000000a0521b37a8efbd63176b5cc	032b3509045875ca5d2f706f6f6c696e2e636f6d2ffabe6d6d313b36ae6d0a1b98faf7ad8e719c9ca47ed14aeda338fb785f4ac50b2f1f2ca10100000000000000ae10161b97a81ad6134532ec190dbdaf101c0e79ea00eb18000000000000	2321	1687	5507	5356	289837537591	25302584	291087537591	25411708	7187687	627.4793	5768.59	0.5036	1926.79	0.1682	11904.234358245	1250000000	109124	1257187687	109751.4766	Unknown
603436	00000000000000000012e11c586aa8813ff307c96556267f5f9d52107dac7ee6	2019-11-12 09:04:53	2019-11-12 08:17:56	142871	122947	511712	536870912	20000000	100000000000000000000000000000	9065f6989bf6b8d6bfd81e2babc32a673b15b31c69abc6a88d4442fa2fc0b981	2144577814	387326161	12720005267391	00000000000000000000000000000000000000000a052d452185e28b99dda8f5	032c3509049b75ca5d2f706f6f6c696e2e636f6d2ffabe6d6d2e7c6e2481edc05b3621f5837f5dced9df5d0c179b827e2cb6962ceb31ac7b570100000000000000c11cbfeb21b2907fe27e7634cc81df1410b853b5e400ba05000000000000	319	111	709	730	36548663844	3190669	37798663844	3299793	4533755	395.7932	31820.7	2.7779	8885.39	0.7757	4557.7967116265	1250000000	109124	1254533755	109519.7891	Unknown
603437	00000000000000000005f9096e4ffa48734c5cfcb0c653305032457e834cb1c9	2019-11-12 09:18:22	2019-11-12 08:47:48	1163536	943212	3993172	536870912	20000000	100000000000000000000000000000	461672b87ff28e12e98dccc1188eba4e135fe6fce3a1537e2c9682e432c32fcf	400789521	387326161	12720005267391	00000000000000000000000000000000000000000a0538d6c87cc94102449c1e	032d350904e178ca5d535a30322f4254432e434f4d2ffabe6d6d238c3321ce94132bb13dc39340389c7f00d8a285c2dbd20bbe7eebd079ab1bcb080000007296cd10dad491424fadaa2a00000000	2170	901	5853	5209	379274792241	33110386	380524792241	33219510	21965027	1917.5293	18884.7	1.6486	5502.84	0.4804	22097.775611839	1250000000	109124	1271965027	111041.5312	BTC.com
603438	00000000000000000009ab804bd4b1c09bc6108dd2675d81d7ed7eac60eaf993	2019-11-12 09:32:49	2019-11-12 08:54:24	1197705	933612	3998541	536870912	20000000	100000000000000000000000000000	f608a54a2b0c7d4e51020cc9c031dd0b70b88b4e66b2e540f16698b515266122	1850149680	387326161	12720005267391	00000000000000000000000000000000000000000a0544686f73aff66aab8f47	032e35092cfabe6d6d8bd1f380c13124b6b72e1dcc2482040bd0d5c88cbaa66c65663734c90dae17c610000000f09f909f00154d696e65642062792068616e6a696e677a686f6e670000000000000000000000000000000000000000000005007c5f55d5	2361	1076	5924	5657	390345743718	34076872	391595743718	34185996	23406662	2043.3828	19550.4	1.7067	5856.34	0.5112	34018.935600248	1250000000	109124	1273406662	111167.3828	F2Pool
603439	0000000000000000000879961c9108b23cc7e51fae70b7c61fff6b5e13902135	2019-11-12 09:33:16	2019-11-12 09:00:41	1028401	723693	3199480	536870912	20000000	100000000000000000000000000000	786dc478d6a2734fd34d694be97be554eec7249b6737f13fbcdfcadb1ee23a5d	3091748060	387326161	12720005267391	00000000000000000000000000000000000000000a054ffa166a96abd3128270	032f35090004447cca5d0493859e32080309b45c2610a932092f426974667572792f	2383	1708	4572	5137	53846634018	4700768	55096634018	4809892	1519692	132.6679	1478.13	0.129	475.133	0.0415	1813.2799951209	1250000000	109124	1251519692	109256.6641	BitFury
603440	000000000000000000052788d4138b3f979cbe2f3b3bcf407c2b819138926955	2019-11-12 09:42:16	2019-11-12 09:03:47	1177860	938328	3992844	536870912	20000000	100000000000000000000000000000	361222be466b9777d4a779b2f63373b6f5ae24683a112536ecaa2631fbaef894	2785587653	387326161	12720005267391	00000000000000000000000000000000000000000a055b8bbd617d613b797599	033035090004737eca5d04e8dd701608beffb35c73000380092f426974667572792f	2256	1153	5955	5238	812785244916	70955504	814035244916	71064624	17963794	1568.2249	15254.9	1.3317	4500.15	0.3928	23965.875356894	1250000000	109124	1267963794	110692.2266	BitFury
603441	0000000000000000000d0f2270caeb894cff9dd1147a3c794785d79ca2126fe7	2019-11-12 09:42:53	2019-11-12 09:04:53	230144	157187	701705	536870912	20000000	100000000000000000000000000000	af54917b924e8cb677b7a3245a419acc158ba74918d3617d8fe597f88b4463c8	484079168	387326161	12720005267391	00000000000000000000000000000000000000000a05671d64586416a3e068c2	033135091b2f5669614254432f4d696e65642062792077696e6d696e6572732f2cfabe6d6d45946dd094b8275027bf1d4c259bcaf507f1376553e8f69acb05b6bb1c7324f0100000000000000010594d34087d9fdfb109f573f415d21aac	678	613	937	1397	20024639830	1748135	21274639830	1857259	1233064	107.6455	5367.05	0.4685	1760.95	0.1537	168.58292236861	1250000000	109124	1251233064	109231.6406	ViaBTC
603442	000000000000000000035e88d7063fecb11d2f8884736cee70a4575d8677086e	2019-11-12 09:48:00	2019-11-12 09:18:22	686548	494677	2170579	549453824	20c00000	100000110000000000000000000000	9ef3eb5646d390f7f8ab9f22d9670d53a8ffb07455f703418190d2f7ffd29d03	1923624964	387326161	12720005267391	00000000000000000000000000000000000000000a0572af0b4f4acc0c475beb	033235092cfabe6d6db9f1666c7592963753926424f60497d8185dc51816fd9311bcc2ee8d2f98a7dc10000000f09f909f000d4d696e6564206279207439796c00000000000000000000000000000000000000000000000000000000000005005ca20000	1722	1040	2968	3898	287971768568	25139704	289221768568	25248828	12337561	1077.0592	17982.5	1.5698	5688.53	0.4966	4113.5337615057	1250000000	109124	1262337561	110201.0547	F2Pool
603443	00000000000000000001be2e55d511bc7e13d99d53278845cd09f74616af94b2	2019-11-12 09:59:19	2019-11-12 09:32:49	1252902	838772	3769218	536870912	20000000	100000000000000000000000000000	c25a8ad43d68057c6a0288ff6f5c6222a42f639ff03d37844dfe16dc28d07d2f	1693917466	387326161	12720005267391	00000000000000000000000000000000000000000a057e40b246318174ae4f14	033335092cfabe6d6db361ae6965959cd0404e5d4f1f2c489b498e88a585bb1b9130990c3c73c3b8ba10000000f09f909f00144d696e656420627920686f7365696e70617368610000000000000000000000000000000000000000000000050022d82c00	2869	1691	5334	7376	585291498105	51095480	586541498105	51204604	18610080	1624.6451	14859	1.2972	4939.65	0.4313	5097.2386894391	1250000000	109124	1268610080	110748.6406	F2Pool
603444	00000000000000000006f8927734bdf657972f1f3167afe35929af86e4fdd855	2019-11-12 10:05:15	2019-11-12 09:33:16	789094	580584	2530846	545259520	20800000	100000100000000000000000000000	072ad5976aaf34c579850226775346bf19e6b384b0c9d1a3a0f10cd60839f762	2820653729	387326161	12720005267391	00000000000000000000000000000000000000000a0589d2593d1836dd15423d	0334350941d772a0f7e817e641d772a0f6f56ad92f4254432e544f502ffabe6d6de8484117e8c93ad66f663325e288d0288f538b4fafa3ab4220abeb3da1a1fdd38000000000000000ef00125ff7b7010000000000	1780	1028	3629	4496	262179788010	22888086	263429788010	22997210	11739209	1024.8235	14884	1.2994	4641.06	0.4052	7626.043270195	1250000000	109124	1261739209	110148.8203	BTC.TOP
603445	000000000000000000033a017985f0fecc26638d468b55ef980ab3a648304205	2019-11-12 10:13:58	2019-11-12 09:42:16	948125	689247	3015866	1073733632	3fffe000	111111111111111110000000000000	ad445f185ca62070ba8a47c8eba503de690593a45a886a65a572952a8f104baf	861692271	387326161	12720005267391	00000000000000000000000000000000000000000a0595640033feec457c3566	0335350941d772a1746d41bb41d772a173f91b012f48756f62692ffabe6d6dcec0a335f7f69f35b2c4a84ff0871c242a9a85fd91afa6377009f84e8c9f41b08000000000000000e7001872868f000000000000	2379	1441	4216	5387	357956039888	31249276	359206039888	31358400	14062952	1227.6844	14838.3	1.2953	4665.18	0.4073	77315.916433033	1250000000	109124	1264062952	110351.6797	Unknown
603446	000000000000000000121d535722500541ac0046f3b77598afe3603b0a0990fa	2019-11-12 10:16:24	2019-11-12 09:42:53	312917	228332	997913	1073733632	3fffe000	111111111111111110000000000000	57b03252eea85f6ed73e88a8e8d4e0737908205d3ac7e5cf1fd8764be722a6d1	1286682048	387326161	12720005267391	00000000000000000000000000000000000000000a05a0f5a72ae5a1ade3288f	03363509046c86ca5d2f706f6f6c696e2e636f6d2ffabe6d6d88c73cdb9afc046536ffb5d6f6e6d0ff1136091f017c33dc79758cd715b6f3d401000000000000004097b42dcd5248504dcbe2096457f65610738d28da00c42d000000000000	824	482	1397	1814	59333930298	5179804.5	60583930298	5288928.5	4988581	435.4991	15962.2	1.3935	5006.36	0.437	495.18524843626	1250000000	109124	1254988581	109559.5	Unknown
603447	00000000000000000005d12aa18312e08fd3518dc1b68ce3c75516a0b30a62c4	2019-11-12 10:18:03	2019-11-12 09:48:00	189576	139256	607344	541065216	20400000	100000010000000000000000000000	b4ef53e5624e01c156d35ee92e012422d7f01e8c3884aed0d68a40ff8c6cc1ae	1195715957	387326161	12720005267391	00000000000000000000000000000000000000000a05ac874e21cc57164a1bb8	033735092cfabe6d6d8b6c7c7052276a8ab870f4648e9faeba27a04df83864b414bf79de26e79083c910000000f09f909f00144d696e6564206279207a623836303832367a796c0000000000000000000000000000000000000000000000050090250200	511	273	855	1147	66132489608	5773313.5	67382489608	5882437.5	3218514	280.9737	17018.7	1.4857	5314.48	0.4639	8483.0211902664	1250000000	109124	1253218514	109404.9766	F2Pool
603448	00000000000000000010effc5ad33cde516b45f65b2a5107f7432b70da43372e	2019-11-12 10:25:39	2019-11-12 09:59:19	1012419	707976	3136347	536870912	20000000	100000000000000000000000000000	b0923e1ad8a057533c0cf0c90b90054ba66fba6aeb6836ba9efa46c5071231d6	1202588673	387326161	12720005267391	00000000000000000000000000000000000000000a05b818f518b30c7eb10ee1	0338350904a588ca5d2f706f6f6c696e2e636f6d2ffabe6d6d035d70f3e4a75aef3e9343bb802c3ffa9086fc843226047c2f04f7a75a86370001000000000000003e11e412b79ef1652e70a50d4091a4c30f3a4ad10400e5af000000000000	2268	1460	4320	5101	286150169109	24980680	287400169109	25089804	12449565	1086.837	12301.6	1.074	3971.29	0.3467	2484.7804123305	1250000000	109124	1262449565	110210.8359	Unknown
603449	00000000000000000003e951405d61a71e693753ba555bbe361178562f9abf21	2019-11-12 10:28:22	2019-11-12 10:05:15	298602	206912	919338	536870912	20000000	100000000000000000000000000000	80df724ab6ba99e8204d203ff32f3a6dcb1c9a5e77fabe361bd0e81ec13635bf	3799510596	387326161	12720005267391	00000000000000000000000000000000000000000a05c3aa9c0f99c1e718020a	033935091a4d696e656420627920416e74506f6f6c3437af001f202bb7bd6dfabe6d6d5feeb4fae6ab58e95a09b558123c7da2c6842e099a523c1261240ecff0b5e86f0400000000000000f7280000d5b90100	725	412	1359	1605	128747400052	11239545	129997400052	11348669	4208681	367.4145	14112.6	1.2321	4585.01	0.4003	3899.3460030706	1250000000	109124	1254208681	109491.4141	AntPool
603450	0000000000000000001518a8db29fcb7a98a84277ecce640dced608236c25df1	2019-11-12 10:47:47	2019-11-12 10:13:58	1251038	914181	3993581	536870912	20000000	100000000000000000000000000000	bbd5b57bdb022182ac3eb3c69f5cbd8e1491a8e70a521605fcfc942e223acc75	1450180795	387326161	12720005267391	00000000000000000000000000000000000000000a05cf3c430680774f7ef533	033a350904d48dca5d626a30332f4254432e434f4d2ffabe6d6db5b52d565d8af00e3c7ddaa592138ac23415a23e050316fca617f009ff4f26b4080000007296cd10c4ec5d24f2b6040000000000	2539	1148	5736	6454	910485390798	79484648	911735390798	79593768	29564573	2580.9636	23640.1	2.0638	7405.98	0.6465	7530.1002505666	1250000000	109124	1279564573	111704.9609	BTC.com
603451	0000000000000000001397b1e55da4db1eb17ba335605c9db3801d2e84e74a62	2019-11-12 10:59:37	2019-11-12 10:16:24	1236855	918840	3993375	536870912	20000000	100000000000000000000000000000	ea95c0653be0619791057badc1e71bd15e0192fe90e216bc60729fabd0d0f359	3849564924	387326161	12720005267391	00000000000000000000000000000000000000000a05dacde9fd672cb7e5e85c	033b3509048f90ca5d2f706f6f6c696e2e636f6d2ffabe6d6dd6e2b34e2e89adca49c1605fc18a2b329acf0baa4b8dbbb1fa0b3759b9187c2d0100000000000000398fc50ba6935f84423aa74088244a66100c2e2e130021e40000ffffffff	2708	965	5979	6454	855163645182	74655104	856413645182	74764224	19335480	1687.9719	15637.7	1.3652	4843.67	0.4229	14082.45762206	1250000000	109124	1269335480	110811.9688	Unknown
603452	0000000000000000000b4860caeed6758dc3407bf4ca8da84c429543c5922a1a	2019-11-12 11:15:42	2019-11-12 10:18:03	1261798	912253	3998557	541065216	20400000	100000010000000000000000000000	03aebd08838348230d2f754ab869de18c7cebdc8565ca7fec2e76b770dbe10f3	4126371790	387326161	12720005267391	00000000000000000000000000000000000000000a05e65f90f44de2204cdb85	033c35092cfabe6d6d51a9bc255299cda0cf9ab2efbcc304acfe5ebff5935fa7ee8aa2b46b3ed7dba810000000f09f909f000f4d696e6564206279207073796a303200000000000000000000000000000000000000000000000000000000050079570000	2556	1156	5671	7517	426151267575	37202664	427401267575	37311788	28500516	2488.0723	22595.5	1.9725	7130.79	0.6225	10483.82748658	1250000000	109124	1278500516	111612.0703	F2Pool
603453	0000000000000000000412e71223a8b997572414380ca2f2226f9a631c755b61	2019-11-12 11:16:35	2019-11-12 10:25:39	1076195	681647	3121136	1073725440	3fffc000	111111111111111100000000000000	4658d4903e7a54ff86e8893099f5b7aa352426c5234c1bbd3aeab31d0883b885	1422870154	387326161	12720005267391	00000000000000000000000000000000000000000a05f1f137eb349788b3ceae	033d3509049694ca5d434e2f54545454545431313131fabe6d6d44c8b137fd41b2b8330938649018767848af3e06bfa63969fd550538a581ffe3010000004204cb9a81004a94403b805df83c0500	2419	1766	4825	4966	321305318340	28049696	322555318340	28158820	2649380	231.2888	2462.66	0.215	849.229	0.0741	119996.83616359	1250000000	109124	1252649380	109355.2891	Unknown
603454	0000000000000000000f62a73eb7b8ce8c2cc192fd629e3b6244056e03b8c1b8	2019-11-12 11:16:53	2019-11-12 10:28:22	23647	17718	76801	1073733632	3fffe000	111111111111111110000000000000	5592ba904d03946db6b7aa907de8ab624ca3f8729abd5356362914e03b0c52be	3258476679	387326161	12720005267391	00000000000000000000000000000000000000000a05fd82dee21b4cf11ac1d7	033e35092cfabe6d6d072ef9489a6d0f911a3aa1d50e3417498d6485268597922da43ddc211ec345cd10000000f09f909f00104d696e65642062792079696c69323073000000000000000000000000000000000000000000000000000000050045190100	75	38	104	160	2033689770	177539.4844	3283689770	286663.5	579874	50.6225	25006.4	2.183	7723.72	0.6743	7.5971899734802	1250000000	109124	1250579874	109174.625	F2Pool
603455	00000000000000000011d9661d6504d5847ebf56a5efbc5f6269063677baa456	2019-11-12 11:20:26	2019-11-12 10:47:47	346852	256157	1115323	536928256	2000e000	100000000000001110000000000000	145f9b9032c30b726decf8cf1a480f479935c0e7319cf9db3bbb1531c45b4611	3844717355	387326161	12720005267391	00000000000000000000000000000000000000000a06091485d902025981b500	033f3509fabe6d6db9b36eed575a4453c1de843a9b91b46532588e2250e70d5ecc210c87e018625a01000000000000002b650806cc44a2cd600000a3c32c2f736c7573682f	856	426	1623	1950	101738140687	8881658	102988140687	8990782	5728926	500.1306	16534.7	1.4435	5142.94	0.449	3205.2554072568	1250000000	109124	1255728926	109624.1328	SlushPool
603456	000000000000000000021a7a51055729766e6506f5ad102d3e7751082ad7a86c	2019-11-12 11:29:43	2019-11-12 10:59:37	1231384	859270	3809194	536928256	2000e000	100000000000001110000000000000	e766b5ea7d6d2e6a3bdbf3604c74deced7cfadc9bda7624687da462e8df5c5f0	8243671	387326161	12720005267391	00000000000000000000000000000000000000000a0614a62ccfe8b7c1e8a829	0340350904a697ca5d2f706f6f6c696e2e636f6d2ffabe6d6d07ccf8cb14957ad4841f7dc8ca4019647f2200782767556ca5366ff7f1014a0e01000000000000002cc423706e2681374eb22f92dc329046117dd07c4f003657000000000000	2966	1790	5661	6665	248621639952	21704470	249871639952	21813594	17377628	1517.053	14116.8	1.2324	4563.77	0.3984	6934.8503734633	1250000000	109124	1267377628	110641.0547	Unknown
603457	0000000000000000000e7fdd2c0b13219cac2df5395d3a277042b9ac178d8946	2019-11-12 11:34:28	2019-11-12 11:15:42	620387	434421	1923650	536870912	20000000	100000000000000000000000000000	48f213b8aaeeb3ddd5eb05cf7a630104084c1288eb08585a85395fa1b76751aa	2193067221	387326161	12720005267391	00000000000000000000000000000000000000000a062037d3c6cf6d2a4f9b52	0341350904c798ca5d455530322f4254432e434f4d2ffabe6d6d23e91b33164698107ae0d9611bf10eec36194956eef4d8998e75c1c39fbddb3e08000000ceeed33d2b5685836a41110000000000	1591	1003	2696	3631	94374013540	8238776	95624013540	8347900	10136019	884.8663	16349.4	1.4273	5273.52	0.4604	1521.4644493058	1250000000	109124	1260136019	110008.8672	BTC.com
603458	0000000000000000000e16bedab7553cdbf4fcb007c87ab2f9eec9acec66f0de	2019-11-12 11:36:24	2019-11-12 11:16:35	243734	159622	722600	536870912	20000000	100000000000000000000000000000	7847f346e4d8e983b63f9e12133c26e32cd313efaf5df4d90cd37b0d8350b103	1128955937	387326161	12720005267391	00000000000000000000000000000000000000000a062bc97abdb62292b68e7b	03423509043999ca5d535a30322f4254432e434f4d2ffabe6d6d2d3724c65d03aabf0f1e801808b6ff4c567baba476bca9ceccc251b2569002a2080000007296cd10bb0003d25e2c2d08f1000200	585	370	1072	1444	46888474804	4093326.25	48138474804	4202450.5	2893413	252.5926	11891.9	1.0382	4013.01	0.3503	412.38534206111	1250000000	109124	1252893413	109376.5938	BTC.com
603459	00000000000000000007cc363fba1d845930d4b3890ad3c7d08fd50fa9beff64	2019-11-12 12:10:29	2019-11-12 11:16:53	1209017	928136	3993425	536870912	20000000	100000000000000000000000000000	d84c732382482c577d96d2d437e08dc8d149d2b65c1e52d298c43f57fea67bcc	232933593	387326161	12720005267391	00000000000000000000000000000000000000000a06375b21b49cd7fb1d81a4	034335090436a1ca5d2f706f6f6c696e2e636f6d2ffabe6d6d60bd24710bab27954fb2586084fff0c9ee9c1ae4005489012d549ec57e3f35940100000000000000eed3936013bad0d4d957f7e439a4ff861293c42b0c007985e20000000000	3121	1563	5548	8215	1321025971742	115324512	1322275971742	115433632	40721277	3554.9348	33692.2	2.9413	10200.8	0.8905	27062.789946286	1250000000	109124	1290721277	112678.9375	Unknown
603460	0000000000000000000aaa35dbd8781f45c4288a9a48e6ade95803e6acecc0c2	2019-11-12 12:33:44	2019-11-12 11:20:26	1223317	923348	3993361	1073733632	3fffe000	111111111111111110000000000000	dc390a174fb35652aab8030ddeebcb99ce8e92155ce8b06017d54bacd7291b6d	1692664255	387326161	12720005267391	00000000000000000000000000000000000000000a0642ecc8ab838d638474cd	0344350904aaa6ca5d434e2f54545454545433333333fabe6d6d60b38176a121dfa7be1cffbe58db62856e75697745ff72f71d3f7f23f318dcce010000004204cb9a850d85fc7c67b15dda649c00	2948	1351	5657	7256	565017943304	49325612	566267943304	49434736	38102420	3326.3108	31156.3	2.7199	9544.76	0.8333	7414.5934533244	1250000000	109124	1288102420	112450.3125	Unknown
603461	0000000000000000001536cc314ea7b4e992035fd685931a113d1fadfa3affa8	2019-11-12 12:38:28	2019-11-12 11:29:43	1236848	918768	3993152	1073733632	3fffe000	111111111111111110000000000000	5aa6b1d75062870f33990521dfe1eda268eb56ed9b36e20ddfbbfad30deca3d6	923585705	387326161	12720005267391	00000000000000000000000000000000000000000a064e7e6fa26a42cbeb67f6	0345350904c5a7ca5d2f706f6f6c696e2e636f6d2ffabe6d6d87914c2949936824178b74d84ab275e82d9e0ed8944981e7d5cf7c937261ec4401000000000000001ee21cdd202ff64dc47ef882062977b7103cbf5fae00bfa71c00ffffffff	2379	1057	5955	5990	1176273442980	102687728	1177523442980	102796856	17167394	1498.6997	13884.3	1.2121	4300.78	0.3755	25363.583423672	1250000000	109124	1267167394	110622.6953	Unknown
603462	0000000000000000000d1be391a45f9229734291b5b1d2da11f3eda020f88fb1	2019-11-12 12:39:01	2019-11-12 11:34:28	1156604	945585	3993359	1073733632	3fffe000	111111111111111110000000000000	5c490c1dfccdbb80eac3927933fa9266a36905ca6dac4fa7bed790d7ab988473	381178761	387326161	12720005267391	00000000000000000000000000000000000000000a065a10169950f834525b1f	0346350904dca7ca5d2f706f6f6c696e2e636f6d2ffabe6d6d421fbcfa09d1e4d780239e5415c4d294689551688255648401795f8afb32ba3a01000000000000005bd6e506aa6f4a487016d7206694a574110c82b61b001513000000000000	2329	481	5828	4729	154598770378	13496349	155848770378	13605473	3868014	337.6745	3345.42	0.292	968.967	0.0846	40403.492413546	1250000000	109124	1253868014	109461.6719	Unknown
603463	00000000000000000004d98489d7ba3a02d54e9326e2acd4cec3dafce914bead	2019-11-12 12:41:58	2019-11-12 11:36:24	1213464	926598	3993258	1073725440	3fffc000	111111111111111100000000000000	927fbf38dddf07c9a748d4451b1a3e1138ac75a5c296d0370f32894b7f661a23	1725147343	387326161	12720005267391	00000000000000000000000000000000000000000a0665a1bd9037ad9cb94e48	034735090497a8ca5d626a30332f4254432e434f4d2ffabe6d6d3ab12edfd32d66db90aadcffc121e1dacb1639986bde6387a4e24da6c658e27b080000007296cd1074048815230b0d0000000000	2149	962	5989	5157	757672101098	66144168	758922101098	66253292	10784159	941.4484	8890.2	0.7761	2701.67	0.2359	19838.621594273	1250000000	109124	1260784159	110065.4453	BTC.com
603464	000000000000000000110f2ec6b772f68f47d516e4586aec3dd4aa10f0755ac4	2019-11-12 12:45:14	2019-11-12 12:10:29	1073878	783508	3424402	536879104	20002000	100000000000000010000000000000	4903df9d8ea7fba2de7d324725490da26fa4508f96d927fab785f9fef16d161e	967574922	387326161	12720005267391	00000000000000000000000000000000000000000a06713364871e6305204171	03483509045ca9ca5d2f706f6f6c696e2e636f6d2ffabe6d6db84c7c7c97963a2c1c1854a4ced475979176d51f1ba9ee9ae922c4a12b56aae401000000000000001a1eb58ccdb07eea938d855fd75c9fa0120e57005d008b2e0c0000000000	2406	1764	4707	6087	556692706359	48598828	557942706359	48707952	5941473	518.6859	5534.75	0.4832	1735.78	0.1516	7709.5913917868	1250000000	109124	1255941473	109642.6875	Unknown
603465	00000000000000000015fbd6b7294a9079b4b535c29bccdd33fd7cc421cbeb34	2019-11-12 13:24:25	2019-11-12 12:33:44	1033362	988460	3998742	545259520	20800000	100000100000000000000000000000	5b62518655a56baf3ea4af3e570a4e86d23fa3397bc55540eefe5d74e612640a	1394032145	387326161	12720005267391	00000000000000000000000000000000000000000a067cc50b7e05186d87349a	034935092cfabe6d6dc3a594c75a2d04a4d535a5216e98d1ef72cdc009242de1e609d54e35727daeb110000000f09f909f00164d696e656420627920636c6c323338303131393538310000000000000000000000000000000000000000000500709b0000	1090	217	2974	2846	3647582516307	318431040	3648832516307	318540160	78139516	6821.5171	75650.5	6.6042	19549.5	1.7066	91807.791630599	1250000000	109124	1328139516	115945.5156	F2Pool
603466	000000000000000000007d7228f05b36c29847497b4c287d9ab3e66032147535	2019-11-12 13:26:26	2019-11-12 12:38:28	1138706	953348	3998750	536870912	20000000	100000000000000000000000000000	03653b126ec1d4ceb78c58edd1b39ae1d9be50053b98ae954e65e780f3ab6301	2377641474	387326161	12720005267391	00000000000000000000000000000000000000000a068856b274ebcdd5ee27c3	034a35092cfabe6d6d5699ae56348666518442d793422988c9e5b6339375fa3b6ac942a17c3abcf61510000000f09f909f00104d696e656420627920686d613931313100000000000000000000000000000000000000000000000000000005001a8b00c0	2061	618	4281	5049	604961350201	52812640	606211350201	52921764	39954543	3487.9995	35101.9	3.0644	9996.09	0.8726	9981.4431999141	1250000000	109124	1289954543	112612	F2Pool
603467	0000000000000000000844b52bd65a7f9f9c8dbfadb7fbac218f26595d1d6161	2019-11-12 13:43:32	2019-11-12 12:39:01	1338660	884876	3993288	536870912	20000000	100000000000000000000000000000	af88b6c05808834f69d6c27efd4766317e2ad3c54d7111347e614d8ca861041f	4245180738	387326161	12720005267391	00000000000000000000000000000000000000000a0693e8596bd2833e551aec	034b35091b4d696e656420627920416e74506f6f6c31313100008d207183b782fabe6d6d37cf851c22b4278e42fb93b320ff0728946307d465eb72b88d39c9fefb6273a00400000000000000d0d602c09c336400	2398	1033	6401	7164	1337232125935	116739296	1338482125935	116848416	37606718	3283.0364	28100.8	2.4532	9420.83	0.8224	7186.345854727	1250000000	109124	1287606718	112407.0391	AntPool
603468	00000000000000000010e7a41cbfe626c63de13e0ca1b896c3753138fe59e0fa	2019-11-12 13:47:49	2019-11-12 12:41:58	1518449	826713	3998588	536928256	2000e000	100000000000001110000000000000	469995de399b85f409f8aac1855bafe15ec3f12f5225c29710d51214a9ccc0e6	2092101799	387326161	12720005267391	00000000000000000000000000000000000000000a069f7a0062b938a6bc0e15	034c35092cfabe6d6d2e90342febab8388db9cf175b884375d3c706adc710d912ed40f04c3f501decb10000000f09f909f000f4d696e65642062792074313230303900000000000000000000000000000000000000000000000000000000050061150000	2570	1652	7981	5816	1863355368483	162669424	1864605368483	162778560	23188775	2024.3615	15276	1.3336	5801.75	0.5065	43558.370374638	1250000000	109124	1273188775	111148.3594	F2Pool
603469	0000000000000000000d212b2e9f5be46391ba312f9fed330181b8bab64a9152	2019-11-12 13:51:30	2019-11-12 12:45:14	1085882	969151	3993335	541065216	20400000	100000010000000000000000000000	79cdc8b314db6ad38963d17900b1ca02b032a0e349821c2b68fa8b2b9b56e865	472603568	387326161	12720005267391	00000000000000000000000000000000000000000a06ab0ba7599fee0f23013e	034d3509fabe6d6d701e845a9ec7f53572ebf847492ba1c9057c7392e73aadf4062cd4f3d9d8fca801000000000000000c6508042d498eda2e00005faf102f736c7573682f	2111	454	3466	4000	300511861916	26234444	301761861916	26343568	23146502	2020.6711	21323.2	1.8615	5798.29	0.5062	33880.507963394	1250000000	109124	1273146502	111144.6719	SlushPool
603470	00000000000000000013e0929e074876c3cc9fcae089bc809df3d22cc3277723	2019-11-12 14:17:52	2019-11-12 13:24:25	1252213	913692	3993289	541065216	20400000	100000010000000000000000000000	672ac9fa058a21b3dc189bd4eb1e6fd1a5945bf71044f7933adb496dc4dde829	2748764800	387326161	12720005267391	00000000000000000000000000000000000000000a06b69d4e5086a37789f467	034e35091b4d696e656420627920416e74506f6f6c313139000065207dc9eef1fabe6d6d6ba050e425969f3011ae49f319cbd3046fc65c97c51f436c530dea28f4a588f604000000000000001ddd0040ee429d00	2380	980	5461	7107	2064566986026	180235040	2065816986026	180344176	41964921	3663.5039	33522.8	2.9265	10512.6	0.9178	20392.605507835	1250000000	109124	1291964921	112787.5	AntPool
603471	0000000000000000000034d9ff29c255711cef5d94395cfc6f1c3a8bbf6fd2c3	2019-11-12 14:36:21	2019-11-12 13:26:26	1308694	894849	3993241	1073725440	3fffc000	111111111111111100000000000000	cb774b93c5b7237103c41b2bba04e8ec12047dfc7b37058962612e7413004975	2082005546	387326161	12720005267391	00000000000000000000000000000000000000000a06c22ef5476d58dff0e790	034f35090468c3ca5d2f706f6f6c696e2e636f6d2ffabe6d6d247104f434653cd7dfbf3c1229255325b8c0f80a6d99390624f5db3fc2a0e9710100000000000000dd85c31eb3254adc23cbaed19d41e5c011926a3dd000ec19750000000000	2836	1541	5822	7411	2247473834760	196202672	2248723834760	196311792	39837724	3477.8015	30450	2.6583	9979.95	0.8712	14741.005714938	1250000000	109124	1289837724	112601.7969	Unknown
603472	0000000000000000000d946a648a29fbcb2598b48f8e18b4c51226e81f760a97	2019-11-12 14:39:45	2019-11-12 13:43:32	1407500	861970	3993410	1073676288	3fff0000	111111111111110000000000000000	8dab77747ed8afffe93bbb1915d05261b60a7afc3ca4fe24c25892fee6c0e6a3	2706322832	387326161	12720005267391	00000000000000000000000000000000000000000a06cdc09c3e540e4857dab9	0350350941d772b10c31691441d772b10b6c72d62f48756f62692ffabe6d6d2c7459a9f87252bc3708ce023a5200cddf0513bcad494713f66b9302ec453f948000000000000000c500907f8c3c000000000000	3055	2000	6587	7046	1651359914638	144162400	1652609914638	144271520	21878221	1909.9512	15548.2	1.3573	5480.52	0.4785	34693.034596428	1250000000	109124	1271878221	111033.9531	Unknown
603473	00000000000000000009f415e2910f398fb9e121d50131540042c42fb1cc5d0f	2019-11-12 14:47:06	2019-11-12 13:47:49	1289813	892031	3965906	536870912	20000000	100000000000000000000000000000	b581da8a7092af075263c0758e4d649d39fde596ad52a14a09236e0c64d912d3	1053865463	387326161	12720005267391	00000000000000000000000000000000000000000a06d95243353ac3b0becde2	035135090004e3c5ca5d04847229270c8335a65d427f875df22300000a636b706f6f6c	2734	1314	6157	6098	1181924158927	103181032	1183174158927	103290160	25554696	2230.9045	19817.6	1.7301	6445.47	0.5626	7835.7266587315	1250000000	109124	1275554696	111354.9062	Unknown
603474	000000000000000000083f1ec2b6941317a2c114d6d08d988e7077492b416f01	2019-11-12 14:54:29	2019-11-12 13:51:30	1235443	920921	3998206	1073676288	3fff0000	111111111111110000000000000000	3ed9e4c8eac1bc3ef908f0ec4ffbb179fdae298d78618446cade49d2abebaede	79070682	387326161	12720005267391	00000000000000000000000000000000000000000a06e4e3ea2c21791925c10b	035235092cfabe6d6d000000000000000000000000000000000000000000000000000000000000000000000000f09f909f000f4d696e65642062792077746f69743200000000000000000000000000000000000000000000000000000000050070db0000	2498	998	6036	5726	1307558024235	114148768	1308808024235	114257896	24936874	2176.9692	20190.4	1.7626	6239.09	0.5447	34983.351464171	1250000000	109124	1274936874	111300.9688	F2Pool
603475	00000000000000000001b141137f6f000bb62cdcdf1d20f62351f3bbc9a98a40	2019-11-12 14:56:26	2019-11-12 14:17:52	1079350	971295	3993235	536870912	20000000	100000000000000000000000000000	844770b41839c7a57675b3bf2d8aa727a6a865aa5f4048b931090fd99fbc046d	24256151	387326161	12720005267391	00000000000000000000000000000000000000000a06f0759123082e818cb434	03533509fabe6d6d51c30e37b49e1ba01fa6e8f449f4204ead65620e3238d54dabb09105d79c8b3201000000000000000965050a3fef778157555432582f2f736c7573682f	2275	475	4523	4666	683273384715	59649220	684523384715	59758344	14205338	1240.1146	13165.6	1.1494	3558.58	0.3107	23363.967320265	1250000000	109124	1264205338	110364.1172	SlushPool
603476	000000000000000000021b344d0021b304979a0149f8a2288cc4ebe44c0e3953	2019-11-12 15:20:36	2019-11-12 14:36:21	1269062	908093	3993341	541065216	20400000	100000010000000000000000000000	e928a0964328175d1572b5d918f3ea6228976ff4b0cb1d8ec6353af1d101357b	2968727102	387326161	12720005267391	00000000000000000000000000000000000000000a06fc073819eee3e9f3a75d	03543509194d696e656420627920416e74506f6f6c32df006520943960b2fabe6d6d2486a545b97de9f5e469ed2eae9df57f10d97d0bb9c4a62d6b9663dffafa483e0400000000000000b64a00404d550000	2497	1152	5647	6929	1099102660321	95950784	1100352660321	96059904	44244300	3862.4919	34874.2	3.0445	11083.4	0.9675	1445758.3912249	1250000000	109124	1294244300	112986.4922	AntPool
603477	00000000000000000004485c5d990f9b340c05e67fefd57269c4890d25d908de	2019-11-12 15:27:58	2019-11-12 14:39:45	1276786	905304	3992698	536870912	20000000	100000000000000000000000000000	825c7ed6eab37dedb53898f94e1bffa330f088b2419ddbf29ad54e444f66c7ce	1662637383	387326161	12720005267391	00000000000000000000000000000000000000000a070798df10d599525a9a86	0355350963457a55683150594447385b00a06efd68ed493d04a2bd	2300	1538	6392	5738	1226999332112	107116056	1228249332112	107225184	29103047	2540.6726	22799	1.9903	7290.9	0.6365	14503.616978671	1250000000	109124	1279103047	111664.6719	Unknown
603478	0000000000000000000affc423a4be0ff60c0df44d0be817d5004f0c779eebda	2019-11-12 15:33:46	2019-11-12 14:47:06	1560878	810775	3993203	1073725440	3fffc000	111111111111111100000000000000	de0c5f13fabeab84743081d576dee73ef760f325a86e8f9f92c86d13eeacdf48	1541241326	387326161	12720005267391	00000000000000000000000000000000000000000a07132a8607bc4ebac18daf	0356350941d772b43778b0c741d772b436adc5d22f315448617368263538434f494e2ffabe6d6d92047ed18eea34067da3e6a20aaeab6fd4b9e6faba27707892a8530dac26c9698000000000000000be00701666c6200000000000	1652	873	8096	3849	1027500521140	89699976	1028750521140	89809096	22718301	1983.2894	14558.5	1.2709	5691.31	0.4968	7825.8060578112	1250000000	109124	1272718301	111107.2891	Unknown
603479	000000000000000000022e5a720365237544b5a24878a8c731d36b6aa002d3b0	2019-11-12 15:59:01	2019-11-12 14:54:29	1305907	895732	3993103	536870912	20000000	100000000000000000000000000000	a3c75125f88975403132aa435e828327e943fa4becf546a4699e4b6e72f176bf	2696034391	387326161	12720005267391	00000000000000000000000000000000000000000a071ebc2cfea304232880d8	035735091a4d696e656420627920416e74506f6f6c31320000d320a1f66112fabe6d6d62feb245c4b061edaa260b944278a84b3bdc988bf9b09c6ce0ed99a47f07ebe20400000000000000f85a00c03a2f0000	2470	1230	5974	6491	2470932156170	215710400	2472182156170	215819520	46954556	4099.0952	35966	3.1398	11763.1	1.0269	28945.285806415	1250000000	109124	1296954556	113223.0938	AntPool
603480	0000000000000000000b0f82c3e80da23e5a5fc4673a566a54fa12f30eb7a263	2019-11-12 15:59:04	2019-11-12 14:56:26	1461504	843841	3993027	536870912	20000000	100000000000000000000000000000	eecbc021105005298edd90296fdedb5b0618569cb7ba49f238c009dc530ef5a1	74567468	387326161	12720005267391	00000000000000000000000000000000000000000a072a4dd3f589b98b8f7401	0358350904ccd6ca5d2f706f6f6c696e2e636f6d2ffabe6d6d4a0d8ccd753ae86a7154d57e4bde3f8975d2c9a250ccd565c40e9e2c7c3aadaa01000000000000003e11e412b79ef1652e70a50d4091a4c30fb323af660040a5000000000000	2567	1757	6993	5563	442125856169	38597232	443375856169	38706356	18036832	1574.601	12344.6	1.0777	4518.73	0.3945	19126.363848611	1250000000	109124	1268036832	110698.6016	Unknown
603481	00000000000000000010c1ebf04bd1b48b97c498f19c1aaeba139c08717dcfb8	2019-11-12 16:15:18	2019-11-12 15:20:36	1382587	870161	3993070	536870912	20000000	100000000000000000000000000000	785ed7563e782394c6e2a00ed466c99e3b257351b7961a5c49d13a13271d59e3	679404240	387326161	12720005267391	00000000000000000000000000000000000000000a0735df7aec706ef3f6672a	0359350941d772b6a5dfae7d41d772b6a5367b6f2f4254432e544f502ffabe6d6dfe4fcfd99d16d09b393745dc03476ff8b40b651eca4c6444a94e381f2d1b64af8000000000000000e300af8f7a6d66e600000000	2847	1734	5960	7174	1654416517787	144429232	1655666517787	144538368	45513334	3973.2776	32928.1	2.8746	11402.1	0.9954	10708.914258052	1250000000	109124	1295513334	113097.2734	BTC.TOP
603482	0000000000000000000fad9dc53b09b99aefe78cfe6584d6eb1062067eb3f01e	2019-11-12 16:24:36	2019-11-12 15:27:58	1258689	911540	3993309	536870912	20000000	100000000000000000000000000000	067cb07d5eb9cc04c5f7b59656542c7cedf9a56797cb37dc243459f79c34c4a7	2995000298	387326161	12720005267391	00000000000000000000000000000000000000000a07417121e357245c5d5a53	035a350941d772b73229d89241d772b731365e522f4254432e544f502ffabe6d6df3f7a3c18b8ee6478784ca784efcc376508499f26346e35f92ecabf9c98274408000000000000000f400bb5ca61a1a0000000000	2540	1285	6157	5904	905384764336	79039368	906634764336	79148488	28366301	2476.3555	22543.2	1.968	7105.99	0.6203	376141.31640291	1250000000	109124	1278366301	111600.3516	BTC.TOP
603483	0000000000000000000039464d9af0ba90e917e1d3f36eddef67ca54a2eb9cb4	2019-11-12 16:36:13	2019-11-12 15:33:46	1289642	901243	3993371	536870912	20000000	100000000000000000000000000000	094b851f9feea86a3ca7a101d09c2a7110d768be3d5236421fe1aa0b12031ed4	2095082489	387326161	12720005267391	00000000000000000000000000000000000000000a074d02c8da3dd9c4c44d7c	035b35090455dfca5d652f4254432e434f4d2ffabe6d6dd2da32fdbfb671e6e5cf9a3dee3e1a4608aa622401799689f6640c8970c3777308000000ceeed33d1afabf94b03a000000000000	2990	1464	5790	7200	1587152489376	138557136	1588402489376	138666272	29363855	2563.4409	22776.4	1.9883	7356.06	0.6422	27098.579296379	1250000000	109124	1279363855	111687.4375	BTC.com
603484	00000000000000000013e9bc95b2548febb4e9c0e41816583684ff7ea880ae08	2019-11-12 16:49:51	2019-11-12 15:59:01	1309864	894474	3993286	541065216	20400000	100000010000000000000000000000	2a2c814411a49ef294d4ffb240ce07049831e3552e946a22276d6d5163b17685	101354300	387326161	12720005267391	00000000000000000000000000000000000000000a0758946fd1248f2d2b40a5	035c350904b0e2ca5d2f706f6f6c696e2e636f6d2ffabe6d6d2ac8a403f14c76f9f3d7aadb016f7d0d2f484da9df169f71c2640b220d7a781a01000000000000006a570e2852a99d01ff5130a1a1e39ff70fff9226a400ba26000000000000	2901	1630	5748	8097	1424655151938	124371256	1425905151938	124480376	30941870	2701.2004	23629.3	2.0628	7751.3	0.6767	35284.569043518	1250000000	109124	1280941870	111825.2031	Unknown
603485	000000000000000000010ef90d98090c1acf131750331aa384845193f8f985e9	2019-11-12 16:51:27	2019-11-12 15:59:04	1078991	971487	3993452	536870912	20000000	100000000000000000000000000000	eb23ef36fc69b1fe338afbf96882f24c24037f064c9fb3b92963e3253ca753bd	2178257444	387326161	12720005267391	00000000000000000000000000000000000000000a07642616c80b44959233ce	035d35090411e3ca5d2f706f6f6c696e2e636f6d2ffabe6d6d0527a2e3b466d8cb6698931453ec1916d2d45803d1fe3b76ca1131e49d5a29c101000000000000006e4d34d46232bca542478c558a6ad8a2137866005300133a006000000000	2975	554	5487	5922	494396763240	43160440	495646763240	43269564	16149924	1409.8755	14973	1.3071	4045.58	0.3532	15412.085000763	1250000000	109124	1266149924	110533.875	Unknown
603486	000000000000000000143ae38b88fe36059b25408b9fea4f8f13d6bde7c4fa12	2019-11-12 17:26:59	2019-11-12 16:15:18	1236351	919018	3993405	536870912	20000000	100000000000000000000000000000	fe1f343922e691e56e48110e1c6b455fe9d9e2ddc41ec19c5fa7d39cf5dfe994	2780262301	387326161	12720005267391	00000000000000000000000000000000000000000a076fb7bdbef1f9fdf926f7	035e35090464ebca5d652f4254432e434f4d2ffabe6d6d154d225c000caa844e7c4215995289f60d09dc4ce504fd13f90b846030b8d28408000000ceeed33d475457ef9535030000000000	2548	1088	5852	6689	2917808947218	254722384	2919058947218	254831504	47054695	4107.8374	38072.3	3.3237	11787.8	1.0291	6463.9906093123	1250000000	109124	1297054695	113231.8359	BTC.com
603487	00000000000000000013a35b38b00e087f1d7ecf14b4da989ce3a70d7aa1c366	2019-11-12 17:37:10	2019-11-12 16:24:36	1325542	889210	3993172	1073733632	3fffe000	111111111111111110000000000000	3c0dfcb73122c32de6e332ec0edf36aaf64e460f4d2068c756fcf65ff848f3cc	3724204807	387326161	12720005267391	00000000000000000000000000000000000000000a077b4964b5d8af66601a20	035f350904c7edca5d686b30342f62797465706f6f6c2e636f6d2ffabe6d6de29451fc938a83c641acea641c14e35e567e6c990b1090f7dab2e6f72f717b82010000004204cb9a870d356bf90eb15d0ccb4000	3490	2454	5908	8410	1790519988442	156310960	1791769988442	156420080	30509698	2663.4722	23023.4	2.0099	7643.16	0.6672	17834.374411261	1250000000	109124	1280509698	111787.4688	Unknown
603488	0000000000000000000f33ee6e41358af3ca3d590051abd3671ac3fbf41cf11a	2019-11-12 17:37:42	2019-11-12 16:36:13	1285938	902450	3993288	536928256	2000e000	100000000000001110000000000000	ad65f0d2ec0047c109edd396b78f2f111805601fd3c729c33d08805a79a4e47c	1401852232	387326161	12720005267391	00000000000000000000000000000000000000000a0786db0bacbf64cec70d49	0360350904dbedca5d2f706f6f6c696e2e636f6d2ffabe6d6d2fbc10bec121f99b2c23fa292dc04be0965e5180b66d9e333588f3b45269f6d80100000000000000e68fe24cfe14d04dfa3a9945067459bd1157c01f9e00d1030000ffffffff	2876	1149	5904	6172	416700044225	36377580	417950044225	36486704	16914044	1476.5825	13157.1	1.1486	4237.17	0.3699	27990.650122511	1250000000	109124	1266914044	110600.5781	Unknown
603489	0000000000000000000de1b214add66859f5fda5528a57628571451e7532c8a2	2019-11-12 17:56:20	2019-11-12 16:49:51	1296234	899111	3993567	536870912	20000000	100000000000000000000000000000	7a10b36fab9217ceed34988bf2310579bedb9420c69e3e3137254c981b7592f6	3201926318	387326161	12720005267391	00000000000000000000000000000000000000000a07926cb2a3a61a372e0072	036135090444f2ca5d652f4254432e434f4d2ffabe6d6d48ae3ae9ab8e85e4a10c16216ea3f3536dd70ad1e6440efb85f36b409232db0908000000ceeed33d3fcee5f98614040000000000	3161	1759	5796	7787	1006767483369	87889992	1008017483369	87999120	36568553	3192.4053	28220.6	2.4637	9160.49	0.7997	15034.435440527	1250000000	109124	1286568553	112316.4062	BTC.com
603490	0000000000000000001316564fb086351ae9c042b16c41d5f47dcc612ff9f297	2019-11-12 18:22:43	2019-11-12 16:51:27	1272665	906782	3993011	536870912	20000000	100000000000000000000000000000	26dc9458bed303a8c092f75fe2b7885c1f521868b7786f95fd4a0af7d66dbd7b	3512668850	387326161	12720005267391	00000000000000000000000000000000000000000a079dfe599a8ccf9f94f39b	0362350900045ef8ca5d042cedcf03080309b45c220d392f092f426974667572792f	3011	1734	5812	7782	1068606372294	93288480	1069856372294	93397608	40427309	3529.2717	31772.9	2.7738	10127.1	0.8841	15848.436975008	1250000000	109124	1290427309	112653.2734	BitFury
603491	00000000000000000015527f841b1ac3ae3b0cf4d8c63f052da56ce6e0e8b60f	2019-11-12 19:23:27	2019-11-12 17:26:59	1198122	931699	3993219	536870912	20000000	100000000000000000000000000000	0269c39fa0ce773dea697f8b91154656b5cd59da7c7e5df2d26b9d013391fe2d	1110381206	387326161	12720005267391	00000000000000000000000000000000000000000a07a9900091738507fbe6c4	0363350904b106cb5d535a30322f4254432e434f4d2ffabe6d6d131f62690c8b8932adca05e64e58a323e1d6b079290f4aa232c539173ca2c5e3080000007296cd10bae372166af3711c00000000	2332	1020	5936	5599	730920427881	63808768	732170427881	63917892	54971124	4798.9351	45897.4	4.0068	13771.6	1.2023	9721.5095317941	1250000000	109124	1304971124	113922.9375	BTC.com
603492	000000000000000000150117df65de74dd8be2f686c3c66b16f5a95c8b8b1687	2019-11-12 19:26:24	2019-11-12 17:37:10	1343802	883208	3993426	536870912	20000000	100000000000000000000000000000	48ba100a373cda9a93d45a13dcf1484527f52f1876ee67f39e3f06fd00bcf392	3120550036	387326161	12720005267391	00000000000000000000000000000000000000000a07b521a7885a3a7062d9ed	03643509045507cb5d2f706f6f6c696e2e636f6d2ffabe6d6db07b3af981ae3b54778ff1bb2d5c346e47f29216cb84b886097f856d68acd0860100000000000000e626782b6e2fdb74e9fc462906917b171158c4ef1900c1500000ffffffff	3038	1630	5678	8475	928453833956	81053280	929703833956	81162400	29223983	2551.2302	21753.6	1.8991	7320.71	0.6391	60878.678181058	1250000000	109124	1279223983	111675.2266	Unknown
603493	000000000000000000117cc04fc9d68523c1a0b1e14f6c63b441d837fdd3e1e6	2019-11-12 19:39:21	2019-11-12 17:37:42	1363755	876401	3992958	1073733632	3fffe000	111111111111111110000000000000	e80f9e5b0250ca418df2c1284659846615903dd1703fddc157c38671517283d8	2254587513	387326161	12720005267391	00000000000000000000000000000000000000000a07c0b34e7f40efd8c9cd16	03653509fabe6d6de52bf816288e112f94432bf2707334ce7de8e73c043547f63bc574f0389bc1a0010000000000000004650800b7dda3e8420000958e0e2f736c7573682f	2579	1479	6275	6991	522445805317	45609100	523695805317	45718224	31400056	2741.1997	23031	2.0106	7866.58	0.6868	80434.199607798	1250000000	109124	1281400056	111865.1953	SlushPool
603494	000000000000000000065666f0bbc1a354410d8e8bf9084d64b26fb4b7816193	2019-11-12 20:03:56	2019-11-12 17:56:20	1354881	879439	3993198	536870912	20000000	100000000000000000000000000000	8793ca160d07c627e5c561df37d3e9792401332eba7ca974a85cdea3909dd070	3835781173	387326161	12720005267391	00000000000000000000000000000000000000000a07cc44f57627a54130c03f	036635091b4d696e656420627920416e74506f6f6c313334df000b20f98b994cfabe6d6de872d3f7596abdd47aff8a3a14f0504bed9be94f07233ac69274042e901ef9f80400000000000000db1b01c08f0e0000	2728	1606	5917	6958	1394507017207	121739344	1395757017207	121848472	38414117	3353.5217	28360.4	2.4758	9623.31	0.8401	14039.154360277	1250000000	109124	1288414117	112477.5234	AntPool
603495	000000000000000000062759071ddf031438dfac35273989bce13ed781a888bd	2019-11-12 20:54:33	2019-11-12 18:22:43	1372616	873482	3993062	536879104	20002000	100000000000000010000000000000	aabfbba1f3981c56784098834ad3d5961052ad7a15786446bbeeea8797fcd8a9	2294725806	387326161	12720005267391	00000000000000000000000000000000000000000a07d7d69c6d0e5aa997b368	0367350904101ccb5d434e2f54545454545432323232fabe6d6d98732ab8fe154f754cc49cd6c2840c0dd49e76a8f037468410fa074d5d8671e8010000004204cb9a8200143074f87c5d58c23d01	1969	977	6642	5182	497984359536	43473636	499234359536	43582760	47617835	4156.999	34700.8	3.0294	11929.3	1.0414	7671.4681779684	1250000000	109124	1297617835	113281	Unknown
603496	0000000000000000001585fad98ebca2091edb85df0185b639b68eca798a19f3	2019-11-12 20:59:22	2019-11-12 19:23:27	1428243	854939	3993060	1073676288	3fff0000	111111111111110000000000000000	be1f1f3f5d4186be98b24e4dac534a1a2f56e150bac0d2ece74a507b44eaa72b	87581927	387326161	12720005267391	00000000000000000000000000000000000000000a07e3684363f51011fea691	0368350904041dcb5d2f706f6f6c696e2e636f6d2ffabe6d6d8c00315fd9e3a170cdebac334e3607d1f3d2fd72830f72637f58a9266a2362fc010000000000000008e0a06313c4b7962776914ab2de6c3811496a3959008d270000ffffffff	3486	2159	6596	8178	1177654961767	102808336	1178904961767	102917456	28458641	2484.4165	19931.1	1.74	7129.64	0.6224	6208.7428560959	1250000000	109124	1278458641	111608.4141	Unknown
603497	0000000000000000000b647ec1c4476864096f44acec42838f7ad95be57e7fc4	2019-11-12 21:04:43	2019-11-12 19:26:24	1389331	868017	3993382	536870912	20000000	100000000000000000000000000000	03ea44c5b8bb7a63b72eb5e3f5235eee52769ccc8167ef1dfca9730e490c1748	1739687194	387326161	12720005267391	00000000000000000000000000000000000000000a07eef9ea5adbc57a6599ba	036935091a4d696e656420627920416e74506f6f6c3831fd0047200f4a54cefabe6d6d9f47a324d90207b70ae849af967ec4bdcb53c0703affe9d4a946344819ee1b9804000000000000004d020080dcfb0100	3479	2178	5872	8774	1275730756779	111370272	1276980756779	111479400	28808044	2514.9192	20740.9	1.8107	7216.51	0.63	6574.2800557316	1250000000	109124	1278808044	111638.9219	AntPool
603498	00000000000000000015a83d38290ec1eef9272b63fca6469f6a3c7a772361ec	2019-11-12 21:08:25	2019-11-12 19:39:21	1449860	847890	3993530	536870912	20000000	100000000000000000000000000000	2efac2e045e52810da92f781368d8756ecb3ec48336eafdb298d9097357140e1	1259544449	387326161	12720005267391	00000000000000000000000000000000000000000a07fa8b9151c27ae2cc8ce3	036a3509041f1fcb5d626a30332f4254432e434f4d2ffabe6d6dcae83548fcceb67dfdfe445d0a62feea32935d2467b162a5e8c845dbcc0e2f27080000007296cd10c58a5279310c004000000000	2442	1322	7621	5333	511717076396	44672492	512967076396	44781616	25558704	2231.2544	17633.6	1.5394	6402.58	0.559	3440.4535360909	1250000000	109124	1275558704	111355.25	BTC.com
603499	0000000000000000000ebfac6a38df01257aabfeaddffafb7d5c9aa182212f4d	2019-11-12 21:17:52	2019-11-12 20:03:56	1354667	879424	3992939	536870912	20000000	100000000000000000000000000000	eba98d0b29168305eb3b1c844c76adae01f217053a8a8d66324711c3ae03ed4f	2694938827	387326161	12720005267391	00000000000000000000000000000000000000000a08061d3848a9304b33800c	036b350900046221cb5d046f996c1b081107b45c04660300092f426974667572792f	3127	1647	6400	6673	1612022643749	140728288	1613272643749	140837408	29179090	2547.3113	21544.2	1.8808	7309.55	0.6382	32235.033210498	1250000000	109124	1279179090	111671.3125	BitFury
603500	000000000000000000115f6ff33b1b8e135a4eb95ee68b158c0dbdab88964b73	2019-11-12 21:52:59	2019-11-12 20:54:33	1318012	893505	3998527	536870912	20000000	100000000000000000000000000000	7fd87b8fda273916e428f548c2c0dafc0d58fcb16fcc5f004c67318b2297fc2d	458721135	387326161	12720005267391	00000000000000000000000000000000000000000a0811aedf3f8fe5b39a7335	036c35092cfabe6d6d41607b18fdba06b210de49aec69abc826922479593ed27f026dee91bc426369610000000f09f909f000f4d696e6564206279207765796e657200000000000000000000000000000000000000000000000000000000050011d2e800	2737	1453	5915	6699	2806336531821	244990928	2807586531821	245100048	45179119	3944.1008	34290.2	2.9935	11303.8	0.9868	18780.593726724	1250000000	109124	1295179119	113068.1016	F2Pool
603501	0000000000000000000987d743265b6388c0e96cd15f37c4522350758da08e7a	2019-11-12 21:57:30	2019-11-12 20:59:22	1407959	861849	3993506	1073733632	3fffe000	111111111111111110000000000000	237f4c39465d8dc6fbb06b826742ef0cde2e922671f48307c62e22bf1cb4dc7a	784882169	387326161	12720005267391	00000000000000000000000000000000000000000a081d408636769b1c01665e	036d350904cb2acb5d626a30332f4254432e434f4d2ffabe6d6d233b2d34e258167ffa2ddba53e617009beef3a23067dbba686bd805e7c534784080000007296cd10c433350cc8f9000000000000	3053	1850	6802	6669	2143216230138	187101056	2144466230138	187210192	28012702	2445.4866	19902	1.7374	7017.36	0.6126	276645.32405618	1250000000	109124	1278012702	111569.4844	BTC.com
603502	000000000000000000074b5076983126ed5ed40f3ca2ea15b1ae202673ba6f94	2019-11-12 22:10:25	2019-11-12 21:04:43	1276853	905563	3993542	536870912	20000000	100000000000000000000000000000	21f8f5a0138f4584934ecec4c664a8ab3671366e2698ddd017d0b1f8788446fa	1499422539	387326161	12720005267391	00000000000000000000000000000000000000000a0828d22d2d5d5084685987	036e350904d32dcb5d535a30322f4254432e434f4d2ffabe6d6df5f26c727248773341e192339021575b09df893c679aaabb558e1a4925a36abd080000007296cd10bb0003d25fedfb2381ae9919	2869	1669	6161	6491	1309458350743	114314664	1310708350743	114423792	30540593	2666.1694	23926.6	2.0888	7650.54	0.6679	24259.442871069	1250000000	109124	1280540593	111790.1719	BTC.com
603503	00000000000000000002ebbd99797d9c143793f7072578265d3dbd971e52ff27	2019-11-12 22:13:37	2019-11-12 21:08:25	1194016	933048	3993160	545259520	20800000	100000100000000000000000000000	f71daca175d19621e1b7cae33e558f17eca7db25024284d9a70a7a5cb431674c	59715351	387326161	12720005267391	00000000000000000000000000000000000000000a083463d4244405eccf4cb0	036f350941d772cba51d106141d772cba46d42f12f315448617368263538434f494e2ffabe6d6de79661c33fd66a7862ead84ed1325807f6939c290a3374e5ba188d65b56730138000000000000000dc005108f2f0010000000000	2768	815	6238	5520	602392591399	52588392	603642591399	52697516	22531332	1966.9673	18876.4	1.6479	5644.53	0.4928	12027.047980699	1250000000	109124	1272531332	111090.9688	Unknown
603504	00000000000000000006c6416587d9dbc3b507187caca6c8edee002cf8ad3260	2019-11-12 22:43:34	2019-11-12 21:17:52	1332347	886733	3992546	536870912	20000000	100000000000000000000000000000	5346a3a92cca0c36ef10ab8a08b05cc0ac26e27c78cd231d6bf8477a881aab0b	3758564984	387326161	12720005267391	00000000000000000000000000000000000000000a083ff57b1b2abb55363fd9	0370350900049135cb5d042dd72b0d080909b45c023c1a00092f426974667572792f	2306	1175	6186	5782	2168163482488	189278928	2169413482488	189388064	41761824	3645.7737	31351.2	2.7369	10462.6	0.9134	19568.880238464	1250000000	109124	1291761824	112769.7734	BitFury
603505	00000000000000000013e1261129ada21750f92a32524545cc2791c90c72c1c8	2019-11-12 22:50:49	2019-11-12 21:52:59	1310955	894179	3993492	536870912	20000000	100000000000000000000000000000	77ecb8021f76f1406f130a08e0dcacaaa4fbfd1a8d87bbe4e57a400af96b328c	2312880010	387326161	12720005267391	00000000000000000000000000000000000000000a084b8722121170bd9d3302	037135091f2f5669614254432f4d696e656420627920746232303139303531323832312f2cfabe6d6d72eff0b67ad712be2e53070c6e32871ddb5e4d8b20e25b01400a9888cdbae81a100000000000000010f754cc00e5d4395ac26c56fc091800a0	3176	1946	5909	8575	1677360180956	146432208	1678610180956	146541328	28753541	2510.1611	21940	1.9153	7202.8	0.6288	25788.156979214	1250000000	109124	1278753541	111634.1562	ViaBTC
603506	00000000000000000009cf29056fcf83d23439be126e4dbd340787c74107c042	2019-11-12 22:51:02	2019-11-12 21:57:30	1111853	960501	3993356	536870912	20000000	100000000000000000000000000000	045480fe5314edef9677d559dd2bf78c49f89b69bd1f41c2566276263d4c164c	1230049970	387326161	12720005267391	00000000000000000000000000000000000000000a085718c908f8262604262b	03723509fabe6d6d14900b49642a811d8f3996ebd97c2683f04b7d7f2864aa2d42383a5e494f183c010000000000000004650600b7603b7a2800c01e910e2f736c7573682f	3216	594	5424	6550	234659364996	20485574	235909364996	20594698	17964806	1568.3132	16163	1.411	4500.23	0.3928	35727.596321219	1250000000	109124	1267964806	110692.3125	SlushPool
603507	000000000000000000134c2fe4ccf0eb9d772fa72f2b5e985b42eb6ffa7f8f73	2019-11-12 22:52:53	2019-11-12 22:10:25	1212396	927020	3993456	1073733632	3fffe000	111111111111111110000000000000	24e27d60edda8115b9f486859fd6bf8416b5332fbcea81313b82958e0afdce2e	3867017998	387326161	12720005267391	00000000000000000000000000000000000000000a0862aa6fffdedb8e6b1954	0373350904bb37cb5d2f706f6f6c696e2e636f6d2ffabe6d6d53e42934ade2d754aa76479c8f06b058046b011d83c3329b4581afd100597c360100000000000000287af16e3782d7d5ec1d539d9785172f10fca421d700792b000000000000	2832	964	6106	5565	270090714913	23578704	271340714913	23687828	18791450	1640.4785	15504.5	1.3535	4707.29	0.4109	55193.337763517	1250000000	109124	1268791450	110764.4766	Unknown
603508	0000000000000000000072a2890d14b7937121e3067433d44ff4134be5d8b8d6	2019-11-12 22:53:30	2019-11-12 22:13:37	1223620	924793	3997999	541065216	20400000	100000010000000000000000000000	3df20bbfd8ca5bae50d61fae4bc596c3166bbe7225d155b7d3768ae9318549f0	2223107336	387326161	12720005267391	00000000000000000000000000000000000000000a086e3c16f6c590f6d20c7d	037435092cfabe6d6d000000000000000000000000000000000000000000000000000000000000000000000000f09f909f000c4d696e6564206279206c6564000000000000000000000000000000000000000000000000000000000000000500b0090000	2512	890	6417	4749	420255694232	36687984	421505694232	36797108	15632665	1364.7191	12779.5	1.1157	3911.43	0.3414	27018.420692254	1250000000	109124	1265632665	110488.7188	F2Pool
603509	00000000000000000005ae359169af7a1bac624f9f33d77746af61ae6638180d	2019-11-12 23:17:42	2019-11-12 22:43:34	1326412	888991	3993385	545259520	20800000	100000100000000000000000000000	ae89ccbb4235cabbf64c937678ea57d2d307814c311bd39e5cd6dc34b4ad8fae	298615363	387326161	12720005267391	00000000000000000000000000000000000000000a0879cdbdedac465f38ffa6	0375350904973dcb5d2f706f6f6c696e2e636f6d2ffabe6d6d3ec65563135ef005c317ad5274ed521d2945066e5e787e56868df8009ffac6e701000000000000006a3ff8128c27c4cc80f2d26b293f4f350f23ac3b9300ff0b000000000000	3498	2188	5986	8480	1425528603848	124447504	1426778603848	124556632	39005420	3405.1418	29415.4	2.5679	9771.07	0.853	4079.3936787191	1250000000	109124	1289005420	112529.1406	Unknown
603510	00000000000000000012fd7979791f9732edd5154140b8bcfac202ff8e367204	2019-11-12 23:54:45	2019-11-12 22:50:49	1321190	890620	3993050	536870912	20000000	100000000000000000000000000000	4c0f97afd4f0f6d40b789ca2b1cce0ac7749e809b8ee2ca9de54a60d928c7719	343831865	387326161	12720005267391	00000000000000000000000000000000000000000a08855f64e492fbc79ff2cf	03763509044946cb5d2f4e6f7661426c6f636b2f897d7693345a9640f1d103901888769013bf3bf16a00e0c6551500000000	3279	2151	5872	8362	1902918511119	166123264	1904168511119	166232384	41035466	3582.3633	31066.5	2.7121	10279.5	0.8974	331060.28204917	1250000000	109124	1291035466	112706.3594	Unknown