id	hash	time	median_time	size	stripped_size	weight	version	version_hex	version_bits	merkle_root	nonce	bits	difficulty	chainwork	coinbase_data_hex	transaction_count	witness_count	input_count	output_count	input_total	input_total_usd	output_total	output_total_usd	fee_total	fee_total_usd	fee_per_kb	fee_per_kb_usd	fee_per_kwu	fee_per_kwu_usd	cdd_total	generation	generation_usd	reward	reward_usd	guessed_miner
427603	000000000000000001308abee986969eca4228d1420e6a7664242674081a1fe7	2016-08-31 00:13:41	2016-08-30 23:38:24	998167	998167	3992668	536870912	20000000	100000000000000000000000000000	c9a585b491f8f000ed68f46a2e6cb78c9d0eccd331bb14f37394b2751e0b3966	3739413008	402979592	220755908330.37	00000000000000000000000000000000000000000024e05b1d93fe33ece01ac0	03538606fabe6d6dc1dd32b4009c55a56d2caf115642ece55b5fe2c945b5f6c2ec3e9f2d09cceeb101000000000000002f48616f4254432fe8bf99e698afe4b880e4b8aae6818be788b1e79a84e5ada3e88a822f061269bd1cef4d7629c81c00	2119	0	4170	4917	1440616007424	8310914	1441866007424	8318125.5	49733573	286.913	49838.1	0.2875	12459.5	0.0719	16050.663814567	1250000000	7211.2505	1299733573	7498.1631	Bixin
427604	000000000000000001d040307dfd7934fbd585faeda422f2e1dd2d9a8a427881	2016-08-31 00:37:45	2016-08-30 23:41:34	998164	998164	3992656	536870912	20000000	100000000000000000000000000000	c2fbc3fd526b0f16372bcf9954487c572de8918f537a5ddbd8c1e16696d9f672	3583684748	402979592	220755908330.37	00000000000000000000000000000000000000000024e08e83db3b6589606d78	03548606cf31812a09ad974b9bc63d2626448a7aa8a12062b0063ac985e79c75b6bcf0d72bc8ef8957010000000000000011a855070fd010871a177f30002f425443432f0000000000000000000000000000000000000000000000000000000000000000	2722	0	4298	6022	1617876279923	9333529	1619126279923	9340740	64534717	372.3008	64670.8	0.3731	16167.7	0.0933	29969.057516998	1250000000	7211.2505	1314534717	7583.5513	BTCC Pool
427605	000000000000000001a49f524d40ab6bc2c4b6b6bf4e80249fce9406999a8af2	2016-08-31 00:39:48	2016-08-30 23:42:18	990014	990014	3960056	536870912	20000000	100000000000000000000000000000	3389935b28bfd03bb05883e21fb4cbdb7fa2a45e36f31c37c6d7716106dde980	4273663165	402979592	220755908330.37	00000000000000000000000000000000000000000024e0c1ea22789725e0c030	03558606044727c65708700010b100066a83102f426974467572792f5345475749542f	490	0	3563	1130	179806702499	1037304.9375	181056702499	1044516.1875	14702055	84.8162	14853.4	0.0857	3713.35	0.0214	12395.876932739	1250000000	7211.2505	1264702055	7296.0664	BitFury
427606	0000000000000000043e8349a9127c79d0c35a373391a329c4e3038c6cf62eb5	2016-08-31 00:42:18	2016-08-30 23:57:07	242238	242238	968952	536870912	20000000	100000000000000000000000000000	a8bcc8ec8c3737af5451054594d4fbd286dcb69b479cb8624afca6c5f4bca0e3	278291809	402979592	220755908330.37	00000000000000000000000000000000000000000024e0f55069b5c8c26112e8	03568606489350cc09f79f02864a07b650af48725b59385ae8f0e89f052093c2695399ac3a7a9d60a901000000000000009d8878bf0df0103872b88805002f425443432f0000000000000000000000000000000000000000000000000000000000000000	384	0	1280	834	287600999330	1659170.25	288850999330	1666381.5	13762069	79.3934	56875.1	0.3281	14218.8	0.082	499.34577723393	1250000000	7211.2505	1263762069	7290.6436	BTCC Pool
427607	000000000000000004938af8449297efddad7993cb57287038a9673f6688c0a0	2016-08-31 01:04:44	2016-08-30 23:58:53	998000	998000	3992000	536870912	20000000	100000000000000000000000000000	d26608f7bf25628feef6a1c764b3bea3fd1af257ba777ec6f5524c8259821ff0	38179288	402979592	220755908330.37	00000000000000000000000000000000000000000024e128b6b0f2fa5ee165a0	03578606192f5669614254432f5765204c6f766520426974636f696e212f2cfabe6d6d1537dadae26d10f5f3649b2c81b3cfd5d6496de99aa968ae16375eff6617b0660100000000000000109643c900ef58e2b23c64f56a4a620000	2661	0	4406	5884	1742058977031	10049939	1743308977031	10057150	64565185	372.4766	64711.4	0.3733	16177.9	0.0933	51450.667658154	1250000000	7211.2505	1314565185	7583.7271	ViaBTC
427608	0000000000000000006906b972b626e4db02cbb7b807809ced8a24e50b35f591	2016-08-31 01:13:28	2016-08-31 00:13:41	887484	887484	3549936	536870912	20000000	100000000000000000000000000000	9e4f0a884975255d60d559ffa5bbe894aed440201150081c62dfcd713fc6b41b	3309069922	402979592	220755908330.37	00000000000000000000000000000000000000000024e15c1cf8302bfb61b858	03588606204d696e656420627920416e74506f6f6c20626a31322036b811312057c62f380145010000080000005ba60d00	1544	0	4251	3375	877037017555	5059627	878287017555	5066838	39139809	225.7976	44112.8	0.2545	11028.2	0.0636	33164.488530489	1250000000	7211.2505	1289139809	7437.0479	AntPool
427609	0000000000000000011617e61300ab4a0374ca75c97125cf4eaece7e0da79213	2016-08-31 01:26:43	2016-08-31 00:37:45	999926	999926	3999704	536870912	20000000	100000000000000000000000000000	b645501fc930b980e0c5217acb6fb2d84ab438cb83445ba95706cdb0a0bbf5c1	1993437282	402979592	220755908330.37	00000000000000000000000000000000000000000024e18f833f6d5d97e20b10	0359860637e4b883e5bda9e7a59ee4bb99e9b1bcf96c9dd20347ea035342706280e73548b2831752e22835e99a8c83df2fb7f5b602000000f09f909f134d696e65642062792073756e79757869616e670000000000000000000000000000000000000000	1907	0	3716	9189	970784065277	5600453.5	972034065277	5607665	49838247	287.5168	49855.3	0.2876	12463.8	0.0719	22140.705731001	1250000000	7211.2505	1299838247	7498.7671	F2Pool
427610	0000000000000000032c7d5c3bb5f701b61b1c9ed45f88f811716d05460609d9	2016-08-31 01:40:47	2016-08-31 00:39:48	896420	896420	3585680	536870912	20000000	100000000000000000000000000000	7f492531ce384dff477a61f87e2d3ade5ec7463d017bc7f744553b6bbcc5c386	3535578325	402979592	220755908330.37	00000000000000000000000000000000000000000024e1c2e986aa8f34625dc8	035a860600049f35c65704f39d153b08fb18f73b832c1d000a425720537570706f727420384d200a666973686572206a696e78696e092f425720506f6f6c2f	1818	0	4311	3922	804076665448	4638718.5	805326665448	4645929.5	52788576	304.5373	58903.4	0.3398	14725.8	0.085	5313.8866426383	1250000000	7211.2505	1302788576	7515.7876	BW.COM
427611	000000000000000001beed1e1bc174e304f6bc59fd18544abc884bce1b282982	2016-08-31 01:52:45	2016-08-31 00:42:18	689613	689613	2758452	536870912	20000000	100000000000000000000000000000	2b577533daef8d07eaa3e6324fa6dc788e008338cf7c572eb42eaf000532fca0	3905068592	402979592	220755908330.37	00000000000000000000000000000000000000000024e1f64fcde7c0d0e2b080	035b860600046d38c657045a20813b086f5c5be306cc17000a425720537570706f727420384d200a666973686572206a696e78696e092f425720506f6f6c2f	1484	0	3160	3278	1000544889844	5772143.5	1001794889844	5779355	39950135	230.4723	57950.6	0.3343	14487.7	0.0836	4005.4442540626	1250000000	7211.2505	1289950135	7441.7227	BW.COM
427612	0000000000000000038cd765f4ef362d299251e872b2f2fb1be275b0e37033a4	2016-08-31 02:04:31	2016-08-31 01:04:44	998127	998127	3992508	536870912	20000000	100000000000000000000000000000	37b88cd901e4640efd05497902fcf41e7e6778b6d42642ae19898aeec9bf58b8	66825777	402979592	220755908330.37	00000000000000000000000000000000000000000024e229b61524f26d630338	035c860600042e3bc657044f7eaf390c29e7bb575484b35700020e4a0a636b706f6f6c182f426974436c7562204e6574776f726b2f5345475749542f	1980	0	4818	4509	1306004409140	7534340	1307254409140	7541551	52134018	300.7612	52243.8	0.3014	13060.9	0.0753	6105.5294118867	1250000000	7211.2505	1302134018	7512.0112	BitClub Network
427613	000000000000000001dd870894952989190008067797d294162f1731a901598d	2016-08-31 03:20:23	2016-08-31 01:13:28	999842	999842	3999368	536870912	20000000	100000000000000000000000000000	40070a4d999c7ba1d2e1208462731328426b789e85f127b9d6ada076758bea71	1820353822	402979592	220755908330.37	00000000000000000000000000000000000000000024e25d1c5c622409e355f0	035d860637e4b883e5bda9e7a59ee4bb99e9b1bc1dea0a97053c239aff7c3b52c57d42da384404c901e3b3f6bea2344065fab5a502000000f09f909f114d696e6564206279206765726f6d62746300000000000000000000000000000000000000000000	2919	0	4388	6247	4262153957075	24588368	4263403957075	24595578	103286653	595.8607	103331	0.5961	25832.7	0.149	31992.913591925	1250000000	7211.2505	1353286653	7807.1108	F2Pool
427614	00000000000000000304c7d74ff601348c008bd8a463a262a8c6e277da2a0be9	2016-08-31 03:48:31	2016-08-31 01:26:43	988029	988029	3952116	536870912	20000000	100000000000000000000000000000	7bfed24fd7b751740019709bb9ec7d6c0f2f30bc756d18e530ceec50fe9c9297	2169402432	402979592	220755908330.37	00000000000000000000000000000000000000000024e29082a39f55a663a8a8	035e860600048b53c65704a89d3f0f0c8df2ca58fc050086000000000a636b706f6f6c0d2f4b616e6f202f4245424f502f	1413	0	5320	4085	1418311591870	8182240	1419561591870	8189451	76782943	442.9608	77733	0.4484	19433.2	0.1121	4949.3433760909	1250000000	7211.2505	1326782943	7654.2109	KanoPool
427615	000000000000000000fa6e1b9f4683104cf2b2232d4795417b6590acece4aa4e	2016-08-31 04:11:30	2016-08-31 01:40:47	998147	998147	3992588	536870912	20000000	100000000000000000000000000000	086e5134ccaff1968fe0322b57920e148b92c036d1aa1655643fd6799f60b297	1941838071	402979592	220755908330.37	00000000000000000000000000000000000000000024e2c3e8eadc8742e3fb60	035f860604dd58c657081800b08100020291102f426974467572792f4249503130302f	1851	0	5146	3924	1541285959576	8891679	1542535959576	8898890	76893606	443.5992	77052	0.4445	19263	0.1111	10972.953006558	1250000000	7211.2505	1326893606	7654.8496	BitFury
427616	00000000000000000377d7096caa941e6e9d25c180709cc40d2aca4c482455be	2016-08-31 04:15:34	2016-08-31 01:52:45	997983	997983	3991932	536870912	20000000	100000000000000000000000000000	2bfa83b49cf82899c4d85b39730596c1c5fdda146bdab186ec9cd230502bb3b4	1907482450	402979592	220755908330.37	00000000000000000000000000000000000000000024e2f74f3219b8df644e18	03608606204d696e656420627920416e74506f6f6c20626a3620197da2cb20212057c659e60d08000061b20800	1759	0	5316	4179	625874708806	3610671.25	627124708806	3617882.5	63063374	363.8126	63204.3	0.3646	15801.1	0.0912	51377.783504491	1250000000	7211.2505	1313063374	7575.063	AntPool
427617	000000000000000001551ea014744a76735c1b75b248142f4691d85f2190d761	2016-08-31 04:21:26	2016-08-31 02:04:31	998105	998105	3992420	536870912	20000000	100000000000000000000000000000	0a7257d3c60c9b1802176d5ebffc7d33f9d85b3014cc52b581eedaaa4e12ca88	3308223720	402979592	220755908330.37	00000000000000000000000000000000000000000024e32ab57956ea7be4a0d0	03618606244d696e656420627920416e74506f6f6c20757361312025aa351520676767672057c65b29931500009a3d0000	2425	0	5375	4833	619059369992	3571353.75	620309369992	3578565	60978081	351.7826	61107.1	0.3525	15276.8	0.0881	9368.1876946952	1250000000	7211.2505	1310978081	7563.0327	AntPool
427618	000000000000000001d41a095f9e1405551d49aa8bd035ca774a8f3b08506ca1	2016-08-31 04:25:47	2016-08-31 03:20:23	998106	998106	3992424	536870912	20000000	100000000000000000000000000000	0cc5c00241f30a5c23cf3fa4ab8ffdf94e6d65fbb2c1ca57c7d6f8598b63b1d9	826180729	402979592	220755908330.37	00000000000000000000000000000000000000000024e35e1bc0941c1864f388	0362860600044c5cc657047391790608392eb020fbf206000a425720537570706f727420384d200a666973686572206a696e78696e092f425720506f6f6c2f	2746	0	4856	5429	2015911680089	11629795	2017161680089	11637006	61778872	356.4023	61910.4	0.3572	15477.6	0.0893	40995.742054482	1250000000	7211.2505	1311778872	7567.6528	BW.COM
427619	0000000000000000023f2c2d4398632d71afd114ddd0db5c9700cdcf4d4e5c57	2016-08-31 04:31:39	2016-08-31 03:48:31	998056	998056	3992224	536870912	20000000	100000000000000000000000000000	664b49ee52e3ce8235523090f36a1d2f503a867be1d25a033f59993229ba931a	2027198521	402979592	220755908330.37	00000000000000000000000000000000000000000024e3918207d14db4e54640	03638606fabe6d6daf479355019c7848b00ceb42d77d652754450240e59af9c19a3cbd53192c599d0100000000000000236808009ff770f4c761007442232f736c7573682f	2139	0	4041	7896	3493918367825	20156416	3495168367825	20163628	58308120	336.3795	58435.6	0.3371	14608.9	0.0843	32077.739564133	1250000000	7211.2505	1308308120	7547.6299	SlushPool
427620	0000000000000000008fd5a20ef0e30b6fffab6e4f7215b1ffe3b5b28286b8b2	2016-08-31 04:54:03	2016-08-31 04:11:30	998172	998172	3992688	536870912	20000000	100000000000000000000000000000	a3045d040fcaabe97409a05c2c454bff78cd038614433ff8163d4ab104fbae18	4209984092	402979592	220755908330.37	00000000000000000000000000000000000000000024e3c4e84f0e7f516598f8	0364860604d862c65708280077260002e072102f426974467572792f5345475749542f	2401	0	4383	6603	1496376331561	8632595	1497626331561	8639807	74902347	432.1117	75054.8	0.433	18763.7	0.1082	7851.6465197096	1250000000	7211.2505	1324902347	7643.3618	BitFury
427621	00000000000000000034b7e93c61d6f690c15065b57d91ec6bb18f59b345c7c0	2016-08-31 05:01:38	2016-08-31 04:15:34	998154	998154	3992616	536870912	20000000	100000000000000000000000000000	8c0ca3722145aedce5d423112b0793956e15f9155b10bba22865ddf6c71fbe93	3232592482	402979592	220755908330.37	00000000000000000000000000000000000000000024e3f84e964bb0ede5ebb0	03658606244d696e656420627920416e74506f6f6c20626a31200a6295a220676767672057c664b201260100007e9e1000	2200	0	4075	6519	1867945674219	10776179	1869195674219	10783390	53721028	309.9166	53832.1	0.3106	13458	0.0776	4064.103013806	1250000000	7211.2505	1303721028	7521.167	AntPool
427622	0000000000000000018a782f7b0740c875605a633591c771579cd34ce2e5e3bb	2016-08-31 05:07:03	2016-08-31 04:21:26	998188	998188	3992752	536870912	20000000	100000000000000000000000000000	bb05da2dcd65d2792d484c85849e6a252f6f4532ca1b6895ecd9ba2e9a835c64	1298829662	402979592	220755908330.37	00000000000000000000000000000000000000000024e42bb4dd88e28a663e68	036686060004f665c6570406e9630008ac6aa782268766ce0a425720537570706f727420384d200a666973686572206a696e78696e092f425720506f6f6c2f	2008	0	4329	4466	910752686555	5254132.5	912002686555	5261343.5	45489488	262.4289	45582.6	0.263	11395.7	0.0657	3401.0958033662	1250000000	7211.2505	1295489488	7473.6792	BW.COM
427623	0000000000000000041d866b746ba2dfce001db78cfc8b2afcbe95a72ac429b4	2016-08-31 05:09:08	2016-08-31 04:25:47	998178	998178	3992712	536870912	20000000	100000000000000000000000000000	102815f6c7b1c51578055cf58b60ec2be8892a90e3fa81316bb6909abb524260	2662706632	402979592	220755908330.37	00000000000000000000000000000000000000000024e45f1b24c61426e69120	03678606046066c657082800add3000ed67a102f426974467572792f5345475749542f	1239	0	3997	3302	273718385540	1579081.375	274968385540	1586292.625	32421893	187.0419	32487.7	0.1874	8121.92	0.0469	2402.9725736491	1250000000	7211.2505	1282421893	7398.292	BitFury
427624	00000000000000000395583a4c46ca957baf1dd98be5671e146f61aba3746bcb	2016-08-31 05:34:25	2016-08-31 04:31:39	998111	998111	3992444	805306368	30000000	110000000000000000000000000000	9dc8c6f7100c92b038018cafd5de9c4bb8eb20e5608cade22c37b3e21ad60764	3251362425	402979592	220755908330.37	00000000000000000000000000000000000000000024e492816c0345c366e3d8	03688606fabe6d6d48f097b050a9be8c2befe5844eef45abcd21d84d2a0753d7a728f2ad58ce3c62010000000000000002650700ae78cc954301000d4a232f4d47312e302f454231362e302f4144342f4256382e302f736c7573682f	2665	0	4751	5491	2544522675216	14679352	2545772675216	14686563	77178243	445.2413	77344.5	0.4462	19336.1	0.1115	10422.887154746	1250000000	7211.2505	1327178243	7656.4917	SlushPool
427625	000000000000000004c7dde07d0f896912a8c447b75a667a5dd5cbee41288d3b	2016-08-31 05:41:43	2016-08-31 04:54:03	998126	998126	3992504	536870912	20000000	100000000000000000000000000000	f0dcbf80b58e5ca13088c9396970bb018353bf40025cbfb937fb30a15f0e2eb8	1489065183	402979592	220755908330.37	00000000000000000000000000000000000000000024e4c5e7b340775fe73690	03698606192f5669614254432f5765204c6f766520426974636f696e212f2cfabe6d6d6c1d37eade8706ef66ef791f7ba5e4512fd8dd97646ebcf172c3a5b1ec7793e201000000000000000c26453feb518260d3b5020f00	1904	0	4400	4279	2131794749013	12298324	2133044749013	12305536	44764089	258.244	44859.6	0.2588	11214.9	0.0647	6825.1063155349	1250000000	7211.2505	1294764089	7469.4941	ViaBTC
427626	000000000000000003105664098554b20fce1a8f96b87f1cb041c0af2bc5e0eb	2016-08-31 05:59:53	2016-08-31 05:01:38	998149	998149	3992596	536870912	20000000	100000000000000000000000000000	e38761b34318558f8aa4bb224fef6675203905b565a58405c9a6632707f14420	2624725177	402979592	220755908330.37	00000000000000000000000000000000000000000024e4f94dfa7da8fc678948	036a8606264d696e656420627920416e74506f6f6c20626a31200a6295a2206766646766642057c6725901eb060000d4302300	2348	0	4522	5287	1789134717401	10321519	1790384717401	10328730	69359555	400.1353	69503.4	0.401	17375.9	0.1002	29267.616221279	1250000000	7211.2505	1319359555	7611.3857	AntPool
427627	000000000000000000848d3fc7b771ce190102d2c45f38d2f37854992bad35f5	2016-08-31 06:10:09	2016-08-31 05:07:03	998167	998167	3992668	536870912	20000000	100000000000000000000000000000	8496a6cf502b5012f0efdf1d6321ad262b65325775d72634dc5b37c35753b000	613244704	402979592	220755908330.37	00000000000000000000000000000000000000000024e52cb441bada98e7dc00	036b8606fabe6d6d474ed3fe09764adff16c16d7af2991b68bc15a7c2816752ef29c46890320f43f01000000000000002f48616f4254432fe7a9bae6b094e9878ce983bde698afe68385e4bea3e79a84e591b3e981932f0612696dce66227548d5cccc	1479	0	4617	3581	1089048968518	6282724	1090298968518	6289935	49017828	282.7839	49121	0.2834	12280.2	0.0708	3051.5766152588	1250000000	7211.2505	1299017828	7494.0342	Bixin
427628	000000000000000002e99ad73a9c120755b7a2fcac0bd40e527b838122f80ba1	2016-08-31 06:20:06	2016-08-31 05:09:08	998189	998189	3992756	536870912	20000000	100000000000000000000000000000	a3d905591b74e32e4bb1bf5583cae432fcf88ad9397666dd432a3180838b9c79	2982069375	402979592	220755908330.37	00000000000000000000000000000000000000000024e5601a88f80c35682eb8	036c8606d5b11f3e09a18ab357f5003acccebf5922326fc416c636d2474660fab7d82e3712acac738301000000000000009d8878bf0e30108071e17514002f425443432f0000000000000000000000000000000000000000000000000000000000000000	1914	0	4833	5053	1186093996043	6842576.5	1187343996043	6849788	47946549	276.6036	48046.4	0.2772	12011.6	0.0693	137027.45552585	1250000000	7211.2505	1297946549	7487.854	BTCC Pool
427629	0000000000000000036eea0009985418bc6c765102313d03d0ff68f3b55e7bea	2016-08-31 06:25:24	2016-08-31 05:34:25	911811	911811	3647244	805306368	30000000	110000000000000000000000000000	6f3b7efdd3b16d677b2ce2c0b3decfec91212c47a5a9af6d2ab5e3ec03e7c61e	2648422677	402979592	220755908330.37	00000000000000000000000000000000000000000024e59380d0353dd1e88170	036d8606194b6e434d696e657242332d5031f88741e0ccd217c457c677e4da01000085805503	847	0	4202	1782	345504981470	1993218.375	346754981470	2000429.625	21436324	123.6662	23514.9	0.1357	5878.73	0.0339	5012.2008090536	1250000000	7211.2505	1271436324	7334.9165	KnCMiner
427630	000000000000000001666825a4af0afe08dd35efb2d72b8d1bab4a584c976d86	2016-08-31 06:26:30	2016-08-31 05:41:43	247210	247210	988840	536870912	20000000	100000000000000000000000000000	589db1965b0f003c5012befb22ea22d20e2c5036ac8b3a5fcd0a7e3d19be483e	505089860	402979592	220755908330.37	00000000000000000000000000000000000000000024e5c6e717726f6e68d428	036e860600049678c657045b8e1e0f0846fd84c0840600b00a425720537570706f727420384d200a666973686572206a696e78696e092f425720506f6f6c2f	440	0	1074	1004	247356648881	1427000.625	248606648881	1434211.875	13408059	77.3511	54288.3	0.3132	13572.1	0.0783	1029.9108046604	1250000000	7211.2505	1263408059	7288.6016	BW.COM
427631	0000000000000000016bc93157350d2e763cd94f1cdb258dc92d806b1c3d247d	2016-08-31 06:27:21	2016-08-31 05:59:53	97849	97849	391396	536870912	20000000	100000000000000000000000000000	3c17cf7b5d824b930298b7e31bd9cd8632edb9b0866868abd1610e3b5115eed0	112057526	402979592	220755908330.37	00000000000000000000000000000000000000000024e5fa4d5eafa10ae926e0	036f8606192f5669614254432f5765204c6f766520426974636f696e212f2cfabe6d6dbb671631c41f522577b50534584e9cdf1eeb304ce84468009bfee60f9a71295501000000000000001071456700df74e30a4489284e3f1b0300	142	0	526	325	67144685756	387357.7188	68394685756	394568.9688	5184797	29.9111	53127.8	0.3065	13282	0.0766	919.19788563989	1250000000	7211.2505	1255184797	7241.1616	ViaBTC
427632	0000000000000000040343fa5b85af8f14c0f93614e1bb6817574a5c4d3976cf	2016-08-31 06:46:50	2016-08-31 06:10:09	998092	998092	3992368	536870912	20000000	100000000000000000000000000000	c807a3f6cf6e5303af0d2f516040be7599cbd49f9763b6f1ea8e6aeb1fc908bd	979969078	402979592	220755908330.37	00000000000000000000000000000000000000000024e62db3a5ecd2a7697998	037086060004577dc65704ceb3770008e2559eae69d9aa560a425720537570706f727420384d200a666973686572206a696e78696e092f425720506f6f6c2f	2385	0	4748	5109	2275233262882	13125821	2276483262882	13133032	73379447	423.326	73536.7	0.4242	18384.2	0.1061	12902.134097041	1250000000	7211.2505	1323379447	7634.5762	BW.COM
427633	000000000000000002580444e8cae4dc38e442b74a955cea173eb5a04f00e701	2016-08-31 06:57:50	2016-08-31 06:20:06	998148	998148	3992592	536870912	20000000	100000000000000000000000000000	41d8f7bd5d55ce45c683513a484d16f9877a38040e143eb274b8bb88f892e5b1	1811272609	402979592	220755908330.37	00000000000000000000000000000000000000000024e66119ed2a0443e9cc50	03718606ceddeb4409b808cb6ad0a9bf18f8f932cf71a5e33939d93dc9522052a0d9536d58e6671f630100000000000000476b69c40f98113fb7b55502002f425443432f0000000000000000000000000000000000000000000000000000000000000000	1708	0	4369	4737	1149941383453	6634012	1151191383453	6641223.5	53811825	310.4404	53926.1	0.3111	13481.5	0.0778	9574.1209541309	1250000000	7211.2505	1303811825	7521.6909	BTCC Pool
427634	000000000000000000f7abe13795531f1570bd5b269924e6460b67632add1dec	2016-08-31 07:18:04	2016-08-31 06:25:24	999950	999950	3999800	536870912	20000000	100000000000000000000000000000	a1840a5a3fe1bbd44e79adee6593b9576a5ad94b5ff0348037ebc424ae850c0a	1395720966	402979592	220755908330.37	00000000000000000000000000000000000000000024e69480346735e06a1f08	0372860637e4b883e5bda9e7a59ee4bb99e9b1bc322ecea17f443d5e2a237be172af51cfb3f1ebe0441edd1d08f10f4ead3d20e102000000f09f909f104d696e65642062792062746364717a670000000000000000000000000000000000000000000000	2777	0	4795	5275	2194362400024	12659277	2195612400024	12666488	78566468	453.25	78591.5	0.4534	19647.9	0.1133	6631.837073206	1250000000	7211.2505	1328566468	7664.5005	F2Pool
427635	000000000000000001e3dc3d001cc546111e3851b4200b2965f570e9cfee442b	2016-08-31 07:39:18	2016-08-31 06:26:30	998111	998111	3992444	536870912	20000000	100000000000000000000000000000	d9fe25ba9e6d85687fbe5bfb704f72c137482fa6ba2cbc12686ef21b650152b7	4174091538	402979592	220755908330.37	00000000000000000000000000000000000000000024e6c7e67ba4677cea71c0	037386060004a689c6570454a0632e08ff9ff4d1cf8f03000a425720537570706f727420384d200a666973686572206a696e78696e092f425720506f6f6c2f	2259	0	5156	4425	1351271084197	7795483	1352521084197	7802694.5	75532059	435.7445	75692.5	0.4367	18923.1	0.1092	6882.0929893498	1250000000	7211.2505	1325532059	7646.9946	BW.COM
427636	000000000000000001e5a55417cfd16e842ab47b15f15621acc3ab213b32d793	2016-08-31 07:40:16	2016-08-31 06:27:21	254	254	1016	536870912	20000000	100000000000000000000000000000	0da046ff576dd6fc8a7f49ec1abe5bfbde05749f2f5e6036933abdca230adc14	2894499636	402979592	220755908330.37	00000000000000000000000000000000000000000024e6fb4cc2e199196ac478	03748606192f5669614254432f5765204c6f766520426974636f696e212f2cfabe6d6d305755b4bca563bf6cba439f7defb952fcb2876ca20b6febe5547365ffcafb1001000000000000000cdc45ff785f7b610a9d160000	1	0	1	1	0	0	1250000000	7211.2505	0	0	0	0	0	0	0	1250000000	7211.2505	1250000000	7211.2505	ViaBTC
427637	0000000000000000000bdba98ec3fc245866bcff46837916018611f47b602f5f	2016-08-31 07:47:11	2016-08-31 06:46:50	749164	749164	2996656	536870912	20000000	100000000000000000000000000000	1e45fb305567afbc51e1d6e9276fb31cd9de676012c957b9a2550133038d89db	399545057	402979592	220755908330.37	00000000000000000000000000000000000000000024e72eb30a1ecab5eb1730	037586060004778bc65704ebac2d070c2c055f57855a0000000000000a2020202020200a2f72657365727665642f	1595	0	3267	3947	1331217007796	7679791	1332467007796	7687002.5	47260596	272.6464	63102.5	0.364	15775.6	0.091	7582.721691164	1250000000	7211.2505	1297260596	7483.8965	Telco 214
427638	0000000000000000034eba954a191419da3bd6ec106627e407a450753b76c4d7	2016-08-31 07:56:02	2016-08-31 06:57:50	999930	999930	3999720	536870912	20000000	100000000000000000000000000000	a5cb19c0986c66a5ecc53893a3f266d0d087f5bbc8469b0c8cbdd71be9a9a69b	806890896	402979592	220755908330.37	00000000000000000000000000000000000000000024e76219515bfc526b69e8	0376860637e4b883e5bda9e7a59ee4bb99e9b1bc5e847a11244d1b32a47a81548c1b066129d4337991bd9ceeed753f1a6d00189f02000000f09f909f134d696e65642062792067616e673737383830300000000000000000000000000000000000000000	1763	0	4111	4271	1310340388260	7559354	1311590388260	7566565.5	55201607	318.4581	55220.3	0.3186	13805.1	0.0796	6613.4909924751	1250000000	7211.2505	1305201607	7529.7085	F2Pool
427639	000000000000000002ebe94f9ac635bf2c8c919e72acfb0e30798f1618779b19	2016-08-31 07:56:37	2016-08-31 07:18:04	998171	998171	3992684	536870912	20000000	100000000000000000000000000000	5b1df3d22e0964476021e0f6c571fe2bfa0c996b8c6eb3399059a1d9cf7f4d7d	6379321	402979592	220755908330.37	00000000000000000000000000000000000000000024e7957f98992deeebbca0	037786063f4d696e656420627920416e74506f6f6c20757361312025aa3515204a757374206279696e6720736f6d6520626c6f636b20636861696e6573212057c68db501242400009bae0100	1174	0	4357	4214	240736606796	1388809.5	241986606796	1396020.75	19992189	115.3349	20033.7	0.1156	5008.43	0.0289	12493.2772432	1250000000	7211.2505	1269992189	7326.5854	AntPool
427640	0000000000000000024b8d98d605473d057a21cdc47da582c28aff55f290f0bc	2016-08-31 08:21:32	2016-08-31 07:39:18	999978	999978	3999912	536870912	20000000	100000000000000000000000000000	97bbf500cf14bc892aca0eb9112f4bb0496ae3e3cba0e8dc2fd135299222d4b6	1455891260	402979592	220755908330.37	00000000000000000000000000000000000000000024e7c8e5dfd65f8b6c0f58	0378860637e4b883e5bda9e7a59ee4bb99e9b1bcd349c87458fecc09294587b3c5bec33c27167e4ecc409a2fb51f9524daf1e3b202000000f09f909f0f4d696e65642062792071617a67756f000000000000000000000000000000000000000000000000	2512	0	4914	5290	2344360299825	13524615	2345610299825	13531826	85300408	492.0981	85325.1	0.4922	21331.3	0.1231	9445.883603811	1250000000	7211.2505	1335300408	7703.3481	F2Pool
427641	000000000000000001a639918dd2bb79dbcbe63300cc683ebd4a392654aaebc3	2016-08-31 08:36:07	2016-08-31 07:40:16	998196	998196	3992784	536870912	20000000	100000000000000000000000000000	f0c36690ee7bb9dc5d1c77aeac405487c514a38bfddb33791538bccf19edd1d1	694349327	402979592	220755908330.37	00000000000000000000000000000000000000000024e7fc4c27139127ec6210	03798606fabe6d6d6eb653d944253c183484b2de42ce4afce6f9646bdbd8e2fc5c9435ba0ea2bdaa01000000000000002f48616f4254432fe5ada4e78bace79a84e4babae698afe58fafe880bbe79a842f06126b121cef526983d61c00	2579	0	4368	6279	2106943970658	12154960	2108193970658	12162172	70558392	407.0514	70704.4	0.4079	17676.1	0.102	34245.322875233	1250000000	7211.2505	1320558392	7618.3018	Bixin
427642	0000000000000000011f2b184017238804df62634ce6ccb74eb4da2b859b4077	2016-08-31 08:50:46	2016-08-31 07:47:11	998219	998219	3992876	805306368	30000000	110000000000000000000000000000	bf9318d594e3617a51f52baf3d1c6724ec10ef4ac067800a9745747cafea6dc4	4160235188	402979592	220755908330.37	00000000000000000000000000000000000000000024e82fb26e50c2c46cb4c8	037a8606fabe6d6dd2d9df1e000601f7e70f7f064a8a21dbfc6c8b3f14a2389d8fa22efb89663429010000000000000001650800b39502ef720000474f232f4d47312e302f454231362e302f4144342f4256382e302f736c7573682f	2282	0	4415	5056	2123779417138	12252084	2125029417138	12259295	62486071	360.4821	62613.9	0.3612	15653.5	0.0903	82291.721354594	1250000000	7211.2505	1312486071	7571.7324	SlushPool
427643	00000000000000000081b09295bd3521331236345ebdc7f6d7fbdbac55bd59ee	2016-08-31 09:02:55	2016-08-31 07:56:02	998215	998215	3992860	536870912	20000000	100000000000000000000000000000	1a0932d3cc4ded01b421a7a6fd31b848f37fd276ff71cd030fe46845a654c602	620122499	402979592	220755908330.37	00000000000000000000000000000000000000000024e86318b58df460ed0780	037b86061f4d696e656420627920416e74506f6f6c20626a31322036b811312057c69d3fb80b00000800000092f01200	1901	0	4270	4564	2032597110309	11726053	2033847110309	11733264	64914862	374.4939	65045	0.3752	16261.3	0.0938	103823.70312321	1250000000	7211.2505	1314914862	7585.7441	AntPool
427644	000000000000000003e1a3a37274932661642699c37c5ed2d9b85678899bc196	2016-08-31 09:03:06	2016-08-31 07:56:37	266	266	1064	536870912	20000000	100000000000000000000000000000	b1d82f663511b9b3e616d3addb528bf5a93e222649d8452871dee0181d6e45a3	4099452964	402979592	220755908330.37	00000000000000000000000000000000000000000024e8967efccb25fd6d5a38	037c860637e4b883e5bda9e7a59ee4bb99e9b1bcc368af31f985e8c7af925608430439ef6f559c7a8dd0fc296a422128c8425e0202000000f09f909f164d696e6564206279206c69686f6e6767616e673136380000000000000000000000000000000000	1	0	1	1	0	0	1250000000	7211.2505	0	0	0	0	0	0	0	1250000000	7211.2505	1250000000	7211.2505	F2Pool
427645	000000000000000003b8764be50172993d30939fe7c61ac40df2e15fcacb0355	2016-08-31 09:16:56	2016-08-31 08:21:32	998181	998181	3992724	536870912	20000000	100000000000000000000000000000	5452f250aaea8c59061c6f7297a3d5aebb3568bb52233632fe9df62be24dcbf2	2772304754	402979592	220755908330.37	00000000000000000000000000000000000000000024e8c9e544085799edacf0	037d86061f4d696e656420627920416e74506f6f6c20757361332018cfa8a42057c6a088b61d0000725e0700	2206	0	4326	6051	1840108677742	10615587	1841358677742	10622799	65372033	377.1313	65505.1	0.3779	16376.3	0.0945	170715.58668876	1250000000	7211.2505	1315372033	7588.3813	AntPool
427646	0000000000000000032f89f2031b812d8f6b9aed862a3ff386cffee942c319a6	2016-08-31 09:17:57	2016-08-31 08:36:07	998195	998195	3992780	536870912	20000000	100000000000000000000000000000	7a8af97160a9cb81e6779a0c449ab336457fc3bb4dfe94dcf71c4ee3a64111ad	3624795232	402979592	220755908330.37	00000000000000000000000000000000000000000024e8fd4b8b4589366dffa8	037e86060004bba0c65704eb1ce9010cc03cc75722a8b957000205e10a636b706f6f6c182f426974436c7562204e6574776f726b2f5345475749542f	1479	0	5101	3318	496167126619	2862388.25	497417126619	2869599.5	26760253	154.3799	26814.8	0.1547	6703.69	0.0387	13317.763645987	1250000000	7211.2505	1276760253	7365.6304	BitClub Network
427647	000000000000000004c971266bdf7e806e6902f2120092fbac7eeb47187b6fd8	2016-08-31 09:32:36	2016-08-31 08:50:46	998221	998221	3992884	536870912	20000000	100000000000000000000000000000	e47d98b3636f53eaf905cf056b4f75fa38a073b541b5a94643dd117bd1be7cea	1780645510	402979592	220755908330.37	00000000000000000000000000000000000000000024e930b1d282bad2ee5260	037f860600042fa4c657041ad0221308f788f367cf8566f60a425720537570706f727420384d200a666973686572206a696e78696e092f425720506f6f6c2f	2330	0	4653	4882	1657951455343	9564722	1659201455343	9571934	67240492	387.9104	67375.9	0.3887	16844	0.0972	74778.315903463	1250000000	7211.2505	1317240492	7599.1606	BW.COM
427648	000000000000000000fbe15c69c316302516c9fe279e9487d2321275df97019a	2016-08-31 09:36:14	2016-08-31 09:02:55	596116	596116	2384464	536870912	20000000	100000000000000000000000000000	32308506f6505664e580f21c1a68efec8bfc3da641c5aec1979edcbd36aa6d93	2667587155	402979592	220755908330.37	00000000000000000000000000000000000000000024e9641819bfec6f6ea518	0380860600040ea5c657043edd2c1608c450a782027507000a425720537570706f727420384d200a666973686572206a696e78696e092f425720506f6f6c2f	899	0	2004	7202	345998875023	1996067.625	347248875023	2003278.875	26780425	154.4963	44942.3	0.2593	11235.6	0.0648	3671.0265375387	1250000000	7211.2505	1276780425	7365.7466	BW.COM
427649	000000000000000001e5e3da90149d0cbd9b1c068281c42808067acddec5ecbe	2016-08-31 09:42:50	2016-08-31 09:03:06	999966	999966	3999864	536870912	20000000	100000000000000000000000000000	fec8564a36ee6ee38299642746c524feea790e6aa3fdfb6aa13fa6f1e2cbf0cc	1317177958	402979592	220755908330.37	00000000000000000000000000000000000000000024e9977e60fd1e0beef7d0	0381860637e4b883e5bda9e7a59ee4bb99e9b1bc79984af8a22755e7cbda31d7cfec74b491710a672e5f5e6c35d1bd07d08b865202000000f09f909f0e4d696e6564206279207a7931323300000000000000000000000000000000000000000000000000	1366	0	2524	16190	778993642051	4494014.5	780243642051	4501226	46395452	267.6554	46409.5	0.2677	11602.4	0.0669	5834.6327243868	1250000000	7211.2505	1296395452	7478.9058	F2Pool
427650	0000000000000000026ca1148bf3b655730e77c78ba22f9410ff855770e9da3e	2016-08-31 09:47:21	2016-08-31 09:16:56	999937	999937	3999748	536870912	20000000	100000000000000000000000000000	885d1b5bcd494168849d9571a3645c92d3eabddee471a8570ff3eddd855e1d7f	1584724786	402979592	220755908330.37	00000000000000000000000000000000000000000024e9cae4a83a4fa86f4a88	0382860637e4b883e5bda9e7a59ee4bb99e9b1bc9bcb5a1fafd5c6320ee1953e4e1fab0bae6cf93b2cd9f40f1cb66432e37927ef02000000f09f909f134d696e65642062792071756d656e67313938340000000000000000000000000000000000000000	1086	0	4822	2434	910408793998	5252148.5	911658793998	5259360	29926753	172.6474	29936.7	0.1727	7484.17	0.0432	27360.19320821	1250000000	7211.2505	1279926753	7383.8979	F2Pool
427651	0000000000000000021848a565e4b7bc0d851f9ff3f9388232d4715649e506ea	2016-08-31 09:48:29	2016-08-31 09:17:57	998107	998107	3992428	536870912	20000000	100000000000000000000000000000	86147237852a9872ba2634cec5bf02faac5325634c002f8647f6e9c31988c418	290299052	402979592	220755908330.37	00000000000000000000000000000000000000000024e9fe4aef778144ef9d40	03838606fbb13699097edbadb850ea0303fdfce1eb28eff8217f0a618c012be56fa415d4cd0d5361a80100000000000000476b11aa0ff00d0493a60a02002f425443432f0000000000000000000000000000000000000000000000000000000000000000	455	0	3238	5432	212998175658	1228786.5	214248175658	1235997.75	15569587	89.821	15603.3	0.09	3900.83	0.0225	220.18531920624	1250000000	7211.2505	1265569587	7301.0713	BTCC Pool
427652	000000000000000001e722d1241a583917508ace46f81736e66bd77e679d3b9e	2016-08-31 10:39:21	2016-08-31 09:32:36	998085	998085	3992340	536870912	20000000	100000000000000000000000000000	856ad697a80412c5897dea6e28ad4e35a95cc0b91b5c7fb2a58804c5e210c047	1371319592	402979592	220755908330.37	00000000000000000000000000000000000000000024ea31b136b4b2e16feff8	03848606fabe6d6d095d05b113503b97e7d09e6592c857576e9f7a78fc17716ea2dffcdc33d26d8a01000000000000002f48616f4254432fe5a4a7e5aeb6e5ba94e8afa5e4ba92e79bb8e5beaee7ac912f0612696421880f3ff9540000	2708	0	4453	5906	4253377171781	24537734	4254627171781	24544946	97688454	563.5647	97901.5	0.5648	24475.4	0.1412	8400.255635162	1250000000	7211.2505	1347688454	7774.8149	Bixin
427653	000000000000000004abab7cda6bd62cdbfd22ee46355063946ec3f9d3a8006c	2016-08-31 10:59:03	2016-08-31 09:36:14	998226	998226	3992904	536870912	20000000	100000000000000000000000000000	52f9eebabbd0540e7c1236658745af87bcd70ec0c77ef5fdc0cc9295a490d07f	1991907219	402979592	220755908330.37	00000000000000000000000000000000000000000024ea65177df1e47df042b0	03858606000466b8c657049272d2220cddeea857d619a95700040bca0a636b706f6f6c182f426974436c7562204e6574776f726b2f5345475749542f	2859	0	4649	5840	3378796872069	19492280	3380046872069	19499492	77559235	447.4392	77714.8	0.4483	19428.7	0.1121	7778.8718676441	1250000000	7211.2505	1327559235	7658.6895	BitClub Network
427654	0000000000000000049fd6edda26a11f796038d1c137c13311be215b6bd13d2c	2016-08-31 11:05:31	2016-08-31 09:42:50	998149	998149	3992596	536870912	20000000	100000000000000000000000000000	e1923dd3a43724c90b81350339e87c132aa6740da12f2538241f7ea2af5a73d2	3794899848	402979592	220755908330.37	00000000000000000000000000000000000000000024ea987dc52f161a709568	0386860651a4ca3e0963ac62c60d6a729b123db1be375e4d346dcbd4afee56b8a125989835b8061ac20100000000000000773c29130e7810a2fe82b20d002f425443432f0000000000000000000000000000000000000000000000000000000000000000	2443	0	5031	5091	1484098425860	8561764	1485348425860	8568975	60885898	351.2508	61015.2	0.352	15253.8	0.088	40865.969321206	1250000000	7211.2505	1310885898	7562.501	BTCC Pool
427655	000000000000000002ceeff4dc9bd5118f0cb5a330dbced51ac8bcdfc72b1f6c	2016-08-31 11:08:55	2016-08-31 09:47:21	997988	997988	3991952	536870912	20000000	100000000000000000000000000000	4adc6ea9d845846edf6e2befa7887933db83d58fd717c6fdbc8a3104224ca557	1476203916	402979592	220755908330.37	00000000000000000000000000000000000000000024eacbe40c6c47b6f0e820	038786061e4d696e656420627920416e74506f6f6c20626a38203050a0fa2057c6bac7c00c000060820600	1963	0	3887	7698	1703695484182	9828620	1704945484182	9835831	47316973	272.9716	47422.4	0.2736	11855.6	0.0684	13995.874446667	1250000000	7211.2505	1297316973	7484.2222	AntPool
427656	000000000000000001d29d9beb854fd35c9a637e821b92e8dec8fee2965218cc	2016-08-31 11:10:05	2016-08-31 09:48:29	998175	998175	3992700	536870912	20000000	100000000000000000000000000000	6cec66b3749363a57110dd90b0a5ed1859ef2b1989166f6af3553af466affd8b	1238586510	402979592	220755908330.37	00000000000000000000000000000000000000000024eaff4a53a97953713ad8	03888606490771ec09c9376dc3f088f2388dee596d67629e18c86d44973c959ed2b46a981123e59445010000000000000083dcfd790e9810a391c7e501002f425443432f0000000000000000000000000000000000000000000000000000000000000000	1255	0	4482	3452	1056649924034	6095813.5	1057899924034	6103025	31811534	183.5208	31878.3	0.1839	7969.56	0.046	424339.63077512	1250000000	7211.2505	1281811534	7394.771	BTCC Pool
427657	000000000000000000be999e92cabdae53e175cea9dc0fb0a85ba4faed036295	2016-08-31 11:21:28	2016-08-31 10:39:21	998234	998234	3992936	536870912	20000000	100000000000000000000000000000	7afcdfe0c54ede862f81a28b17ba386d4c4c10aeb2b227d506c3facb1e792353	629163113	402979592	220755908330.37	00000000000000000000000000000000000000000024eb32b09ae6aaeff18d90	03898606192f5669614254432f5765204c6f766520426974636f696e212f2cfabe6d6d7c686584acf52d399ab3b3e1fd6a7872ccfb06ea15db7854ea0bc544f143cdad0100000000000000127700cd0fa104df28c93c39189a4880260100	2314	0	4714	5093	2234079394555	12888405	2235329394555	12895616	59410651	342.7401	59531.4	0.3434	14882.8	0.0859	37085.985866712	1250000000	7211.2505	1309410651	7553.9902	ViaBTC
427658	00000000000000000432e2ea0eb8861ea5a78a5772d51d7f459d03b057eab82e	2016-08-31 11:22:47	2016-08-31 10:59:03	677715	677715	2710860	536870912	20000000	100000000000000000000000000000	fd9e0f8cc185bd5d3d1103a4b7c7051459f3be6f21e0f518656da89085489103	1891040949	402979592	220755908330.37	00000000000000000000000000000000000000000024eb6616e223dc8c71e048	038a86061e4d696e656420627920416e74506f6f6c20626a3720326e6a542057c6be07d4170000b8a20200	761	0	3478	1939	279760114080	1613936.125	281010114080	1621147.375	12599484	72.6864	18596.9	0.1073	4649.23	0.0268	5872.2944381453	1250000000	7211.2505	1262599484	7283.9365	AntPool
427659	000000000000000003f000325f3942e8bbe907f068ac35cd277b0102467a253f	2016-08-31 11:57:40	2016-08-31 11:05:31	998041	998041	3992164	536870912	20000000	100000000000000000000000000000	2c09707abe3cb0dd04f19dbf4193ff24c27f985838c71f3b74a1dac11002b667	1750783482	402979592	220755908330.37	00000000000000000000000000000000000000000024eb997d29610e28f23300	038b8606042bc6c6570807ffadaf0006024f102f426974467572792f4249503130302f	2215	0	4980	4872	3217815307002	18563578	3219065307002	18570788	94941657	547.7184	95147.4	0.5489	23786.8	0.1372	7526.1399162598	1250000000	7211.2505	1344941657	7758.9688	BitFury
427660	00000000000000000083de405910b219148f5de421db7da16f11c37110f23eab	2016-08-31 12:02:08	2016-08-31 11:08:55	999895	999895	3999580	536870912	20000000	100000000000000000000000000000	62f6cf5253b0ac7edf351517ee217352fa9f640ff4d316c40264710d685159cf	269177621	402979592	220755908330.37	00000000000000000000000000000000000000000024ebcce3709e3fc57285b8	038c860637e4b883e5bda9e7a59ee4bb99e9b1bc782fbea9c94712be41bf404e09c6ddaef5081e4f954c2fd45b0ba7b1c4e74db902000000f09f909f134d696e6564206279207869616f6775696875610000000000000000000000000000000000000000	2522	0	5157	4984	1187645986655	6851530	1188895986655	6858741	60287573	347.799	60310.1	0.3479	15077.5	0.087	25168.648243565	1250000000	7211.2505	1310287573	7559.0493	F2Pool
427661	0000000000000000006f87973743327f001c1b43d521c8e84e2b3059076c7328	2016-08-31 12:28:02	2016-08-31 11:10:05	998111	998111	3992444	536870912	20000000	100000000000000000000000000000	8850c4f03e096f64027b4b0cfb16021322c73d7c6113a8acb4e757efe5de0ed6	2945068400	402979592	220755908330.37	00000000000000000000000000000000000000000024ec0049b7db7161f2d870	038d8606000449cdc65704c42c952e0cc03cc757f7a5b95700040ad10a636b706f6f6c182f426974436c7562204e6574776f726b2f5345475749542f	2572	0	4784	5437	2479086235559	14301849	2480336235559	14309060	81531289	470.354	81704.3	0.4714	20426.1	0.1178	11457.016525036	1250000000	7211.2505	1331531289	7681.6045	BitClub Network
427662	00000000000000000239f31a5a092e8aa3bf9a7cec47d063119a76e5d167dbcf	2016-08-31 12:30:20	2016-08-31 11:21:28	998141	998141	3992564	536870912	20000000	100000000000000000000000000000	b630888e560779acaed1d866d497ec85f020094db3f2d87f55df35fe84406c7e	3567714272	402979592	220755908330.37	00000000000000000000000000000000000000000024ec33afff18a2fe732b28	038e86061f4d696e656420627920416e74506f6f6c20626a3135202acab9602057c6cddc990300003b0f0100	2399	0	4269	5329	1360800584820	7850459	1362050584820	7857670	49621126	286.2643	49724.1	0.2869	12431	0.0717	361658.72286668	1250000000	7211.2505	1299621126	7497.5146	AntPool
427663	000000000000000000413335234b7ac70ed145a96f487fbdbbecc3bc182864a3	2016-08-31 12:33:25	2016-08-31 11:22:47	998153	998153	3992612	536870912	20000000	100000000000000000000000000000	e79189215f678af5750da6d11275ae63af946e9a547c4bf964399fe518f30aa9	3410969869	402979592	220755908330.37	00000000000000000000000000000000000000000024ec67164655d49af37de0	038f86061e4d696e656420627920416e74506f6f6c20626a3620197da2cb2057c6ce952a010000f6be0600	1683	0	4112	4097	775371308620	4473117.5	776621308620	4480328.5	41531352	239.5944	41617	0.2401	10404.2	0.06	161150.53758656	1250000000	7211.2505	1291531352	7450.8447	AntPool
427664	00000000000000000096c09f52da45abb0c5eded58fbef8ba81b37987f940415	2016-08-31 13:03:29	2016-08-31 11:57:40	998157	998157	3992628	536870912	20000000	100000000000000000000000000000	62b7362509895654ec2694299efa8070e6c6f6294a2fff443796ed442b6cbbef	2843811060	402979592	220755908330.37	00000000000000000000000000000000000000000024ec9a7c8d93063773d098	039086061f4d696e656420627920416e74506f6f6c207573613220109727f32057c6d5a1581900008a3f1200	2662	0	4265	5884	4282713284491	24706974	4283963284491	24714186	85108329	490.99	85283.6	0.492	21320.9	0.123	125311.44287912	1250000000	7211.2505	1335108329	7702.2402	AntPool
427665	0000000000000000014f041e54ae72da9cb96ab16d3b81b6f5f11e2f56908b62	2016-08-31 13:05:02	2016-08-31 12:02:08	998229	998229	3992916	536870912	20000000	100000000000000000000000000000	80cb859b590892e1c3a8b301bdcce90a63460da993f13a26c3e9e73337e3a46b	3290298327	402979592	220755908330.37	00000000000000000000000000000000000000000024eccde2d4d037d3f42350	03918606192f5669614254432f5765204c6f766520426974636f696e212f2cfabe6d6d3e03afafc34f5accf3c895d5d0d1729c3c33c13fc04752e038a4c66917a1d8c80100000000000000106200660043ea43ec73478480e56c0100	2370	0	4520	5101	1501405858092	8661611	1502655858092	8668822	50698890	292.4819	50802.1	0.2931	12700.5	0.0733	21422.32161852	1250000000	7211.2505	1300698890	7503.7324	ViaBTC
427666	00000000000000000026852aa59f37277eadb76756898f17c4b1866bca039c72	2016-08-31 13:06:20	2016-08-31 12:28:02	998033	998033	3992132	536870912	20000000	100000000000000000000000000000	af66aee1d9c5da61c1981ddb397793e88de44b81434e8bbd4afce7a3eba584c2	1707861788	402979592	220755908330.37	00000000000000000000000000000000000000000024ed01491c0d6970747608	039286061f4d696e656420627920416e74506f6f6c20626a313120000f16602057c6d64c761f000073af0000	756	0	5329	1883	241090592687	1390851.75	242340592687	1398063	27953266	161.2624	28014.3	0.1616	7003.58	0.0404	1416.1947420427	1250000000	7211.2505	1277953266	7372.5127	AntPool
427667	0000000000000000039d2970734810297aba829739d79504386dfa6347cdce24	2016-08-31 13:09:21	2016-08-31 12:30:20	494670	494670	1978680	536870912	20000000	100000000000000000000000000000	660d58c7ba908235e944651c0eb20780854ef2b66a471d3f49572e9172ecc583	2138023808	402979592	220755908330.37	00000000000000000000000000000000000000000024ed34af634a9b0cf4c8c0	039386060004fdd6c65704ddb1320008e8e784c0902500ac0a425720537570706f727420384d200a666973686572206a696e78696e092f425720506f6f6c2f	609	0	2582	1274	555863499663	3206776.75	557113499663	3213988	26821887	154.7355	54247.1	0.313	13561.8	0.0782	15044.384924585	1250000000	7211.2505	1276821887	7365.9858	BW.COM
427668	000000000000000004e5228a0c5ee3a9b7721eae7fe51379a134505b3fd3bc48	2016-08-31 13:13:40	2016-08-31 12:33:25	933967	933967	3735868	536870912	20000000	100000000000000000000000000000	3aae82b0c355fd62043ccbea09043c4208d81a72eb4a8f244739fc4e475a953d	192750114	402979592	220755908330.37	00000000000000000000000000000000000000000024ed6815aa87cca9751b78	0394860637e4b883e5bda9e7a59ee4bb99e9b1bce369504ed77c4c57e4982c97502e4dbb9a901ee507f9c59b29e3704b15cb061c02000000f09f909f154d696e656420627920787932313534313239373337000000000000000000000000000000000000	1562	0	4716	3251	598339640202	3451821.5	599589640202	3459032.75	39075071	225.4241	41849.8	0.2414	10462.4	0.0604	120922.77758503	1250000000	7211.2505	1289075071	7436.6743	F2Pool
427669	00000000000000000213d62d9bafb3d3caa9a1590a9392db436c6b2674f10bda	2016-08-31 13:18:01	2016-08-31 13:03:29	998200	998200	3992800	536870912	20000000	100000000000000000000000000000	acfca17baeed8d4e458ed6541e9420edaeb1b4de826209a7f1d8af06d0eb7582	4130861878	402979592	220755908330.37	00000000000000000000000000000000000000000024ed9b7bf1c4fe45f56e30	0395860604ffd8c657085000356663010383102f426974467572792f5345475749542f	1047	0	4446	2360	655152029814	3779572.25	656402029814	3786783.5	24547729	141.6159	24597	0.1419	6149.25	0.0355	11552.907453066	1250000000	7211.2505	1274547729	7352.8662	BitFury
427670	000000000000000003e585dd1a076eff5a2ac6bd30ab7f7544fc1563e6cfab3c	2016-08-31 13:22:02	2016-08-31 13:05:02	945518	945518	3782072	536870912	20000000	100000000000000000000000000000	9614ceba2d4d7d2b0b7accc51350970e7ad4f7f98e02b758e51571cace7e612c	1235382600	402979592	220755908330.37	00000000000000000000000000000000000000000024edcee239022fe275c0e8	0396860604dcd9c657082800918200145868102f426974467572792f5345475749542f	763	0	4680	1613	258771245825	1492851.375	260021245825	1500062.625	19941832	115.0444	21095.4	0.1217	5273.86	0.0304	1650.6872999243	1250000000	7211.2505	1269941832	7326.2949	BitFury
427671	000000000000000001de8c2a4ab2f402c1d58f69cdf5bcd2039d58ccde4f235b	2016-08-31 13:38:52	2016-08-31 13:06:20	998141	998141	3992564	536870912	20000000	100000000000000000000000000000	8321f5271d56825253c2af71d7df0753d3a9f67821840f3c838457d931ea49a3	2219091649	402979592	220755908330.37	00000000000000000000000000000000000000000024ee0248803f617ef613a0	03978606192f5669614254432f5765204c6f766520426974636f696e212f2cfabe6d6d437c29928a6697cbbbc871a974290b5eb7d90167821fa092a5b3fece2e3b79c80100000000000000109a00c900ef58e2b23c6932fdad010200	2689	0	4443	5703	2681967285332	15472270	2683217285332	15479481	68158600	393.207	68303.3	0.394	17075.8	0.0985	9551.7890614955	1250000000	7211.2505	1318158600	7604.4575	ViaBTC
427672	000000000000000003496d3134a5ea63eeea9c8416ab41e535dc56e9e5adf81c	2016-08-31 13:49:34	2016-08-31 13:09:21	999971	999971	3999884	536870912	20000000	100000000000000000000000000000	1df1efb9c892fc549cd4f03f3218422a3c080cc750be1370dac56e18ca3fe117	3271319841	402979592	220755908330.37	00000000000000000000000000000000000000000024ee35aec77c931b766658	0398860637e4b883e5bda9e7a59ee4bb99e9b1bc748c0c38664cf12a64600d34233730084332989307898aaafac314f2d0ae642702000000f09f909f104d696e6564206279207a7868313233340000000000000000000000000000000000000000000000	2257	0	4409	5184	1143488571143	6596786	1144738571143	6603997	55421669	319.7276	55438.1	0.3198	13859.5	0.08	82412.862996606	1250000000	7211.2505	1305421669	7530.978	F2Pool
427673	0000000000000000015efbe7d72838e35fff528fccc77a14c74f4dffb9e734a1	2016-08-31 14:09:14	2016-08-31 13:13:40	988124	988124	3952496	536870912	20000000	100000000000000000000000000000	12ff6e285639bb0e626563b3dc92a50b838d2b4bcdf56b873a1ade8e87c39230	584529310	402979592	220755908330.37	00000000000000000000000000000000000000000024ee69150eb9c4b7f6b910	0399860600040ae5c65704074a99160c663bcb581bf82a00000000000a636b706f6f6c0d2f4b616e6f202f4245424f502f	2732	0	4584	5701	2067676079456	11928424	2068926079456	11935635	74823508	431.6568	75742	0.437	18935.5	0.1092	47330.442182696	1250000000	7211.2505	1324823508	7642.9072	KanoPool
427674	0000000000000000017e28fcbba34bf21cf7d980abc13f15eac2351ea85176b8	2016-08-31 14:25:26	2016-08-31 13:18:01	987934	987934	3951736	536870912	20000000	100000000000000000000000000000	1e36e568433f8e751284597f0ea02ffcfcec21b38422551b2a15c4f6a50f8d15	1190695196	402979592	220755908330.37	00000000000000000000000000000000000000000024ee9c7b55f6f654770bc8	039a86060004d6e8c65704a2b139170c7928c7581e442000000000000a636b706f6f6c0d2f4b616e6f202f4245424f502f	2901	0	4488	6391	4191925504594	24183220	4193175504594	24190430	70616678	407.3876	71497.3	0.4125	17874.3	0.1031	58176.842111764	1250000000	7211.2505	1320616678	7618.6377	KanoPool
427675	000000000000000001ab75b26abdc5c8db8eb3100d6ccf60b5caa2bde86b6366	2016-08-31 14:29:55	2016-08-31 13:22:02	998156	998156	3992624	536870912	20000000	100000000000000000000000000000	82200d308956ff1e2ac61de7c88e0970910a4f3ce3f6fe73215e56aa9719ea61	2541163592	402979592	220755908330.37	00000000000000000000000000000000000000000024eecfe19d3427f0f75e80	039b860604dce9c657082800a83a000e4450102f426974467572792f5345475749542f	1856	0	4342	4287	706120966754	4073612	707370966754	4080823.25	41573906	239.8399	41659.2	0.2403	10414.8	0.0601	4563.3755572313	1250000000	7211.2505	1291573906	7451.0903	BitFury
427676	0000000000000000049986a5cb113d806ec69d7fb1d55f33ec9670bdd82aac0b	2016-08-31 14:40:36	2016-08-31 13:38:52	998231	998231	3992924	536870912	20000000	100000000000000000000000000000	2c5fe14e0d5b4a5fe2a6b5400b9bce45bbb0b7f896040f6acb9a4123f04f53a7	806024376	402979592	220755908330.37	00000000000000000000000000000000000000000024ef0347e471598d77b138	039c8606192f5669614254432f5765204c6f766520426974636f696e212f2cfabe6d6d2f00bfa76f1e3be8fb77e6193cd00463de7b8a0f790e7a3a170a53b8c7fb593c010000000000000012f5007cff80e7998e1d0cc6cf35ee8a8b0100	2143	0	4763	4993	2561701105112	14778454	2562951105112	14785666	56217766	324.3203	56332.2	0.325	14083	0.0812	433749.43978136	1250000000	7211.2505	1306217766	7535.5708	ViaBTC
427677	00000000000000000204f0e1ae7730bbf4d0411a3bfab355b131d0ff29f30cf1	2016-08-31 14:42:10	2016-08-31 13:49:34	687265	687265	2749060	536870912	20000000	100000000000000000000000000000	1b9a60fdaf6c7c5d0c01bdda97a53361e5167de524b93fc8faefe2e00a38824e	3365995914	402979592	220755908330.37	00000000000000000000000000000000000000000024ef36ae2bae8b29f803f0	039d860604acecc6570810000c5f00014202102f426974467572792f5345475749542f	436	0	4271	1038	278915160592	1609061.625	280165160592	1616272.875	9121671	52.6229	13276.3	0.0766	3319.09	0.0191	3621.1230692051	1250000000	7211.2505	1259121671	7263.873	BitFury
427678	000000000000000002b948ab2ed5abb38207ad09ff7843e8d11d7b77a7b40181	2016-08-31 14:50:15	2016-08-31 14:09:14	998100	998100	3992400	536870912	20000000	100000000000000000000000000000	9a462476205122814b066ae9a79ca5c691bd01c05efde2ddceb237972444e7b1	2031048502	402979592	220755908330.37	00000000000000000000000000000000000000000024ef6a1472ebbcc67856a8	039e8606fabe6d6dbf1cca77f80ab0b8ce09e56c10d87756b622846505d7bd81e8ed17b442f04e6501000000000000002f48616f4254432fe69082e69082e68ab1e68ab1e8bf99e6a0b7e5b0b1e5a5bd2f061268326d6186b20ff4ccd0	1818	0	5201	3924	2159887875832	12460394	2161137875832	12467605	58007817	334.6471	58133.4	0.3354	14533.4	0.0838	707746.76288873	1250000000	7211.2505	1308007817	7545.8975	Bixin
427679	000000000000000001ec3e1fff8ada0d5a7b5df688a2361a5a326358f491576f	2016-08-31 15:10:05	2016-08-31 14:25:26	998215	998215	3992860	536870912	20000000	100000000000000000000000000000	ed1251af1848c3ffcedaa666eb3c3bbbe1a9a1a2ebc5b4cf51d18e0df512d5ab	586894858	402979592	220755908330.37	00000000000000000000000000000000000000000024ef9d7aba28ee62f8a960	039f860600044bf3c65704e799f91a08d97a4af59313005c0a425720537570706f727420384d200a666973686572206a696e78696e092f425720506f6f6c2f	2657	0	4725	5533	2462046563948	14203547	2463296563948	14210758	76391543	440.7028	76545.9	0.4416	19136.5	0.1104	31237.727738791	1250000000	7211.2505	1326391543	7651.9531	BW.COM
427680	000000000000000002676503ee9e42e494808e57e4d88fda284f3014407604c9	2016-08-31 15:17:42	2016-08-31 14:29:55	998099	998099	3992396	536870912	20000000	100000000000000000000000000000	da88470fcf88f66f84f42bf8ad5de9d83532f7e49cc3e76e9454ad130e7ad928	1344804434	402979592	220755908330.37	00000000000000000000000000000000000000000024efd0e101661fff78fc18	03a0860651a93945090f91e1177fab8ff0fd904cbfe794e0d28788bad07b80d2e952b23ec7bc61a76301000000000000004a22597a1038109be7b27455d72f425443432f0000000000000000000000000000000000000000000000000000000000000000	2301	0	4392	5203	2254943258227	13008768	2256193258227	13015979	58421877	337.0358	58548.9	0.3378	14637.2	0.0844	76841.257131722	1250000000	7211.2505	1308421877	7548.2861	BTCC Pool
427681	0000000000000000012f7664f22ca7af2a0f82f50816dd2c827f02a50cac4ebe	2016-08-31 15:25:52	2016-08-31 14:40:36	969750	969750	3879000	536870912	20000000	100000000000000000000000000000	4d80246e4de9ec3dab65d062b912eb81bb9518f92a4f2622687511ce0f7d47f2	4097316948	402979592	220755908330.37	00000000000000000000000000000000000000000024f0044748a3519bf94ed0	03a186060004fbf6c657040cf02c2808ebf85be3dbccaa560a425720537570706f727420384d200a666973686572206a696e78696e092f425720506f6f6c2f	2018	0	4284	4366	1941544225689	11200769	1942794225689	11207980	53081236	306.2257	54750.1	0.3159	13687.5	0.079	370323.02489685	1250000000	7211.2505	1303081236	7517.4761	BW.COM
427682	0000000000000000001a411c7095aac572bdcb7ba80ef460b5cde3aaa0ebd7e5	2016-08-31 15:39:15	2016-08-31 14:42:10	998173	998173	3992692	536870912	20000000	100000000000000000000000000000	7a160a46613cdc6c8022589a20dbb170e3149992cd2c31d16fbed35c35ab7d35	3940370763	402979592	220755908330.37	00000000000000000000000000000000000000000024f037ad8fe0833879a188	03a28606000424fac6570470cd4006085352a0189b871b000a425720537570706f727420384d200a666973686572206a696e78696e092f425720506f6f6c2f	2591	0	4316	5568	1832752567931	10573150	1834002567931	10580361	66089724	381.2716	66226	0.3821	16556.5	0.0955	8477.0762854032	1250000000	7211.2505	1316089724	7592.522	BW.COM
427683	00000000000000000080be76935eb69d1cb0ec78883877975ac8509d3a974132	2016-08-31 16:01:44	2016-08-31 14:50:15	934421	934421	3737684	805306368	30000000	110000000000000000000000000000	ea48478ede5d12ba6dcc445e97856de031a0360bd7f1c6c2e9d467ac185b3999	2141828776	402979592	220755908330.37	00000000000000000000000000000000000000000024f06b13d71db4d4f9f440	03a38606194b6e434d696e657242332d5031f88741e0ccd217c457c6ff1cdf040000c8f75a03	2731	0	4407	5785	2578653691712	14876254	2579903691712	14883465	76869734	443.4615	82282.7	0.4747	20570.7	0.1187	98249.1411412	1250000000	7211.2505	1326869734	7654.7119	KnCMiner
427684	000000000000000004b9e604801d98267830554ffcd0244e9157308b51e1cd48	2016-08-31 16:04:16	2016-08-31 15:10:05	998206	998206	3992824	536870912	20000000	100000000000000000000000000000	2ebd3eb6e344d5ad5676023d39109ec7bcba8a2427eb2c8f4dd4521770eda045	1357923094	402979592	220755908330.37	00000000000000000000000000000000000000000024f09e7a1e5ae6717a46f8	03a4860649277aaf0918349acecbc91fec55e1e534f9c8192712dacd065545ff095a5ba03d025a78e20100000000000000fb0dce9b10280e6f9e15e406002f425443432f0000000000000000000000000000000000000000000000000000000000000000	2171	0	4243	6366	2004901211953	11566276	2006151211953	11573487	49245949	284.0999	49347.7	0.2847	12336.9	0.0712	60670.874237611	1250000000	7211.2505	1299245949	7495.3501	BTCC Pool
427685	000000000000000000bc99bf542059ebcd1c5b68b2e4c748dcb6335fe0838b4f	2016-08-31 16:07:05	2016-08-31 15:17:42	495347	495347	1981388	536870912	20000000	100000000000000000000000000000	0b3f8e93497a7670fff482e47a75b2eb8d193555f06e27ba0fd36c64db7be76e	1560997776	402979592	220755908330.37	00000000000000000000000000000000000000000024f0d1e06598180dfa99b0	03a586060004a500c75704213abb140893d24e5f55c0aaae0a425720537570706f727420384d200a666973686572206a696e78696e092f425720506f6f6c2f	743	0	2091	2027	650721965414	3754015.25	651971965414	3761226.5	24601605	141.9267	49688.6	0.2867	12422.1	0.0717	2319.7823429838	1250000000	7211.2505	1274601605	7353.1768	BW.COM
427686	000000000000000001fa3c7427a707d441577a0e627284d641021892d576fdce	2016-08-31 16:13:44	2016-08-31 15:25:52	998141	998141	3992564	536870912	20000000	100000000000000000000000000000	2eb4d66c7241e9c9548542e0766bf70f1fbb1e353548aca1b90e2ee8439bee36	3631327573	402979592	220755908330.37	00000000000000000000000000000000000000000024f10546acd549aa7aec68	03a686061f4d696e656420627920416e74506f6f6c207573613220109727f32057c7023854190000d14b0d00	1869	0	4688	5235	1131658409754	6528537.5	1132908409754	6535749	51018252	294.3243	51124.1	0.2949	12781	0.0737	33820.725627466	1250000000	7211.2505	1301018252	7505.5747	AntPool
427687	0000000000000000038f677c908e582c9205275295db721787f779c38e445108	2016-08-31 16:14:58	2016-08-31 15:39:15	998109	998109	3992436	536870912	20000000	100000000000000000000000000000	16cd679d6eeec5f2b1828954ab2b90ca3d7ea1b5dbd31624d1e79ccda13d8907	2586924753	402979592	220755908330.37	00000000000000000000000000000000000000000024f138acf4127b46fb3f20	03a78606047e02c7570848002e770004011d102f426974467572792f4249503130302f	385	0	3545	804	426928957722	2462953.25	428178957722	2470164.5	16653832	96.076	16688.8	0.0963	4172.19	0.0241	1786.5357662558	1250000000	7211.2505	1266653832	7307.3262	BitFury
427688	000000000000000000f8e76fa5f227d0bb225f0d8f1252698ee63e1b306aa058	2016-08-31 16:21:10	2016-08-31 16:01:44	988068	988068	3952272	536870912	20000000	100000000000000000000000000000	0d8f043d7311d45986d54f28e222c84d8523a0126073304ea5a39074277dabed	1191411330	402979592	220755908330.37	00000000000000000000000000000000000000000024f16c133b4face37b91d8	03a886060004f503c7570453af0d100cb9bdd05829adaa56000000000a636b706f6f6c0d2f4b616e6f202f4245424f502f	1354	0	4134	2806	1181610508946	6816711.5	1182860508946	6823922.5	38673654	223.1083	39150.6	0.2259	9787.66	0.0565	18551.764419414	1250000000	7211.2505	1288673654	7434.3584	KanoPool
427689	000000000000000003c19b87b85973f8a674affe51216a3fcb619fb5a98a54f3	2016-08-31 16:32:16	2016-08-31 16:04:16	964791	964791	3859164	536870912	20000000	100000000000000000000000000000	5435d36fc9606738cb1a46f823a286be43c1febb22be8b58ec836e538f211148	2946852911	402979592	220755908330.37	00000000000000000000000000000000000000000024f19f79828cde7ffbe490	03a986061f4d696e656420627920416e74506f6f6c20626a31322036b811312057c706909f05000008000000265a1300	2220	0	4245	4725	6418912117944	37030704	6420162117944	37037916	55671537	321.1691	57716.1	0.333	14429	0.0832	4733349.0555279	1250000000	7211.2505	1305671537	7532.4194	AntPool
427690	000000000000000001a85a268ed5a87e083766156b11f9772509c29f096edef9	2016-08-31 16:33:56	2016-08-31 16:07:05	178727	178727	714908	536870912	20000000	100000000000000000000000000000	5c58900740b081ac3456b8458be01a6df19b99675f35ddc5b3deb4d02c1f645d	2548310472	402979592	220755908330.37	00000000000000000000000000000000000000000024f1d2dfc9ca101c7c3748	03aa8606192f5669614254432f5765204c6f766520426974636f696e212f2cfabe6d6dec1458ad2d5628966d0bb461dce2dfaabca6cf498db1acd3ffd4d5ad05d2582c010000000000000012a701d34c9610001d098c08d09c19a0d10000	368	0	924	763	500295426515	2886204.5	501545426515	2893415.75	10588485	61.085	59330.9	0.3423	14832.7	0.0856	741.84839416033	1250000000	7211.2505	1260588485	7272.3354	ViaBTC
427691	0000000000000000003da67da2c1baf1526f60c4d4d81c15487326f3dd393573	2016-08-31 16:41:17	2016-08-31 16:13:44	594457	594457	2377828	805306368	30000000	110000000000000000000000000000	3dc4d2cb8b5277e90a3bb714b106e559a89ca5eed0ff0a3384a9cec3e83da041	1967660123	402979592	220755908330.37	00000000000000000000000000000000000000000024f20646110741b8fc8a00	03ab8606fabe6d6d1d7beabce38eb0dc070e8a32a0798dc326485878f343b32797d10ff82ec66048010000000000000001650500b353aa277101000d69232f4d47312e302f454231362e302f4144342f4256382e302f736c7573682f	1322	0	2776	2894	870121965872	5019734	871371965872	5026945	35366096	204.027	59519.1	0.3434	14879.8	0.0858	6204.7716607414	1250000000	7211.2505	1285366096	7415.2773	SlushPool
427692	00000000000000000439929bbfa5fa7c28c862a217d0c681087f942b35c8ece1	2016-08-31 16:50:50	2016-08-31 16:14:58	711576	711576	2846304	536870912	20000000	100000000000000000000000000000	1babbb96194b451972975987eac7cf1cca98c6dc76cd7e6d1e6c4463ba6b8508	758965117	402979592	220755908330.37	00000000000000000000000000000000000000000024f239ac584473557cdcb8	03ac8606192f5669614254432f5765204c6f766520426974636f696e212f2cfabe6d6de054fb2b20446cf483853d64e82403157ff4b5cf43f2b1ddb100c82a6438ac44010000000000000010c3012f0111d456bc18c0ca05acbf1300	1741	0	3247	3911	1367829910730	7891011	1369079910730	7898222.5	44584402	257.2074	62678.8	0.3616	15669.7	0.0904	11311.600451661	1250000000	7211.2505	1294584402	7468.4575	ViaBTC
427693	000000000000000001968c4d00d86f565298e9478497157e10bfb641ad63b8f2	2016-08-31 17:03:02	2016-08-31 16:21:10	759862	759862	3039448	536870912	20000000	100000000000000000000000000000	dc8ee53df3c7d934b1592ada70feb61183b2d0669608f53e5fac4a9df179345a	2747664519	402979592	220755908330.37	00000000000000000000000000000000000000000024f26d129f81a4f1fd2f70	03ad8606fabe6d6d9c0ee126ecc993fdb43ab5729b95b1470d1d4b319c41f3b8854e2d138ea074d5010000000000000021650f000d3a9b04f0e1e5e3b9162f736c7573682f	1978	0	3571	4047	2149928079272	12402936	2151178079272	12410147	50029853	288.6222	65861.2	0.38	16465.3	0.095	21021.328028165	1250000000	7211.2505	1300029853	7499.8726	SlushPool
427694	0000000000000000022828efa846fb63ec5d5f9d52774a9814147f5737865961	2016-08-31 17:09:39	2016-08-31 16:32:16	986559	986559	3946236	536870912	20000000	100000000000000000000000000000	0c8c32def1ab177473328159a1ccb30e56424ef3f3a0e6b2af032d5dcc828866	2791879605	402979592	220755908330.37	00000000000000000000000000000000000000000024f2a078e6bed68e7d8228	03ae8606ab35ca6509b2096ef6b6314419a964ceb2657f726f517034f60716091542be59d77bdb02420100000000000000661d361f10b810ae0a49980f002f425443432f0000000000000000000000000000000000000000000000000000000000000000	1615	0	4185	4570	900927084320	5197448.5	902177084320	5204660	46023443	265.5092	46663.1	0.2692	11665.8	0.0673	16274.722681993	1250000000	7211.2505	1296023443	7476.7598	BTCC Pool
427695	00000000000000000086434a1ba46bbf63e6d5e05379eb5c6c9dc5e2682183ad	2016-08-31 17:31:02	2016-08-31 16:33:56	998076	998076	3992304	536870912	20000000	100000000000000000000000000000	affeb57309328dcaf198ec54b151cb50980219caa3d7d6fdb2d7ee9289d77035	2578264736	402979592	220755908330.37	00000000000000000000000000000000000000000024f2d3df2dfc082afdd4e0	03af860600045714c75704d202d20c08fd8db02041f519000a425720537570706f727420384d200a666973686572206a696e78696e092f425720506f6f6c2f	2532	0	4771	5230	1923268555630	11095337	1924518555630	11102548	77748304	448.53	77916.2	0.4495	19479.1	0.1124	11028.022703316	1250000000	7211.2505	1327748304	7659.7803	BW.COM
427696	000000000000000001b17a57d8d8f99b73d92af1da713c3902bfb1a8524e12a9	2016-08-31 17:36:20	2016-08-31 16:41:17	998047	998047	3992188	536870912	20000000	100000000000000000000000000000	79caf746f7af0920784c983350054d1d2ef20fbd6115f87980eaa959915e27f8	1214175106	402979592	220755908330.37	00000000000000000000000000000000000000000024f30745753939c77e2798	03b086061f4d696e656420627920416e74506f6f6c20757361312025aa35152057c71594b01800009c7a0a00	2321	0	4397	5247	2965267205369	17106628	2966517205369	17113838	56968091	328.6489	57091.7	0.3294	14272.9	0.0823	15951.386982979	1250000000	7211.2505	1306968091	7539.8994	AntPool
427697	000000000000000003b94020f5903e21cc0945b8865c2f80a2f716e122843338	2016-08-31 17:54:57	2016-08-31 16:50:50	998202	998202	3992808	536870912	20000000	100000000000000000000000000000	a691a133ca0bb50c6b4ed21d546033e5b035a3f0e6b01b4860d682e219fca306	1120069047	402979592	220755908330.37	00000000000000000000000000000000000000000024f33aabbc766b63fe7a50	03b18606fabe6d6dda242c3e9d9df9e6fb86402dd9fbafd1d2fa4ea14bbb430a1a56637aa5e9d4740100000000000000216510000d89160813a0020553172f736c7573682f	2808	0	4438	6024	2633098711610	15190347	2634348711610	15197558	71376805	411.7728	71522.4	0.4126	17880.6	0.1032	73255.642696387	1250000000	7211.2505	1321376805	7623.0229	SlushPool
427698	00000000000000000458cdb04380e9722feec14faa0b0ac202d3e747f8c1ac2c	2016-08-31 17:55:38	2016-08-31 17:03:02	580194	580194	2320776	536870912	20000000	100000000000000000000000000000	6fe0255dae6c05ee5b6a07075b97710cd13eea02ec55be38e2f2307519fa01b3	115691467	402979592	220755908330.37	00000000000000000000000000000000000000000024f36e1203b39d007ecd08	03b28606fabe6d6decc25c06144d1fce83fe819422baf293ab991e3ab1b7bb669aed7aff65f2c914010000000000000001650600b156770f770700806c232f736c7573682f	913	0	2703	2173	396559752942	2287753.25	397809752942	2294964.5	19650064	113.3612	33881.9	0.1955	8470.48	0.0489	3779.1421855015	1250000000	7211.2505	1269650064	7324.6113	SlushPool
427699	00000000000000000118d0c2c5d4458187b9c99b1a46354923bd371f267e8316	2016-08-31 18:09:10	2016-08-31 17:09:39	998224	998224	3992896	536870912	20000000	100000000000000000000000000000	9bb8ed38a97624a8514a56624d8473d764d8e538c2fdfb1c87a11ee322640e89	3608842874	402979592	220755908330.37	00000000000000000000000000000000000000000024f3a1784af0ce9cff1fc0	03b3860600043d1dc75704512cb21e0cddeea857971ba95700030b9c0a636b706f6f6c182f426974436c7562204e6574776f726b2f5345475749542f	2550	0	4559	5567	1738188114537	10027608	1739438114537	10034819	68096146	392.8467	68232.9	0.3936	17058.2	0.0984	8420.164464263	1250000000	7211.2505	1318096146	7604.0972	BitClub Network
427700	000000000000000000d2a58ecc65659f1887754c97e7582784a8d90a9e72f7b7	2016-08-31 18:18:59	2016-08-31 17:31:02	998944	998944	3995776	536870912	20000000	100000000000000000000000000000	3d229fc49c82f79a8a34b2c00fa511d4c0b4f247a10fc1aa637577ef14e74216	3958226341	402979592	220755908330.37	00000000000000000000000000000000000000000024f3d4de922e00397f7278	03b4860637e4b883e5bda9e7a59ee4bb99e9b1bc984484126554fa4a660034423f6aab497d504015ee54e8c8769d5e0468bb892d02000000f09f909f104d696e6564206279207778736a7967790000000000000000000000000000000000000000000000	1899	0	4814	4230	1512302978166	8724476	1513552978166	8731688	49549921	285.8535	49615.6	0.2862	12403.9	0.0716	14790.685393407	1250000000	7211.2505	1299549921	7497.104	F2Pool
427701	0000000000000000023d676fc16f52026eff61aa218bb399d88c596ea2f6a0a0	2016-08-31 18:25:41	2016-08-31 17:36:20	952371	952371	3809484	536870912	20000000	100000000000000000000000000000	05769b7f72bbbfc406c660b992be1d79b817e564fb0a37db54e37ea8a7e33277	3318350436	402979592	220755908330.37	00000000000000000000000000000000000000000024f40844d96b31d5ffc530	03b586061f4d696e656420627920416e74506f6f6c20626a313120000f16602057c72121d10f0000e4d8aa56	1226	0	4238	2743	967353178056	5580660.5	968603178056	5587872	32858160	189.5587	34509.1	0.1991	8627.28	0.0498	10654.796128583	1250000000	7211.2505	1282858160	7400.8091	AntPool
427702	000000000000000001e2697fc40e4f20be9561c6b2747e34c90ef295b0dce126	2016-08-31 18:26:38	2016-08-31 17:54:57	88330	88330	353320	536870912	20000000	100000000000000000000000000000	9dfa6b52f29686ace5e726cd61166b311c9540dc677ccf6e9232fd9a2de64746	1481265684	402979592	220755908330.37	00000000000000000000000000000000000000000024f43bab20a863728017e8	03b6860637e4b883e5bda9e7a59ee4bb99e9b1bc3dce9b45b0049bbcd70b38c7b47ade2a6aa7b961472b6fd091f089c90390e18f02000000f09f909f124d696e6564206279206b3537333733383437000000000000000000000000000000000000000000	209	0	414	438	54883309998	316621.8438	56133309998	323833.0938	5553428	32.0377	63061.3	0.3638	15765.3	0.0909	472.75574668494	1250000000	7211.2505	1255553428	7243.2881	F2Pool
427703	000000000000000002c0d2d31bc3fac9abaf08a7783902fee957d16042a3d5d7	2016-08-31 18:30:29	2016-08-31 17:55:38	468997	468997	1875988	536870912	20000000	100000000000000000000000000000	3a02474ee79659bb1cecd92f8ed986558f04d628ef5769b1ec2f64d68cfda1d3	3817090367	402979592	220755908330.37	00000000000000000000000000000000000000000024f46f1167e5950f006aa0	03b78606043122c757082800ac4300118498102f426974467572792f5345475749542f	717	0	2558	1612	344100306170	1985114.75	345350306170	1992326	18970059	109.4383	40465.7	0.2334	10116.4	0.0584	1463.2879386429	1250000000	7211.2505	1268970059	7320.6885	BitFury
427704	00000000000000000033cbebf7d1a3749476234e36b538a684245cd91a907dfa	2016-08-31 18:47:53	2016-08-31 18:09:10	998097	998097	3992388	536870912	20000000	100000000000000000000000000000	d52dedd49ee805e472eea728eb3bf4c0f7625ee9ba06c730afba80dc2930c61f	136795935	402979592	220755908330.37	00000000000000000000000000000000000000000024f4a277af22c6ab80bd58	03b88606f7d9951d09cf3d8ac6d9393d4e11ae561d53f3f2ae44e401d6ad7d34e4a418a782e79ef5da0100000000000000671b322a0fe8117d446c5723002f425443432f0000000000000000000000000000000000000000000000000000000000000000	2671	0	4501	5749	1444462942444	8333107	1445712942444	8340318.5	66482469	383.5374	66627.1	0.3844	16656.8	0.0961	69402.964554243	1250000000	7211.2505	1316482469	7594.7876	BTCC Pool
427705	000000000000000001d3d950cf25a8a88a906a00a5d306c64899e9caf7b89eb8	2016-08-31 18:52:11	2016-08-31 18:18:59	594377	594377	2377508	536870912	20000000	100000000000000000000000000000	3e85b4edf49004c5ee836dd580a345b7a59464aa1f952a8856f6262d9dba71e0	165356212	402979592	220755908330.37	00000000000000000000000000000000000000000024f4d5ddf65ff848011010	03b986061e4d696e656420627920416e74506f6f6c20626a3720326e6a542057c72758781a0000aa9155ad	1082	0	2918	2226	374229003467	2158927.25	375479003467	2166138.5	21810080	125.8224	36707	0.2118	9176.76	0.0529	12109.650026484	1250000000	7211.2505	1271810080	7337.0728	AntPool
427706	0000000000000000034a9b379481e41e935165dd32b39c69cb46591678b7eaa8	2016-08-31 18:53:48	2016-08-31 18:25:41	990880	990880	3963520	536870912	20000000	100000000000000000000000000000	7fd164d9882e2cf5103a60b0d5dd5871530dbd5511c55ffa5ca938967d5d463e	3516238243	402979592	220755908330.37	00000000000000000000000000000000000000000024f509443d9d29e48162c8	03ba86061f4d696e656420627920416e74506f6f6c20757361312025aa35152057c727bcc60c000059b50200	399	0	6358	771	143182354230	826019.0625	144432354230	833230.3125	10111060	58.3307	10206.3	0.0589	2551.58	0.0147	8051.0216793427	1250000000	7211.2505	1260111060	7269.5811	AntPool
427707	000000000000000003536b07a8663ea1f10c891ccdb06e3a57c825041551df6a	2016-08-31 18:55:51	2016-08-31 18:26:38	123489	123489	493956	536870912	20000000	100000000000000000000000000000	5a9d9f82baf0b9dd947f8e4b019bb7c8c51ac51ecc22aa935346a3faf32c369d	2771503229	402979592	220755908330.37	00000000000000000000000000000000000000000024f53caa84da5b8101b580	03bb8606fabe6d6dfdcf49d2567a2eae1f8443333a1992fe40ee568c85357d35fc072e16a2b4273d010000000000000001650800a049167a340200d46d232f736c7573682f	323	0	590	698	64942985215	374656.0938	66192985215	381867.3438	7351416	42.4103	59645.4	0.3441	14911.4	0.086	794.85021905802	1250000000	7211.2505	1257351416	7253.6606	SlushPool
427708	0000000000000000029c774f0f83bff2f2a2418040e775b5d3237d23382e2cf0	2016-08-31 19:10:16	2016-08-31 18:30:29	929690	929690	3718760	536870912	20000000	100000000000000000000000000000	ee1fe703c600fb6670dce5b3add5f9dbef13f3162cd3ed176fc004b7350764cc	475637818	402979592	220755908330.37	00000000000000000000000000000000000000000024f57010cc178d1d820838	03bc860637e4b883e5bda9e7a59ee4bb99e9b1bc4f5220a505438978c4f9957919cfaa68e8e5beb8182a10a8bbe3f7b8e810134002000000f09f909f184d696e6564206279206368656e7869616e616779616e6731000000000000000000000000000000	2314	0	4319	5073	1464754618536	8450170	1466004618536	8457381	53733332	309.9876	57813.7	0.3335	14453.4	0.0834	306023.76469604	1250000000	7211.2505	1303733332	7521.2378	F2Pool
427709	000000000000000004c808c6b5f09fc5c4744f8f0eb6f4848beb9e486bdb7add	2016-08-31 19:34:30	2016-08-31 18:47:53	998190	998190	3992760	536870912	20000000	100000000000000000000000000000	fdfab3592d7e1696b314732f982decb63e565aec47cc6cc3d9aaa512c68d6c25	3905730764	402979592	220755908330.37	00000000000000000000000000000000000000000024f5a3771354beba025af0	03bd8606042331c75708000008800002ed41102f426974467572792f5345475749542f	2867	0	4660	5672	2149200214759	12398737	2150450214759	12405948	73886646	426.2521	74035.7	0.4271	18508.9	0.1068	47749.197126991	1250000000	7211.2505	1323886646	7637.5024	BitFury
427710	000000000000000003e4051c9fa7f55c2f14d176f191ed41b750dc3e4ae54b2d	2016-08-31 19:39:13	2016-08-31 18:52:11	794060	794060	3176240	536870912	20000000	100000000000000000000000000000	76e023438e3c5137e8f40cee0781dbfa7b7bdfa369d24a6c77adcaee2818c2f8	823018588	402979592	220755908330.37	00000000000000000000000000000000000000000024f5d6dd5a91f05682ada8	03be8606192f5669614254432f5765204c6f766520426974636f696e212f2cfabe6d6d2b93fd7ffaecb8fc8c0351febbc1f43b9c9edbd46b8a02bf7a1c5f961acbd20e010000000000000012cc027cff80e7998e1d0cc6cf386372a70a00	1906	0	3591	4330	973148274687	5614092.5	974398274687	5621304	40567836	234.0359	51106	0.2948	12776.5	0.0737	53719.934884328	1250000000	7211.2505	1290567836	7445.2861	ViaBTC
427711	000000000000000003c149417482aa3b24b0441b1d3bb656fff43043bc722a5e	2016-08-31 19:45:27	2016-08-31 18:53:48	814021	814021	3256084	536870912	20000000	100000000000000000000000000000	4bd76ac53fd8139d53fd8f369c40aef0b3cc7b4dfdc1ec3ae52fee1bdc49e172	3625154243	402979592	220755908330.37	00000000000000000000000000000000000000000024f60a43a1cf21f3030060	03bf8606cf92333e09a734bfe05bb0216308bab87f1a9539dd0732bc9f4a3d7ceb4e5c8f04b70bd01d010000000000000011a8747e0d4010303ef5cb0b002f425443432f0000000000000000000000000000000000000000000000000000000000000000	1136	0	3403	2475	480513022297	2772079.75	481763022297	2779291	29212645	168.5278	35898.7	0.2071	8974.67	0.0518	22807.489373912	1250000000	7211.2505	1279212645	7379.7778	BTCC Pool
427712	000000000000000002333a366ff8f00d39253a45a1f1359b8cfc8f6f1adbd93f	2016-08-31 19:54:23	2016-08-31 18:55:51	997794	997794	3991176	536870912	20000000	100000000000000000000000000000	c726c2530fea475079fe10b0ec57b0560da91f75394a34f13549da120930366a	1383149517	402979592	220755908330.37	00000000000000000000000000000000000000000024f63da9e90c538f835318	03c086061f4d696e656420627920416e74506f6f6c207573613220109727f32057c735ef0d1f00005b8f1100	1314	0	5619	2851	481651479608	2778647.5	482901479608	2785858.75	32778677	189.1002	32858.1	0.1896	8214.53	0.0474	4729.6840614532	1250000000	7211.2505	1282778677	7400.3506	AntPool
427713	0000000000000000042ebf9754d60515ad2cfed54978bf982539c7705ae6854c	2016-08-31 20:15:06	2016-08-31 19:10:16	998028	998028	3992112	536870912	20000000	100000000000000000000000000000	bf848cf80dcf16f6d0fe69199967cc8c441aa52f5f00f2455e4ba8ed11abc6ba	344936673	402979592	220755908330.37	00000000000000000000000000000000000000000024f671103049852c03a5d0	03c1860604c63ac757081800b57500030768102f426974467572792f4249503130302f	2647	0	4867	5590	1622159753625	9358240	1623409753625	9365451	70191271	404.9335	70344.3	0.4058	17586.1	0.1015	415755.37714051	1250000000	7211.2505	1320191271	7616.1836	BitFury
427714	0000000000000000035e9e37238d19909df1d06f1c21ae92893e4dba1d471719	2016-08-31 20:33:32	2016-08-31 19:34:30	998149	998149	3992596	805306368	30000000	110000000000000000000000000000	1a7d4b5c70a6e15dc67dd5c4c87cecf27fae8e2a72887b6c4fffb48aaf18571a	819813037	402979592	220755908330.37	00000000000000000000000000000000000000000024f6a4767786b6c883f888	03c28606fabe6d6df3df385f016bd885dc84a50203f0f51df533e0431f15ec9403a5b0b8370d5424010000000000000002650800af2f0378430100db74232f4d47312e302f454231362e302f4144342f4256382e302f736c7573682f	2108	0	5236	4386	2260717818710	13042082	2261967818710	13049293	71226685	410.9068	71377.4	0.4118	17844.3	0.1029	13225.724867478	1250000000	7211.2505	1321226685	7622.1572	SlushPool
427715	0000000000000000004e519518bbd98587f18eec615507e8f39a3d2f3ce4aaca	2016-08-31 20:42:35	2016-08-31 19:39:13	998147	998147	3992588	536870912	20000000	100000000000000000000000000000	2b5306e4dc40fab81b4117f4dab613030ba9396f74e7edd6241abd42148deb2d	2906784072	402979592	220755908330.37	00000000000000000000000000000000000000000024f6d7dcbec3e865044b40	03c386066a26fb350996864b2e6c77203d921d0c17c77d486c7148afae1f5ab7d344cb4bf678510911010000000000000051c22d5e11400bb9d0146b11002f425443432f0000000000000000000000000000000000000000000000000000000000000000	1869	0	4960	4620	1368100794220	7892574	1369350794220	7899785	61825140	356.6693	61956.6	0.3574	15489.1	0.0894	751776.20898301	1250000000	7211.2505	1311825140	7567.9194	BTCC Pool
427716	000000000000000001aa3442fb1943acd921a98b35ad46813f46700bde21f936	2016-08-31 20:59:27	2016-08-31 19:45:27	933926	933926	3735704	805306368	30000000	110000000000000000000000000000	94280da56c6b772fba7cf902321d12a9f92fa78db4e84eb887299839d52ac04a	1890336380	402979592	220755908330.37	00000000000000000000000000000000000000000024f70b4306011a01849df8	03c48606194b6e434d696e657242332d5031f88741e0ccd217c457c744866b010000d02a5e03	2144	0	4364	4695	1043249489283	6018506.5	1044499489283	6025718	57500092	331.718	61581.7	0.3553	15395.4	0.0888	217393.94439034	1250000000	7211.2505	1307500092	7542.9683	KnCMiner
427717	000000000000000004420b9fc2170236f5115f7ca5f35077b40bdbb236b3e0fd	2016-08-31 21:06:19	2016-08-31 19:54:23	828206	828206	3312824	536870912	20000000	100000000000000000000000000000	33a270d4201297dbab27d7864dc0078da223b82d448512b614755e40ca367fb1	2535399355	402979592	220755908330.37	00000000000000000000000000000000000000000024f73ea94d3e4b9e04f0b0	03c586061f4d696e656420627920416e74506f6f6c20626a3135202acab9602057c746cb8503000078511100	1737	0	4027	3644	624046453429	3600124.25	625296453429	3607335.5	37734345	217.6895	45573.2	0.2629	11393.3	0.0657	69062.953495144	1250000000	7211.2505	1287734345	7428.9399	AntPool
427718	000000000000000001293039c4df6070eee0e079b0868ed9caa05f12a624dd62	2016-08-31 21:07:44	2016-08-31 20:15:06	71614	71614	286456	536870912	20000000	100000000000000000000000000000	ff5ccf399c8d51624c02131638c9868d33a65c8c4722da3a1d4d8b248ea38397	3577421024	402979592	220755908330.37	00000000000000000000000000000000000000000024f7720f947b7d3a854368	03c68606192f5669614254432f5765204c6f766520426974636f696e212f2cfabe6d6dcf0f7d955af7e292f766ebb4d864859cd214c8b59f9b58e280575a458a7d362f01000000000000001053036500256b798e15c7c56c91d20300	196	0	326	410	68391292570	394549.375	69641292570	401760.625	4414359	25.4664	61863.9	0.3569	15466	0.0892	137.26649442356	1250000000	7211.2505	1254414359	7236.7168	ViaBTC
427719	0000000000000000009b77b7b8052f85d1ea34c5e54800e3b61d0acfd2540cde	2016-08-31 21:11:06	2016-08-31 20:33:32	237117	237117	948468	536870912	20000000	100000000000000000000000000000	89d8e8de22d55af6d6ce5ced61ca782050e807739d97c3b92a3d9b7e6ca7ff49	2341889586	402979592	220755908330.37	00000000000000000000000000000000000000000024f7a575dbb8aed7059620	03c7860637e4b883e5bda9e7a59ee4bb99e9b1bc21211f386e95f5e967390fef7363658757c4298893116139f4a4292224625a5102000000f09f909f104d696e6564206279206c6b746f6461790000000000000000000000000000000000000000000000	533	0	1122	1376	117044731277	675231.0625	118294731277	682442.3125	13629658	78.6295	57545.8	0.332	14386.4	0.083	958.81764855027	1250000000	7211.2505	1263629658	7289.8799	F2Pool
427720	00000000000000000445b7fc023f9430ff88df688d6f8bbb046513be77114b44	2016-08-31 21:31:55	2016-08-31 20:42:35	999892	999892	3999568	536870912	20000000	100000000000000000000000000000	b859010cebfb310300e354cac6e6c5c2c7fe5a3d319085b453f5127bc37ff7a2	3989226135	402979592	220755908330.37	00000000000000000000000000000000000000000024f7d8dc22f5e07385e8d8	03c8860637e4b883e5bda9e7a59ee4bb99e9b1bc904bb16dc334b4118940a80694318d0c5ad779c0805988f1e97047deae579cce02000000f09f909f114d696e65642062792066656e6779696e6700000000000000000000000000000000000000000000	2669	0	4694	5749	1722540434525	9937336	1723790434525	9944547	68391586	394.5511	68417.3	0.3947	17104.3	0.0987	343779.44177964	1250000000	7211.2505	1318391586	7605.8013	F2Pool
427721	000000000000000000dd65e41979d1123a01696f9b01a6410247b123b41e2c2e	2016-08-31 21:34:34	2016-08-31 20:59:27	854929	854929	3419716	536870912	20000000	100000000000000000000000000000	6b89ab9372101ccce64745d7501e250c98d88920b4eb3a8cca8e2129a4e89492	3208672688	402979592	220755908330.37	00000000000000000000000000000000000000000024f80c426a331210063b90	03c98606044a4dc7570810000c5f000406a2102f426974467572792f5345475749542f	509	0	3302	993	268874893241	1551139.375	270124893241	1558350.625	14443304	83.3234	16898.2	0.0975	4224.54	0.0244	18615.384281448	1250000000	7211.2505	1264443304	7294.5737	BitFury
427722	000000000000000004a7e781d3db2a835aedd65905d153e360896a546eee25b1	2016-08-31 21:34:46	2016-08-31 21:06:19	32505	32505	130020	536870912	20000000	100000000000000000000000000000	49e370b4f66d8d0093b8573471782ca916f4a55531d1574edbe76442d8150715	1392893838	402979592	220755908330.37	00000000000000000000000000000000000000000024f83fa8b17043ac868e48	03ca86060004754dc75704a578c3090852284af53d7155b10a425720537570706f727420384d200a666973686572206a696e78696e092f425720506f6f6c2f	94	0	137	215	19475587148	112354.6641	20725587148	119565.9141	2429915	14.0182	75285.5	0.4343	18821.4	0.1086	48.299785012597	1250000000	7211.2505	1252429915	7225.2686	BW.COM
427723	00000000000000000071e642014505e71b9ef5f84a671025ef7f4e5f6aaac8c2	2016-08-31 21:40:02	2016-08-31 21:07:44	547042	547042	2188168	536870912	20000000	100000000000000000000000000000	3a3e548b550d54e973a9ffb386e882c4a33c1f7cd230933628848bc7f4c81260	4140973868	402979592	220755908330.37	00000000000000000000000000000000000000000024f8730ef8ad754906e100	03cb860637e4b883e5bda9e7a59ee4bb99e9b1bcdc723b24d00be0010badadeb46923e5d5fd2cdafb504b95f20b2f2c421edd47102000000f09f909f114d696e6564206279206a696e6766616e6700000000000000000000000000000000000000000000	725	0	3116	1654	223004253949	1286511.625	224254253949	1293722.875	57114191	329.4918	104457	0.6026	26114.2	0.1507	31201.69804415	1250000000	7211.2505	1307114191	7540.7422	F2Pool
427724	000000000000000000b3b4313152c28b91a3f1aa40235f2c475575307435b589	2016-08-31 21:43:57	2016-08-31 21:11:06	264168	264168	1056672	536870912	20000000	100000000000000000000000000000	e1636d41679084d598b2a415cc33f9f01c842f81468ddc8bfde43213e7fc6155	2479037355	402979592	220755908330.37	00000000000000000000000000000000000000000024f8a6753feaa6e58733b8	03cc860637e4b883e5bda9e7a59ee4bb99e9b1bc9db1723791710a002ab117cd904744314fdf3925a92e5b81405f3cf8258a9db102000000f09f909f0d4d696e6564206279206c6970630000000000000000000000000000000000000000000000000000	515	0	1225	1088	468112748980	2700542.5	469362748980	2707753.75	13668659	78.8545	51794.8	0.2988	12948.7	0.0747	603.45192167002	1250000000	7211.2505	1263668659	7290.105	F2Pool
427725	00000000000000000005d7e27aa7d40ef371c4aa568cbfc717c72facc93fee54	2016-08-31 21:45:08	2016-08-31 21:31:55	73315	73315	293260	536870912	20000000	100000000000000000000000000000	cf04aae894eca3db636ace6fa382f7739b937443203d539f7220240fc9a3f1e9	2164000187	402979592	220755908330.37	00000000000000000000000000000000000000000024f8d9db8727d882078670	03cd8606570f0a57092b5cd7a4dca27533fb937c09ff14e50a7cf91f9cdf3ce8fddc9c8d1ae510fd9f0100000000000000b1f1c49e0cf81112ad7c1d02002f425443432f0000000000000000000000000000000000000000000000000000000000000000	154	0	354	355	112662127070	649947.8125	113912127070	657159.0625	4165729	24.0321	57026.5	0.329	14256.6	0.0822	2095.4317245787	1250000000	7211.2505	1254165729	7235.2822	BTCC Pool
427726	000000000000000001bb85b355f193a57b1e189eac83b9d97331fe29bbe6742e	2016-08-31 21:51:53	2016-08-31 21:34:34	397505	397505	1590020	536870912	20000000	100000000000000000000000000000	27ef236c512ffba76fbf6226f19aaaeb9cfc2205970997cff8e079299ad2b6a8	682032269	402979592	220755908330.37	00000000000000000000000000000000000000000024f90d41ce650a1e87d928	03ce86061f4d696e656420627920416e74506f6f6c20757361332018cfa8a42057c75179271100004bf20700	882	0	1879	1850	376537344158	2172244	377787344158	2179455.25	26302810	151.7409	66205.1	0.3819	16551.3	0.0955	46036.607926185	1250000000	7211.2505	1276302810	7362.9912	AntPool
427727	00000000000000000027284a4b8ee4d7c37bfb46f330598bfe3347690533e04e	2016-08-31 21:52:44	2016-08-31 21:34:46	40804	40804	163216	536870912	20000000	100000000000000000000000000000	e12139c5b457f6ee297b1c22b5f8ba3afad6a49bc7513ba6d2bb9503fbf82f99	1668980828	402979592	220755908330.37	00000000000000000000000000000000000000000024f940a815a23bbb082be0	03cf8606fabe6d6dc5ec73a58499da0dc3728cec756d0e8fb4f0a431b75cadbc297c4a046afa60800100000000000000236806009ced44255001006879232f736c7573682f	96	0	175	257	23612483585	136220.4219	24862483585	143431.6719	2227164	12.8485	54898.2	0.3167	13724.5	0.0792	320.74337889	1250000000	7211.2505	1252227164	7224.0986	SlushPool
427728	000000000000000002ee7907f8c88271cacf1ddbb98b335c1ddc50534a04fd7c	2016-08-31 21:54:40	2016-08-31 21:40:02	137521	137521	550084	536870912	20000000	100000000000000000000000000000	196a6dc0ddc111686e0b031aa8b007800f1ae775e9cf5282594b4587b4f8460f	252363155	402979592	220755908330.37	00000000000000000000000000000000000000000024f9740e5cdf6d57887e98	03d08606072d5cf00904c8954fd35b416b4e69306b2f1178678b9c27a253fb80f720532c771ee124cf01000000000000006f51c99a0ec00e5e8eda4f04002f425443432f0000000000000000000000000000000000000000000000000000000000000000	275	0	700	591	125501230973	724016.625	126751230973	731227.875	6594444	38.0434	48045.9	0.2772	12011.5	0.0693	406.41536277936	1250000000	7211.2505	1256594444	7249.2935	BTCC Pool
427729	0000000000000000044a03cc08585f590baeb817dbc51de59d9a8dbd2fe13a7b	2016-08-31 22:18:15	2016-08-31 21:43:57	998119	998119	3992476	536870912	20000000	100000000000000000000000000000	762ab8256f7328f552e7882718379e71d521b9ce7406ae08774f63fe3b9105d8	3555857059	402979592	220755908330.37	00000000000000000000000000000000000000000024f9a774a41c9ef408d150	03d186060004a757c75704e5ecc21c0870309d44cb562f000a425720537570706f727420384d200a666973686572206a696e78696e092f425720506f6f6c2f	2569	0	4582	5648	1436230082524	8285611.5	1437480082524	8292823	65666592	378.8306	65805.6	0.3796	16451.4	0.0949	16006.160101752	1250000000	7211.2505	1315666592	7590.0811	BW.COM
427730	000000000000000004cad72045fdf5f1bb5fc6e282091213b5e3b1e28ef8416f	2016-08-31 22:52:46	2016-08-31 21:45:08	998210	998210	3992840	536870912	20000000	100000000000000000000000000000	aa55c623c0ee3095645b7fd75746607804706f222cefd096bf134e3e2e427b6a	1386169156	402979592	220755908330.37	00000000000000000000000000000000000000000024f9dadaeb59d090892408	03d286060004be5fc75704886e1f1608e8a25688f0b716000a425720537570706f727420384d200a666973686572206a696e78696e092f425720506f6f6c2f	2819	0	4837	5766	1483098361376	8555995	1484348361376	8563206	89429741	515.9202	89610.8	0.517	22402.7	0.1292	25147.995419324	1250000000	7211.2505	1339429741	7727.1704	BW.COM
427731	000000000000000000505e6e6a4b1c4b9ee03294fd9482d63bb963967e939b16	2016-08-31 23:02:10	2016-08-31 21:51:53	999891	999891	3999564	536870912	20000000	100000000000000000000000000000	bc9d35f4f5c9d800ec28b87d3b66af352cab3e66c4d8e0fc2dd3376462142182	360211730	402979592	220755908330.37	00000000000000000000000000000000000000000024fa0e413297022d0976c0	03d3860637e4b883e5bda9e7a59ee4bb99e9b1bcc8a1b6f60d24b47ea7ad147d2c4ad33d9f3e8926c59329636e0772694c12c69002000000f09f909f0c4d696e656420627920776774000000000000000000000000000000000000000000000000000000	2008	0	4590	4728	966299628433	5574583	967549628433	5581794	62636961	361.3526	62660.6	0.3615	15665.1	0.0904	14677.680111184	1250000000	7211.2505	1312636961	7572.603	F2Pool
427732	00000000000000000210d4008edd74b345ecd1b1d5cffa8b11bb534bb35e28b6	2016-08-31 23:03:07	2016-08-31 21:52:44	705131	705131	2820524	536870912	20000000	100000000000000000000000000000	ac104629cd3224dd1133db74da287903535df77eebcdf20617f31c6a43b355e9	2900535097	402979592	220755908330.37	00000000000000000000000000000000000000000024fa41a779d433c989c978	03d48606192f5669614254432f5765204c6f766520426974636f696e212f2cfabe6d6d28e319ea08db5ae2d6e75732af2e052148c6e2ebee442b42399327ef2568f0ad0100000000000000120c04d34c9610001d098c08d09c2c59c60100	674	0	3179	1578	215105524034	1240943.875	216355524034	1248155.125	18704029	107.9035	26535.5	0.1531	6633.87	0.0383	491089.02211271	1250000000	7211.2505	1268704029	7319.1538	ViaBTC
427733	000000000000000002067fe590058fae9b01f1bfc039de21be7c625e95308b66	2016-08-31 23:04:18	2016-08-31 21:54:40	78368	78368	313472	805306368	30000000	110000000000000000000000000000	a91283b8c51de2941b40c0d8f1e9fb5a5cab63a5a3582845b7adc76a866617bf	145363738	402979592	220755908330.37	00000000000000000000000000000000000000000024fa750dc11165660a1c30	03d586061b4b6e434d696e657242322d503258442c8da05c7e3257c762360aa2e70000006a0c5603	74	0	477	170	26442104853	152544.5156	27692104853	159755.7656	1599490	9.2275	20463.8	0.1181	5115.95	0.0295	42.820361751068	1250000000	7211.2505	1251599490	7220.4775	KnCMiner
427734	000000000000000002525bee914335ac3929edced47a192107c96530e719e47b	2016-08-31 23:23:33	2016-08-31 22:18:15	968008	968008	3872032	536870912	20000000	100000000000000000000000000000	31fb986f6caa8d997cdbe95ffe1ca8ebbbbb0d92a033e71ecbe58572f7a850f7	3436442981	402979592	220755908330.37	00000000000000000000000000000000000000000024faa874084e97028a6ee8	03d68606fabe6d6d2e6380d124671182b6cc9febe495df115c951a58c5cebbc4ed629f52c1704d83010000000000000002650700b4ab2523450f00fe7f232f736c7573682f	2523	0	4433	5356	1874469115110	10813813	1875719115110	10821024	58894530	339.7625	60855.9	0.3511	15214	0.0878	317452.90839046	1250000000	7211.2505	1308894530	7551.0127	SlushPool
427735	0000000000000000007d724480a9478c3c148db16474259d2dbb9538459e5386	2016-08-31 23:46:03	2016-08-31 22:52:46	927283	927283	3709132	536870912	20000000	100000000000000000000000000000	439e5ee1cf49b9128f2d3730b7bb998f8b897af022f5dc97ce45a0260c56ad25	2127290180	402979592	220755908330.37	00000000000000000000000000000000000000000024fadbda4f8bc89f0ac1a0	03d7860600043b6cc7570485993116081e37b020253017000a425720537570706f727420384d200a666973686572206a696e78696e092f425720506f6f6c2f	2465	0	4192	5321	1872651750624	10803328	1873901750624	10810540	59378017	342.5518	64050.4	0.3695	16012.6	0.0924	21875.185434014	1250000000	7211.2505	1309378017	7553.8022	BW.COM
427736	000000000000000003cf2e44c26ff5e68acb85f703834ff218002dc86a6a7dd7	2016-08-31 23:51:12	2016-08-31 23:02:10	949859	949859	3799436	536870912	20000000	100000000000000000000000000000	e94b07d62051ac9f84a4aa1b4404231e498d775fe5a655d1c272cde811308c4a	2550278263	402979592	220755908330.37	00000000000000000000000000000000000000000024fb0f4096c8fa3b8b1458	03d886061f4d696e656420627920416e74506f6f6c20757361332018cfa8a42057c76d70bb20000015760000	823	0	3860	1930	333159939141	1921999.75	334409939141	1929211	24152766	139.3373	25433.4	0.1467	6358.35	0.0367	6893.9073649107	1250000000	7211.2505	1274152766	7350.5874	AntPool